feature,kruskal_H,p_value,number_of_groups,group_sample_sizes,group_means,group_medians,fdr_q_value,significant_fdr
eb_thickness_r,20.197683363031565,0.00255367388640743,7,African:143|East Asian:143|South Asian:143|Latino/Hispanic:143|SE Asian:143|European:143|Middle Eastern:142,African:0.0159406|East Asian:0.0153051|South Asian:0.0150181|Latino/Hispanic:0.0149644|SE Asian:0.0148762|European:0.0148496|Middle Eastern:0.0148365,African:0.0159172|East Asian:0.0147624|South Asian:0.0149301|Latino/Hispanic:0.01472|SE Asian:0.0147587|European:0.0144064|Middle Eastern:0.0144294,0.00404062323798644,True
eb_thickness_l,16.70367674208852,0.010436246001569624,7,African:143|East Asian:143|South Asian:143|Latino/Hispanic:143|SE Asian:143|European:143|Middle Eastern:142,African:0.0162372|East Asian:0.0153774|South Asian:0.0151789|Latino/Hispanic:0.015411|SE Asian:0.0153102|European:0.0151158|Middle Eastern:0.0151588,African:0.0160777|East Asian:0.0152567|South Asian:0.0148142|Latino/Hispanic:0.0151701|SE Asian:0.0150107|European:0.0150668|Middle Eastern:0.0151352,0.014994606324094288,True
eb_thickness_mean,39.894338556052276,4.778194062906068e-07,7,African:143|East Asian:143|South Asian:143|Latino/Hispanic:143|SE Asian:143|European:143|Middle Eastern:142,African:0.0160889|East Asian:0.0153412|South Asian:0.0150985|Latino/Hispanic:0.0151877|SE Asian:0.0150932|European:0.0149827|Middle Eastern:0.0149976,African:0.0161602|East Asian:0.0153345|South Asian:0.0153101|Latino/Hispanic:0.0149877|SE Asian:0.0150799|European:0.015066|Middle Eastern:0.0149784,1.270796293326082e-06,True
eb_inter_distance,71.98744005971717,1.598340300235471e-13,7,African:143|East Asian:143|South Asian:143|Latino/Hispanic:143|SE Asian:143|European:143|Middle Eastern:142,African:0.202217|East Asian:0.192148|South Asian:0.195577|Latino/Hispanic:0.192553|SE Asian:0.191875|European:0.195113|Middle Eastern:0.196139,African:0.201954|East Asian:0.192543|South Asian:0.19579|Latino/Hispanic:0.191194|SE Asian:0.192547|European:0.194636|Middle Eastern:0.195462,6.65975125098113e-13,True
eb_arch_r,28.664245154725315,7.04135729434606e-05,7,African:143|East Asian:143|South Asian:143|Latino/Hispanic:143|SE Asian:143|European:143|Middle Eastern:142,African:0.139298|East Asian:0.136466|South Asian:0.126732|Latino/Hispanic:0.133664|SE Asian:0.133694|European:0.129534|Middle Eastern:0.129226,African:0.133511|East Asian:0.13477|South Asian:0.126413|Latino/Hispanic:0.131925|SE Asian:0.133397|European:0.130888|Middle Eastern:0.129391,0.0001313686062377996,True
eb_arch_l,36.75711916535085,1.963635743744267e-06,7,African:143|East Asian:143|South Asian:143|Latino/Hispanic:143|SE Asian:143|European:143|Middle Eastern:142,African:0.135258|East Asian:0.136262|South Asian:0.125643|Latino/Hispanic:0.131213|SE Asian:0.132976|European:0.128483|Middle Eastern:0.125216,African:0.135875|East Asian:0.13447|South Asian:0.125283|Latino/Hispanic:0.130349|SE Asian:0.131822|European:0.128713|Middle Eastern:0.123359,5.009274856490477e-06,True
eb_arch_mean,44.11329031344957,7.019386098654529e-08,7,African:143|East Asian:143|South Asian:143|Latino/Hispanic:143|SE Asian:143|European:143|Middle Eastern:142,African:0.137278|East Asian:0.136364|South Asian:0.126187|Latino/Hispanic:0.132439|SE Asian:0.133335|European:0.129009|Middle Eastern:0.127221,African:0.137733|East Asian:0.135529|South Asian:0.127133|Latino/Hispanic:0.131194|SE Asian:0.133886|European:0.129283|Middle Eastern:0.12571,2.040519214725154e-07,True
eb_position_r,77.8425999622096,9.961986846311671e-15,7,African:143|East Asian:143|South Asian:143|Latino/Hispanic:143|SE Asian:143|European:143|Middle Eastern:142,African:0.368037|East Asian:0.385137|South Asian:0.322963|Latino/Hispanic:0.34665|SE Asian:0.365664|European:0.362936|Middle Eastern:0.330027,African:0.365914|East Asian:0.376938|South Asian:0.309178|Latino/Hispanic:0.34304|SE Asian:0.362367|European:0.346091|Middle Eastern:0.330358,4.612030947366514e-14,True
eb_position_l,82.12231887152622,1.3011966449427002e-15,7,African:143|East Asian:143|South Asian:143|Latino/Hispanic:143|SE Asian:143|European:143|Middle Eastern:142,African:0.371647|East Asian:0.389459|South Asian:0.323263|Latino/Hispanic:0.351174|SE Asian:0.371364|European:0.364882|Middle Eastern:0.334169,African:0.368844|East Asian:0.378389|South Asian:0.311214|Latino/Hispanic:0.344008|SE Asian:0.3694|European:0.350749|Middle Eastern:0.336453,7.393162755356251e-15,True
eb_position_mean,81.96176954560283,1.4045830130564312e-15,7,African:143|East Asian:143|South Asian:143|Latino/Hispanic:143|SE Asian:143|European:143|Middle Eastern:142,African:0.369842|East Asian:0.387298|South Asian:0.323113|Latino/Hispanic:0.348912|SE Asian:0.368514|European:0.363909|Middle Eastern:0.332098,African:0.367274|East Asian:0.374223|South Asian:0.308092|Latino/Hispanic:0.343208|SE Asian:0.366909|European:0.351279|Middle Eastern:0.332079,7.63360333182843e-15,True
eb_position_asym,13.992060243636292,0.02972498121574662,7,African:143|East Asian:143|South Asian:143|Latino/Hispanic:143|SE Asian:143|European:143|Middle Eastern:142,African:0.0484409|East Asian:0.0502525|South Asian:0.0455996|Latino/Hispanic:0.0501477|SE Asian:0.0475185|European:0.0599342|Middle Eastern:0.0490661,African:0.0397116|East Asian:0.0402255|South Asian:0.0358135|Latino/Hispanic:0.0399157|SE Asian:0.0387907|European:0.0515964|Middle Eastern:0.0368817,0.04060555857388218,True
eb_medial_flare_r,23.173911569695843,0.0007402749557627752,7,African:143|East Asian:143|South Asian:143|Latino/Hispanic:143|SE Asian:143|European:143|Middle Eastern:142,African:-0.099973|East Asian:-0.0791965|South Asian:-0.091682|Latino/Hispanic:-0.0888702|SE Asian:-0.0925531|European:-0.0758571|Middle Eastern:-0.0729514,African:-0.0952766|East Asian:-0.0795059|South Asian:-0.0937346|Latino/Hispanic:-0.0931403|SE Asian:-0.0883669|European:-0.0796897|Middle Eastern:-0.0715018,0.0012175574930308802,True
eb_medial_flare_l,27.628873802138894,0.00011035218715359544,7,African:143|East Asian:143|South Asian:143|Latino/Hispanic:143|SE Asian:143|European:143|Middle Eastern:142,African:-0.0984246|East Asian:-0.0863565|South Asian:-0.0928386|Latino/Hispanic:-0.0916322|SE Asian:-0.0950875|European:-0.0758063|Middle Eastern:-0.0744562,African:-0.102123|East Asian:-0.0814621|South Asian:-0.0954167|Latino/Hispanic:-0.0895066|SE Asian:-0.0909797|European:-0.0741392|Middle Eastern:-0.0739272,0.00019732298192596262,True
eb_medial_flare_mean,27.625762809774198,0.00011050086987853908,7,African:143|East Asian:143|South Asian:143|Latino/Hispanic:143|SE Asian:143|European:143|Middle Eastern:142,African:-0.0991988|East Asian:-0.0827765|South Asian:-0.0922603|Latino/Hispanic:-0.0902512|SE Asian:-0.0938203|European:-0.0758317|Middle Eastern:-0.0737038,African:-0.099054|East Asian:-0.0829243|South Asian:-0.0973606|Latino/Hispanic:-0.0913595|SE Asian:-0.0881792|European:-0.0774876|Middle Eastern:-0.0726394,0.00019732298192596262,True
eb_lateral_thickness_mean,63.261730158164376,9.761683024522672e-12,7,African:143|East Asian:143|South Asian:143|Latino/Hispanic:143|SE Asian:143|European:143|Middle Eastern:142,African:0.000949895|East Asian:0.000979183|South Asian:0.000910745|Latino/Hispanic:0.000946209|SE Asian:0.000942355|European:0.000930894|Middle Eastern:0.000910906,African:0.000936073|East Asian:0.000976704|South Asian:0.000917554|Latino/Hispanic:0.000934579|SE Asian:0.000935051|European:0.000931239|Middle Eastern:0.000912234,3.6976072062585873e-11,True
eye_fissure_length_r,192.09418138449928,9.125562942852874e-39,7,African:143|East Asian:143|South Asian:143|Latino/Hispanic:143|SE Asian:143|European:143|Middle Eastern:142,African:0.206011|East Asian:0.187051|South Asian:0.208026|Latino/Hispanic:0.196724|SE Asian:0.191427|European:0.194547|Middle Eastern:0.199897,African:0.204847|East Asian:0.186945|South Asian:0.208471|Latino/Hispanic:0.197738|SE Asian:0.190385|European:0.192758|Middle Eastern:0.20025,1.6295648112237275e-37,True
eye_fissure_height_r,81.203034598878,2.0156925504099613e-15,7,African:143|East Asian:143|South Asian:143|Latino/Hispanic:143|SE Asian:143|European:143|Middle Eastern:142,African:0.0713444|East Asian:0.0593406|South Asian:0.0750305|Latino/Hispanic:0.0670476|SE Asian:0.0608929|European:0.0604961|Middle Eastern:0.0719241,African:0.0748302|East Asian:0.060246|South Asian:0.0767065|Latino/Hispanic:0.0704222|SE Asian:0.0654723|European:0.06472|Middle Eastern:0.0753503,1.0498398700051881e-14,True
eye_fissure_length_l,192.74666132859295,6.629643059122447e-39,7,African:143|East Asian:143|South Asian:143|Latino/Hispanic:143|SE Asian:143|European:143|Middle Eastern:142,African:0.208|East Asian:0.186956|South Asian:0.207681|Latino/Hispanic:0.198184|SE Asian:0.193149|European:0.196525|Middle Eastern:0.202465,African:0.206145|East Asian:0.186487|South Asian:0.206911|Latino/Hispanic:0.196346|SE Asian:0.192274|European:0.194903|Middle Eastern:0.200275,1.3811756373171764e-37,True
eye_fissure_height_l,73.32432874173561,8.490063574698069e-14,7,African:143|East Asian:143|South Asian:143|Latino/Hispanic:143|SE Asian:143|European:143|Middle Eastern:142,African:0.0699826|East Asian:0.0588747|South Asian:0.0740936|Latino/Hispanic:0.0665258|SE Asian:0.0604181|European:0.0599753|Middle Eastern:0.0703278,African:0.0732014|East Asian:0.060705|South Asian:0.0760977|Latino/Hispanic:0.0684032|SE Asian:0.0637991|European:0.063904|Middle Eastern:0.0729099,3.7902069529902094e-13,True
eye_fissure_length_mean,297.9343719318228,2.2664959600792158e-61,7,African:143|East Asian:143|South Asian:143|Latino/Hispanic:143|SE Asian:143|European:143|Middle Eastern:142,African:0.207006|East Asian:0.187004|South Asian:0.207854|Latino/Hispanic:0.197454|SE Asian:0.192288|European:0.195536|Middle Eastern:0.201181,African:0.207146|East Asian:0.185647|South Asian:0.208165|Latino/Hispanic:0.197986|SE Asian:0.192152|European:0.194603|Middle Eastern:0.201279,2.83311995009902e-59,True
eye_fissure_height_mean,78.41298441975802,7.597447766172391e-15,7,African:143|East Asian:143|South Asian:143|Latino/Hispanic:143|SE Asian:143|European:143|Middle Eastern:142,African:0.0706635|East Asian:0.0591076|South Asian:0.074562|Latino/Hispanic:0.0667867|SE Asian:0.0606555|European:0.0602357|Middle Eastern:0.0711259,African:0.0741153|East Asian:0.0608681|South Asian:0.0760803|Latino/Hispanic:0.069149|SE Asian:0.0637839|European:0.063676|Middle Eastern:0.0749138,3.798723883086195e-14,True
eye_fissure_height_asym,30.226201837536976,3.5600938175417776e-05,7,African:143|East Asian:143|South Asian:143|Latino/Hispanic:143|SE Asian:143|European:143|Middle Eastern:142,African:0.0582944|East Asian:0.0710502|South Asian:0.0490461|Latino/Hispanic:0.0556706|SE Asian:0.0704839|European:0.110476|Middle Eastern:0.0642593,African:0.0411688|East Asian:0.0419811|South Asian:0.0257986|Latino/Hispanic:0.033437|SE Asian:0.0364537|European:0.05508|Middle Eastern:0.0403908,7.416862119878704e-05,True
eye_fissure_slant_r,41.126379931766806,2.7343185657591135e-07,7,African:143|East Asian:143|South Asian:143|Latino/Hispanic:143|SE Asian:143|European:143|Middle Eastern:142,African:4.51936|East Asian:5.21146|South Asian:4.72414|Latino/Hispanic:4.74429|SE Asian:5.08617|European:3.27965|Middle Eastern:3.93945,African:4.48567|East Asian:5.2346|South Asian:4.92405|Latino/Hispanic:4.78817|SE Asian:5.31845|European:3.51389|Middle Eastern:4.27046,7.430213493910634e-07,True
eye_fissure_slant_l,48.97343789166741,7.547776236569505e-09,7,African:143|East Asian:143|South Asian:143|Latino/Hispanic:143|SE Asian:143|European:143|Middle Eastern:142,African:4.80877|East Asian:5.61162|South Asian:4.98794|Latino/Hispanic:5.12147|SE Asian:5.19865|European:3.5707|Middle Eastern:4.11691,African:4.72764|East Asian:5.31211|South Asian:5.42544|Latino/Hispanic:5.33199|SE Asian:5.76549|European:3.6292|Middle Eastern:4.27219,2.513368790578935e-08,True
eye_fissure_slant_mean,47.76371488207994,1.3172785338346716e-08,7,African:143|East Asian:143|South Asian:143|Latino/Hispanic:143|SE Asian:143|European:143|Middle Eastern:142,African:4.66407|East Asian:5.41154|South Asian:4.85604|Latino/Hispanic:4.93288|SE Asian:5.14241|European:3.42518|Middle Eastern:4.02818,African:4.66269|East Asian:5.25506|South Asian:5.36703|Latino/Hispanic:5.16323|SE Asian:5.52515|European:3.59241|Middle Eastern:4.02719,4.2220465828034345e-08,True
eye_fissure_aspect_r,32.75807642089412,1.1671619082799982e-05,7,African:143|East Asian:143|South Asian:143|Latino/Hispanic:143|SE Asian:143|European:143|Middle Eastern:142,African:0.344993|East Asian:0.318412|South Asian:0.360005|Latino/Hispanic:0.339665|SE Asian:0.318057|European:0.310435|Middle Eastern:0.359479,African:0.35188|East Asian:0.321536|South Asian:0.369461|Latino/Hispanic:0.35245|SE Asian:0.348689|European:0.32963|Middle Eastern:0.365708,2.7527403497169768e-05,True
eye_fissure_aspect_l,32.59974298467626,1.2518727867839046e-05,7,African:143|East Asian:143|South Asian:143|Latino/Hispanic:143|SE Asian:143|European:143|Middle Eastern:142,African:0.335269|East Asian:0.314302|South Asian:0.355747|Latino/Hispanic:0.3354|SE Asian:0.31202|European:0.303278|Middle Eastern:0.34543,African:0.353039|East Asian:0.325639|South Asian:0.370183|Latino/Hispanic:0.345266|SE Asian:0.342086|European:0.323682|Middle Eastern:0.356168,2.89785367311089e-05,True
eye_fissure_aspect_mean,33.705140481925476,7.669265200214354e-06,7,African:143|East Asian:143|South Asian:143|Latino/Hispanic:143|SE Asian:143|European:143|Middle Eastern:142,African:0.340131|East Asian:0.316357|South Asian:0.357876|Latino/Hispanic:0.337532|SE Asian:0.315038|European:0.306856|Middle Eastern:0.352455,African:0.354546|East Asian:0.327538|South Asian:0.367844|Latino/Hispanic:0.347603|SE Asian:0.350773|European:0.324828|Middle Eastern:0.362201,1.843573365436143e-05,True
inter_canthal_distance,43.88598556524301,7.787063821262034e-08,7,African:143|East Asian:143|South Asian:143|Latino/Hispanic:143|SE Asian:143|European:143|Middle Eastern:142,African:0.256676|East Asian:0.253732|South Asian:0.249208|Latino/Hispanic:0.248479|SE Asian:0.255775|European:0.251951|Middle Eastern:0.247815,African:0.257184|East Asian:0.252444|South Asian:0.247488|Latino/Hispanic:0.24784|SE Asian:0.253574|European:0.252222|Middle Eastern:0.248762,2.2122340401312597e-07,True
inter_pupillary_distance,255.71244620159047,2.4657826091551825e-52,7,African:143|East Asian:143|South Asian:143|Latino/Hispanic:143|SE Asian:143|European:143|Middle Eastern:142,African:0.474853|East Asian:0.434373|South Asian:0.467122|Latino/Hispanic:0.452516|SE Asian:0.448215|European:0.455152|Middle Eastern:0.454948,African:0.476916|East Asian:0.432814|South Asian:0.467056|Latino/Hispanic:0.450451|SE Asian:0.447254|European:0.454069|Middle Eastern:0.454616,1.027409420481326e-50,True
outer_canthal_distance,220.30671163512898,8.950673539501404e-45,7,African:143|East Asian:143|South Asian:143|Latino/Hispanic:143|SE Asian:143|European:143|Middle Eastern:142,African:0.668845|East Asian:0.625613|South Asian:0.662958|Latino/Hispanic:0.641442|SE Asian:0.638337|European:0.641814|Middle Eastern:0.648712,African:0.667019|East Asian:0.624118|South Asian:0.662698|Latino/Hispanic:0.640852|SE Asian:0.637534|European:0.638105|Middle Eastern:0.647384,2.7970854810941886e-43,True
canthal_to_pupillary_ratio,295.88421082168315,6.23138432120789e-61,7,African:143|East Asian:143|South Asian:143|Latino/Hispanic:143|SE Asian:143|European:143|Middle Eastern:142,African:0.54046|East Asian:0.584363|South Asian:0.533613|Latino/Hispanic:0.549192|SE Asian:0.5709|European:0.553613|Middle Eastern:0.544957,African:0.538094|East Asian:0.58417|South Asian:0.530337|Latino/Hispanic:0.548549|SE Asian:0.568776|European:0.550974|Middle Eastern:0.547626,3.8946152007549307e-59,True
eye_epicanthus_angle_r,18.61229174130412,0.004871070428673529,7,African:143|East Asian:143|South Asian:143|Latino/Hispanic:143|SE Asian:143|European:143|Middle Eastern:142,African:63.7079|East Asian:63.8945|South Asian:65.0289|Latino/Hispanic:62.5423|SE Asian:61.3979|European:58.0062|Middle Eastern:65.5992,African:65.2787|East Asian:65.131|South Asian:66.1113|Latino/Hispanic:64.3335|SE Asian:65.2395|European:60.3275|Middle Eastern:68.9499,0.007611047544802389,True
eye_epicanthus_angle_l,17.270824905168453,0.008337799657333602,7,African:143|East Asian:143|South Asian:143|Latino/Hispanic:143|SE Asian:143|European:143|Middle Eastern:142,African:59.7671|East Asian:59.7797|South Asian:62.1357|Latino/Hispanic:59.8667|SE Asian:58.0715|European:55.0796|Middle Eastern:61.2511,African:62.0113|East Asian:61.4961|South Asian:63.0949|Latino/Hispanic:61.6137|SE Asian:60.8469|European:58.7624|Middle Eastern:62.1241,0.01240743996627024,True
eye_epicanthus_angle_mean,18.281060205983533,0.005566888721493817,7,African:143|East Asian:143|South Asian:143|Latino/Hispanic:143|SE Asian:143|European:143|Middle Eastern:142,African:61.7375|East Asian:61.8371|South Asian:63.5823|Latino/Hispanic:61.2045|SE Asian:59.7347|European:56.5429|Middle Eastern:63.4252,African:63.5497|East Asian:63.342|South Asian:64.7807|Latino/Hispanic:62.9249|SE Asian:63.9171|European:60.2979|Middle Eastern:65.5827,0.00859087765662626,True
eye_lower_lid_to_iris_asym,23.785059852716465,0.0005719935883305489,7,African:143|East Asian:143|South Asian:143|Latino/Hispanic:143|SE Asian:143|European:143|Middle Eastern:142,African:0.0339705|East Asian:0.0485754|South Asian:0.0324192|Latino/Hispanic:0.0308564|SE Asian:0.0488439|European:0.0414973|Middle Eastern:0.0351852,African:0.0257546|East Asian:0.032084|South Asian:0.0174556|Latino/Hispanic:0.0216702|SE Asian:0.0318451|European:0.0250361|Middle Eastern:0.0241261,0.0009533226472175815,True
eye_area_r,113.46088317707392,3.8387719697917287e-22,7,African:143|East Asian:143|South Asian:143|Latino/Hispanic:143|SE Asian:143|European:143|Middle Eastern:142,African:0.00995793|East Asian:0.0075419|South Asian:0.0105034|Latino/Hispanic:0.00890933|SE Asian:0.00790008|European:0.00794139|Middle Eastern:0.00972941,African:0.0103975|East Asian:0.0077574|South Asian:0.0108979|Latino/Hispanic:0.00923324|SE Asian:0.00816712|European:0.00797095|Middle Eastern:0.0103054,4.362240874763328e-21,True
eye_area_l,101.97211345507836,9.726158319109433e-20,7,African:143|East Asian:143|South Asian:143|Latino/Hispanic:143|SE Asian:143|European:143|Middle Eastern:142,African:0.00988036|East Asian:0.00753652|South Asian:0.0104392|Latino/Hispanic:0.0089399|SE Asian:0.00793842|European:0.00802753|Middle Eastern:0.00971833,African:0.010325|East Asian:0.00771695|South Asian:0.0106733|Latino/Hispanic:0.00928768|SE Asian:0.00837816|European:0.00824468|Middle Eastern:0.0097123,7.151586999345171e-19,True
eye_area_mean,110.31475590802131,1.7513641531775186e-21,7,African:143|East Asian:143|South Asian:143|Latino/Hispanic:143|SE Asian:143|European:143|Middle Eastern:142,African:0.00991914|East Asian:0.00753921|South Asian:0.0104713|Latino/Hispanic:0.00892461|SE Asian:0.00791925|European:0.00798446|Middle Eastern:0.00972387,African:0.0102475|East Asian:0.00763353|South Asian:0.0107434|Latino/Hispanic:0.00923775|SE Asian:0.00819327|European:0.00808085|Middle Eastern:0.0101267,1.5637179939084988e-20,True
eye_area_asym,20.43507015397481,0.0023162396190031624,7,African:143|East Asian:143|South Asian:143|Latino/Hispanic:143|SE Asian:143|European:143|Middle Eastern:142,African:0.104804|East Asian:0.100108|South Asian:0.0767732|Latino/Hispanic:0.0894188|SE Asian:0.108763|European:0.134544|Middle Eastern:0.0906952,African:0.0904254|East Asian:0.0699833|South Asian:0.0611061|Latino/Hispanic:0.0630518|SE Asian:0.0741847|European:0.0826613|Middle Eastern:0.0674639,0.003711922466351222,True
eye_fissure_fill_r,28.67712325437771,7.002016013966791e-05,7,African:143|East Asian:143|South Asian:143|Latino/Hispanic:143|SE Asian:143|European:143|Middle Eastern:142,African:0.231909|East Asian:0.216255|South Asian:0.240792|Latino/Hispanic:0.227613|SE Asian:0.214704|European:0.207854|Middle Eastern:0.242082,African:0.235993|East Asian:0.217784|South Asian:0.248392|Latino/Hispanic:0.236479|SE Asian:0.233111|European:0.220036|Middle Eastern:0.250046,0.0001313686062377996,True
eye_fissure_fill_l,29.448643761723453,5.002361105062479e-05,7,African:143|East Asian:143|South Asian:143|Latino/Hispanic:143|SE Asian:143|European:143|Middle Eastern:142,African:0.225843|East Asian:0.213731|South Asian:0.239703|Latino/Hispanic:0.226335|SE Asian:0.210937|European:0.204129|Middle Eastern:0.233064,African:0.235823|East Asian:0.221194|South Asian:0.250064|Latino/Hispanic:0.231604|SE Asian:0.227817|European:0.216626|Middle Eastern:0.241078,9.925319652901745e-05,True
eye_fissure_fill_mean,30.322112556476007,3.4135482927932017e-05,7,African:143|East Asian:143|South Asian:143|Latino/Hispanic:143|SE Asian:143|European:143|Middle Eastern:142,African:0.228876|East Asian:0.214993|South Asian:0.240247|Latino/Hispanic:0.226974|SE Asian:0.212821|European:0.205991|Middle Eastern:0.237573,African:0.238678|East Asian:0.219689|South Asian:0.247756|Latino/Hispanic:0.234342|SE Asian:0.236082|European:0.220078|Middle Eastern:0.244607,7.232093840663563e-05,True
iris_offset_x_r,98.48233783818313,5.201080201124701e-19,7,African:143|East Asian:143|South Asian:143|Latino/Hispanic:143|SE Asian:143|European:143|Middle Eastern:142,African:-0.024049|East Asian:0.0319647|South Asian:-0.0299907|Latino/Hispanic:-0.0198657|SE Asian:0.00121845|European:-0.0170593|Middle Eastern:-0.00636236,African:-0.0338163|East Asian:0.0303332|South Asian:-0.0313302|Latino/Hispanic:-0.0168225|SE Asian:-0.00134723|European:-0.0121613|Middle Eastern:-0.0077535,3.6118612507810425e-18,True
iris_offset_y_r,41.15796310871568,2.695413614484023e-07,7,African:143|East Asian:143|South Asian:143|Latino/Hispanic:143|SE Asian:143|European:143|Middle Eastern:142,African:-0.0513394|East Asian:-0.0513065|South Asian:-0.0620963|Latino/Hispanic:-0.0577694|SE Asian:-0.0523511|European:-0.048078|Middle Eastern:-0.0630172,African:-0.0529206|East Asian:-0.0537532|South Asian:-0.064492|Latino/Hispanic:-0.058971|SE Asian:-0.0544873|European:-0.0530711|Middle Eastern:-0.0660078,7.430213493910634e-07,True
iris_offset_x_l,29.704493855300697,4.4732954371116645e-05,7,African:143|East Asian:143|South Asian:143|Latino/Hispanic:143|SE Asian:143|European:143|Middle Eastern:142,African:0.030602|East Asian:0.00199157|South Asian:0.0214503|Latino/Hispanic:0.0162357|SE Asian:0.00443239|European:0.0234731|Middle Eastern:0.0259613,African:0.0316462|East Asian:-0.00164121|South Asian:0.0214946|Latino/Hispanic:0.0193497|SE Asian:0.00167364|European:0.0239681|Middle Eastern:0.0244276,9.018740800628355e-05,True
iris_offset_y_l,44.914396845943294,4.8671361900036066e-08,7,African:143|East Asian:143|South Asian:143|Latino/Hispanic:143|SE Asian:143|European:143|Middle Eastern:142,African:-0.0482553|East Asian:-0.0477968|South Asian:-0.0617913|Latino/Hispanic:-0.0553822|SE Asian:-0.0494182|European:-0.0463687|Middle Eastern:-0.0608956,African:-0.0507099|East Asian:-0.0521884|South Asian:-0.0644369|Latino/Hispanic:-0.0574157|SE Asian:-0.0539373|European:-0.0516531|Middle Eastern:-0.0627463,1.4485524375010733e-07,True
gaze_asym_x,208.40091470319285,3.085750873165956e-42,7,African:143|East Asian:143|South Asian:143|Latino/Hispanic:143|SE Asian:143|European:143|Middle Eastern:142,African:-0.054651|East Asian:0.0299732|South Asian:-0.051441|Latino/Hispanic:-0.0361014|SE Asian:-0.00321395|European:-0.0405324|Middle Eastern:-0.0323237,African:-0.0610604|East Asian:0.0292209|South Asian:-0.0549826|Latino/Hispanic:-0.033432|SE Asian:-0.00868666|European:-0.0445474|Middle Eastern:-0.0390628,7.71437718291489e-41,True
gaze_asym_norm,31.832317622900344,1.757068137044959e-05,7,African:143|East Asian:143|South Asian:143|Latino/Hispanic:143|SE Asian:143|European:143|Middle Eastern:142,African:0.0667827|East Asian:0.0499867|South Asian:0.0613087|Latino/Hispanic:0.0501957|SE Asian:0.0482824|European:0.0591257|Middle Eastern:0.054689,African:0.0656004|East Asian:0.0424553|South Asian:0.0563628|Latino/Hispanic:0.0432069|SE Asian:0.0453445|European:0.0547019|Middle Eastern:0.0518008,3.922027091618212e-05,True
nose_bridge_length,16.278519522912287,0.012334600136558538,7,African:143|East Asian:143|South Asian:143|Latino/Hispanic:143|SE Asian:143|European:143|Middle Eastern:142,African:0.871981|East Asian:0.867388|South Asian:0.880391|Latino/Hispanic:0.873384|SE Asian:0.869493|European:0.864237|Middle Eastern:0.868309,African:0.876856|East Asian:0.872598|South Asian:0.884885|Latino/Hispanic:0.881087|SE Asian:0.87405|European:0.868698|Middle Eastern:0.875738,0.017520738830338833,True
nose_bridge_width,133.56269142273,2.2830475676388575e-26,7,African:143|East Asian:143|South Asian:143|Latino/Hispanic:143|SE Asian:143|European:143|Middle Eastern:142,African:0.0821296|East Asian:0.0781141|South Asian:0.0797881|Latino/Hispanic:0.0786228|SE Asian:0.0785845|European:0.0785328|Middle Eastern:0.0790785,African:0.082259|East Asian:0.0778707|South Asian:0.0796897|Latino/Hispanic:0.0785105|SE Asian:0.0787361|European:0.078454|Middle Eastern:0.079022,3.1708993994984133e-25,True
nose_tip_width,168.3043428319553,1.0294319986600509e-33,7,African:143|East Asian:143|South Asian:143|Latino/Hispanic:143|SE Asian:143|European:143|Middle Eastern:142,African:0.29035|East Asian:0.260752|South Asian:0.27368|Latino/Hispanic:0.268402|SE Asian:0.266451|European:0.262277|Middle Eastern:0.264065,African:0.287525|East Asian:0.259654|South Asian:0.270845|Latino/Hispanic:0.267569|SE Asian:0.264657|European:0.261973|Middle Eastern:0.265762,1.6084874979063296e-32,True
nose_base_width,130.8408318875468,8.549603398955344e-26,7,African:143|East Asian:143|South Asian:143|Latino/Hispanic:143|SE Asian:143|European:143|Middle Eastern:142,African:0.255951|East Asian:0.227722|South Asian:0.241951|Latino/Hispanic:0.237551|SE Asian:0.23408|European:0.229835|Middle Eastern:0.231127,African:0.253475|East Asian:0.224809|South Asian:0.2374|Latino/Hispanic:0.235163|SE Asian:0.230736|European:0.226804|Middle Eastern:0.232014,1.068700424869418e-24,True
nose_tip_to_bridge_ratio,110.65762889404066,1.484462647834494e-21,7,African:143|East Asian:143|South Asian:143|Latino/Hispanic:143|SE Asian:143|European:143|Middle Eastern:142,African:3.53386|East Asian:3.33681|South Asian:3.42802|Latino/Hispanic:3.41236|SE Asian:3.38893|European:3.33899|Middle Eastern:3.33665,African:3.5101|East Asian:3.3171|South Asian:3.39818|Latino/Hispanic:3.39309|SE Asian:3.36282|European:3.32573|Middle Eastern:3.35162,1.4273679306100903e-20,True
nose_tip_midline_dent,13.39660812020548,0.0371527223058963,7,African:143|East Asian:143|South Asian:143|Latino/Hispanic:143|SE Asian:143|European:143|Middle Eastern:142,African:0.0408054|East Asian:0.0402488|South Asian:0.041315|Latino/Hispanic:0.0415812|SE Asian:0.0407588|European:0.0404743|Middle Eastern:0.040738,African:0.0405438|East Asian:0.0402844|South Asian:0.0410257|Latino/Hispanic:0.0413776|SE Asian:0.0408251|European:0.0406322|Middle Eastern:0.0407889,0.049731772254961164,True
nostril_region_area,84.424078653312,4.344665039170791e-16,7,African:143|East Asian:143|South Asian:143|Latino/Hispanic:143|SE Asian:143|European:143|Middle Eastern:142,African:0.0169427|East Asian:0.0144119|South Asian:0.0157644|Latino/Hispanic:0.0156719|SE Asian:0.0149283|European:0.0152075|Middle Eastern:0.0150471,African:0.0165644|East Asian:0.014523|South Asian:0.0155478|Latino/Hispanic:0.0155425|SE Asian:0.0145096|European:0.014888|Middle Eastern:0.0147736,2.586110142363566e-15,True
nose_tip_elevation,15.330674430753147,0.01783499174235468,7,African:143|East Asian:143|South Asian:143|Latino/Hispanic:143|SE Asian:143|European:143|Middle Eastern:142,African:0.0437218|East Asian:0.0440782|South Asian:0.0400774|Latino/Hispanic:0.0426368|SE Asian:0.043502|European:0.0447111|Middle Eastern:0.0434764,African:0.0420775|East Asian:0.0430634|South Asian:0.0385769|Latino/Hispanic:0.0399692|SE Asian:0.0421419|European:0.0440743|Middle Eastern:0.0416102,0.025049145705554325,True
ala_flare_angle,25.87631327508996,0.00023476881783073645,7,African:143|East Asian:143|South Asian:143|Latino/Hispanic:143|SE Asian:143|European:143|Middle Eastern:142,African:167.311|East Asian:169.619|South Asian:165.385|Latino/Hispanic:165.479|SE Asian:168.508|European:166.673|Middle Eastern:166.943,African:167.965|East Asian:171.085|South Asian:165.154|Latino/Hispanic:165.842|SE Asian:169.188|European:167.319|Middle Eastern:167.677,0.0004075847531783619,True
columella_length,14.674929888758912,0.022941438258636416,7,African:143|East Asian:143|South Asian:143|Latino/Hispanic:143|SE Asian:143|European:143|Middle Eastern:142,African:0.131568|East Asian:0.134456|South Asian:0.12198|Latino/Hispanic:0.129235|SE Asian:0.134005|European:0.138468|Middle Eastern:0.133999,African:0.127029|East Asian:0.129524|South Asian:0.116855|Latino/Hispanic:0.121242|SE Asian:0.126999|European:0.133107|Middle Eastern:0.126335,0.03186310869255058,True
columella_hang_below_ala,32.02425820179961,1.6143810548612127e-05,7,African:143|East Asian:143|South Asian:143|Latino/Hispanic:143|SE Asian:143|European:143|Middle Eastern:142,African:0.0404563|East Asian:0.0271826|South Asian:0.0456823|Latino/Hispanic:0.0432003|SE Asian:0.0329301|European:0.0379518|Middle Eastern:0.0356301,African:0.0383149|East Asian:0.0254938|South Asian:0.0445893|Latino/Hispanic:0.0436934|SE Asian:0.0336162|European:0.0363112|Middle Eastern:0.0359008,3.6690478519573015e-05,True
nose_to_face_area_ratio,72.83237569784038,1.0716420591309952e-13,7,African:143|East Asian:143|South Asian:143|Latino/Hispanic:143|SE Asian:143|European:143|Middle Eastern:142,African:0.0402016|East Asian:0.0361426|South Asian:0.0389133|Latino/Hispanic:0.0378055|SE Asian:0.036952|European:0.0356137|Middle Eastern:0.0361725,African:0.0404841|East Asian:0.0358748|South Asian:0.039124|Latino/Hispanic:0.0374145|SE Asian:0.036662|European:0.0350034|Middle Eastern:0.0357966,4.619146806599117e-13,True
philtrum_length,30.479256173515594,3.186246935014277e-05,7,African:143|East Asian:143|South Asian:143|Latino/Hispanic:143|SE Asian:143|European:143|Middle Eastern:142,African:0.291182|East Asian:0.282088|South Asian:0.274816|Latino/Hispanic:0.278284|SE Asian:0.277142|European:0.300968|Middle Eastern:0.29295,African:0.290722|East Asian:0.2797|South Asian:0.27266|Latino/Hispanic:0.281211|SE Asian:0.273214|European:0.299836|Middle Eastern:0.2904,6.866911497875597e-05,True
philtrum_width,48.94690108039472,7.640641123359963e-09,7,African:143|East Asian:143|South Asian:143|Latino/Hispanic:143|SE Asian:143|European:143|Middle Eastern:142,African:0.305792|East Asian:0.30427|South Asian:0.300157|Latino/Hispanic:0.297533|SE Asian:0.302303|European:0.296717|Middle Eastern:0.299068,African:0.304557|East Asian:0.302386|South Asian:0.297717|Latino/Hispanic:0.294969|SE Asian:0.299038|European:0.294976|Middle Eastern:0.298569,2.513368790578935e-08,True
mouth_width,61.256161694534136,2.500017873344782e-11,7,African:143|East Asian:143|South Asian:143|Latino/Hispanic:143|SE Asian:143|European:143|Middle Eastern:142,African:0.395186|East Asian:0.344313|South Asian:0.377143|Latino/Hispanic:0.379362|SE Asian:0.361753|European:0.368556|Middle Eastern:0.36704,African:0.385052|East Asian:0.33924|South Asian:0.366807|Latino/Hispanic:0.379281|SE Asian:0.356846|European:0.359299|Middle Eastern:0.357316,8.92863526194565e-11,True
mouth_opening,17.323174448221636,0.00816610937860246,7,African:143|East Asian:143|South Asian:143|Latino/Hispanic:143|SE Asian:143|European:143|Middle Eastern:142,African:0.169609|East Asian:0.14298|South Asian:0.116386|Latino/Hispanic:0.117654|SE Asian:0.133146|European:0.128646|Middle Eastern:0.13784,African:0.164154|East Asian:0.124951|South Asian:0.0791764|Latino/Hispanic:0.116539|SE Asian:0.119682|European:0.115614|Middle Eastern:0.136849,0.01229835749789527,True
upper_vermilion_height,36.23460687967201,2.4817901201563244e-06,7,African:143|East Asian:143|South Asian:143|Latino/Hispanic:143|SE Asian:143|European:143|Middle Eastern:142,African:0.11584|East Asian:0.12143|South Asian:0.106022|Latino/Hispanic:0.105645|SE Asian:0.116835|European:0.10551|Middle Eastern:0.105377,African:0.111269|East Asian:0.118026|South Asian:0.10522|Latino/Hispanic:0.100993|SE Asian:0.11315|European:0.0956399|Middle Eastern:0.100704,6.204475300390811e-06,True
lower_vermilion_height,17.383223405440397,0.007973377064903716,7,African:143|East Asian:143|South Asian:143|Latino/Hispanic:143|SE Asian:143|European:143|Middle Eastern:142,African:0.191264|East Asian:0.195833|South Asian:0.185757|Latino/Hispanic:0.182203|SE Asian:0.18565|European:0.177407|Middle Eastern:0.183228,African:0.188178|East Asian:0.194589|South Asian:0.179524|Latino/Hispanic:0.176833|SE Asian:0.187774|European:0.168354|Middle Eastern:0.176133,0.01215453820869469,True
vermilion_total,26.73021180148126,0.0001626654910097132,7,African:143|East Asian:143|South Asian:143|Latino/Hispanic:143|SE Asian:143|European:143|Middle Eastern:142,African:0.307103|East Asian:0.317262|South Asian:0.291779|Latino/Hispanic:0.287848|SE Asian:0.302485|European:0.282917|Middle Eastern:0.288606,African:0.299765|East Asian:0.30896|South Asian:0.284391|Latino/Hispanic:0.275342|SE Asian:0.297463|European:0.262381|Middle Eastern:0.277556,0.0002863829067072416,True
mouth_corner_drop,25.70888223803018,0.0002522271889144038,7,African:143|East Asian:143|South Asian:143|Latino/Hispanic:143|SE Asian:143|European:143|Middle Eastern:142,African:0.153255|East Asian:0.175636|South Asian:0.135274|Latino/Hispanic:0.126335|SE Asian:0.165188|European:0.135309|Middle Eastern:0.147594,African:0.14634|East Asian:0.175325|South Asian:0.121313|Latino/Hispanic:0.123595|SE Asian:0.150482|European:0.133453|Middle Eastern:0.137629,0.00043189587142877366,True
mouth_triangularity,25.593578341703,0.00026498830422715895,7,African:143|East Asian:143|South Asian:143|Latino/Hispanic:143|SE Asian:143|European:143|Middle Eastern:142,African:0.176041|East Asian:0.197996|South Asian:0.158652|Latino/Hispanic:0.148874|SE Asian:0.187111|European:0.157544|Middle Eastern:0.170062,African:0.174656|East Asian:0.200693|South Asian:0.145208|Latino/Hispanic:0.143645|SE Asian:0.176328|European:0.156012|Middle Eastern:0.161664,0.0004476153787620928,True
mouth_tenting,22.94783423118123,0.0008141398505040109,7,African:143|East Asian:143|South Asian:143|Latino/Hispanic:143|SE Asian:143|European:143|Middle Eastern:142,African:0.570117|East Asian:0.63919|South Asian:0.522802|Latino/Hispanic:0.492261|SE Asian:0.611243|European:0.523296|Middle Eastern:0.557919,African:0.571132|East Asian:0.672114|South Asian:0.482536|Latino/Hispanic:0.494023|SE Asian:0.577407|European:0.520174|Middle Eastern:0.550356,0.0013216556014675502,True
mouth_upper_curvature_c2,30.597127270532024,3.025650157269875e-05,7,African:143|East Asian:143|South Asian:143|Latino/Hispanic:143|SE Asian:143|European:143|Middle Eastern:142,African:1.51961|East Asian:2.07536|South Asian:1.51336|Latino/Hispanic:1.42846|SE Asian:1.84505|European:1.55323|Middle Eastern:1.69616,African:1.53917|East Asian:2.0825|South Asian:1.31738|Latino/Hispanic:1.34022|SE Asian:1.67771|European:1.35918|Middle Eastern:1.53012,6.635197713311128e-05,True
mouth_upper_fit_residual,28.129162380735064,8.884308031944141e-05,7,African:143|East Asian:143|South Asian:143|Latino/Hispanic:143|SE Asian:143|European:143|Middle Eastern:142,African:0.0138377|East Asian:0.0141925|South Asian:0.0125903|Latino/Hispanic:0.0119616|SE Asian:0.0136834|European:0.012389|Middle Eastern:0.0127563,African:0.0130801|East Asian:0.0131386|South Asian:0.0124551|Latino/Hispanic:0.0114964|SE Asian:0.0127115|European:0.0105824|Middle Eastern:0.0115835,0.0001633144858813261,True
upper_lip_eversion,35.267903170801695,3.8238515677422974e-06,7,African:143|East Asian:143|South Asian:143|Latino/Hispanic:143|SE Asian:143|European:143|Middle Eastern:142,African:0.0854438|East Asian:0.0862271|South Asian:0.0775897|Latino/Hispanic:0.0773657|SE Asian:0.0832225|European:0.0770299|Middle Eastern:0.0767776,African:0.0815526|East Asian:0.0836071|South Asian:0.0767563|Latino/Hispanic:0.0742719|SE Asian:0.0812304|European:0.0713527|Middle Eastern:0.0734395,9.37218521505465e-06,True
lower_lip_eversion,13.37890725977729,0.037398292735730795,7,African:143|East Asian:143|South Asian:143|Latino/Hispanic:143|SE Asian:143|European:143|Middle Eastern:142,African:0.121529|East Asian:0.126132|South Asian:0.119648|Latino/Hispanic:0.116885|SE Asian:0.119307|European:0.114121|Middle Eastern:0.118303,African:0.121014|East Asian:0.123311|South Asian:0.118595|Latino/Hispanic:0.112806|SE Asian:0.119096|European:0.108223|Middle Eastern:0.114708,0.049731772254961164,True
lip_midline_x_std,16.708705559661112,0.010415573285549054,7,African:143|East Asian:143|South Asian:143|Latino/Hispanic:143|SE Asian:143|European:143|Middle Eastern:142,African:0.00412384|East Asian:0.00276532|South Asian:0.00287722|Latino/Hispanic:0.00321637|SE Asian:0.00274009|European:0.00340265|Middle Eastern:0.00275011,African:0.00279054|East Asian:0.00218861|South Asian:0.00217907|Latino/Hispanic:0.0022599|SE Asian:0.00200815|European:0.00239015|Middle Eastern:0.00206012,0.014994606324094288,True
chin_height,67.50652511978713,1.3257600271103159e-12,7,African:143|East Asian:143|South Asian:143|Latino/Hispanic:143|SE Asian:143|European:143|Middle Eastern:142,African:0.154972|East Asian:0.175191|South Asian:0.176083|Latino/Hispanic:0.18064|SE Asian:0.175862|European:0.187991|Middle Eastern:0.184858,African:0.155325|East Asian:0.175128|South Asian:0.175217|Latino/Hispanic:0.18079|SE Asian:0.174622|European:0.18655|Middle Eastern:0.183003,5.345806560928693e-12,True
chin_width,63.582167592924996,8.39833107394217e-12,7,African:143|East Asian:143|South Asian:143|Latino/Hispanic:143|SE Asian:143|European:143|Middle Eastern:142,African:0.330619|East Asian:0.321308|South Asian:0.323688|Latino/Hispanic:0.32329|SE Asian:0.322876|European:0.330261|Middle Eastern:0.332305,African:0.328376|East Asian:0.31867|South Asian:0.32106|Latino/Hispanic:0.320066|SE Asian:0.318262|European:0.329266|Middle Eastern:0.33218,3.28059807575866e-11,True
chin_pointedness_angle,46.70042539836309,2.1470335481078186e-08,7,African:143|East Asian:143|South Asian:143|Latino/Hispanic:143|SE Asian:143|European:143|Middle Eastern:142,African:149.114|East Asian:151.564|South Asian:151.79|Latino/Hispanic:152.261|SE Asian:152.876|European:152.044|Middle Eastern:152.422,African:149.534|East Asian:151.567|South Asian:152.072|Latino/Hispanic:151.704|SE Asian:152.862|European:152.246|Middle Eastern:152.327,6.709479837836933e-08,True
jaw_bigonial_width,50.22559356946801,4.236080027856787e-09,7,African:143|East Asian:143|South Asian:143|Latino/Hispanic:143|SE Asian:143|European:143|Middle Eastern:142,African:0.786683|East Asian:0.788806|South Asian:0.790425|Latino/Hispanic:0.796062|SE Asian:0.794298|European:0.800819|Middle Eastern:0.800914,African:0.78433|East Asian:0.792026|South Asian:0.789833|Latino/Hispanic:0.795865|SE Asian:0.79313|European:0.801092|Middle Eastern:0.798061,1.4708611207836065e-08,True
forehead_height,29.022359782955775,6.024703139368434e-05,7,African:143|East Asian:143|South Asian:143|Latino/Hispanic:143|SE Asian:143|European:143|Middle Eastern:142,African:0.182622|East Asian:0.180096|South Asian:0.190962|Latino/Hispanic:0.186049|SE Asian:0.186536|European:0.18136|Middle Eastern:0.182074,African:0.183445|East Asian:0.182616|South Asian:0.191807|Latino/Hispanic:0.188627|SE Asian:0.187801|European:0.181241|Middle Eastern:0.184261,0.00011585967575708526,True
forehead_width_upper,112.28803591076381,6.76094399634322e-22,7,African:143|East Asian:143|South Asian:143|Latino/Hispanic:143|SE Asian:143|European:143|Middle Eastern:142,African:0.754051|East Asian:0.726678|South Asian:0.739218|Latino/Hispanic:0.728951|SE Asian:0.725567|European:0.7292|Middle Eastern:0.73266,African:0.75622|East Asian:0.725802|South Asian:0.74026|Latino/Hispanic:0.729584|SE Asian:0.727495|European:0.727893|Middle Eastern:0.733335,7.042649996190854e-21,True
forehead_width_mid,103.9005044588823,3.847273537179502e-20,7,African:143|East Asian:143|South Asian:143|Latino/Hispanic:143|SE Asian:143|European:143|Middle Eastern:142,African:0.89154|East Asian:0.865996|South Asian:0.876486|Latino/Hispanic:0.867434|SE Asian:0.863693|European:0.868142|Middle Eastern:0.870597,African:0.892105|East Asian:0.866245|South Asian:0.877863|Latino/Hispanic:0.868339|SE Asian:0.866228|European:0.864976|Middle Eastern:0.870298,3.005682450921486e-19,True
hairline_height,29.022359782955775,6.024703139368434e-05,7,African:143|East Asian:143|South Asian:143|Latino/Hispanic:143|SE Asian:143|European:143|Middle Eastern:142,African:0.182622|East Asian:0.180096|South Asian:0.190962|Latino/Hispanic:0.186049|SE Asian:0.186536|European:0.18136|Middle Eastern:0.182074,African:0.183445|East Asian:0.182616|South Asian:0.191807|Latino/Hispanic:0.188627|SE Asian:0.187801|European:0.181241|Middle Eastern:0.184261,0.00011585967575708526,True
forehead_taper_ratio,104.097200952348,3.4998722001469344e-20,7,African:143|East Asian:143|South Asian:143|Latino/Hispanic:143|SE Asian:143|European:143|Middle Eastern:142,African:0.845649|East Asian:0.839032|South Asian:0.843279|Latino/Hispanic:0.840233|SE Asian:0.839932|European:0.839825|Middle Eastern:0.841474,African:0.845918|East Asian:0.837987|South Asian:0.843227|Latino/Hispanic:0.840601|SE Asian:0.8401|European:0.840141|Middle Eastern:0.841749,2.916560166789112e-19,True
face_aspect_ratio,30.07627420105078,3.801745299840797e-05,7,African:143|East Asian:143|South Asian:143|Latino/Hispanic:143|SE Asian:143|European:143|Middle Eastern:142,African:0.89164|East Asian:0.919767|South Asian:0.915708|Latino/Hispanic:0.909834|SE Asian:0.920455|European:0.911345|Middle Eastern:0.912151,African:0.89373|East Asian:0.918376|South Asian:0.911398|Latino/Hispanic:0.907044|SE Asian:0.926902|European:0.908194|Middle Eastern:0.907617,7.790461680001633e-05,True
face_roundness,62.35531126332444,1.4935310191548152e-11,7,African:143|East Asian:143|South Asian:143|Latino/Hispanic:143|SE Asian:143|European:143|Middle Eastern:142,African:0.953547|East Asian:0.963275|South Asian:0.960995|Latino/Hispanic:0.962575|SE Asian:0.965037|European:0.962014|Middle Eastern:0.96207,African:0.955085|East Asian:0.96406|South Asian:0.96242|Latino/Hispanic:0.966477|SE Asian:0.966349|European:0.96506|Middle Eastern:0.963815,5.490922864539761e-11,True
face_width_uniformity,78.24799096569295,8.216988460816638e-15,7,African:143|East Asian:143|South Asian:143|Latino/Hispanic:143|SE Asian:143|European:143|Middle Eastern:142,African:0.770367|East Asian:0.757742|South Asian:0.764822|Latino/Hispanic:0.762507|SE Asian:0.759932|European:0.765009|Middle Eastern:0.766787,African:0.770479|East Asian:0.756924|South Asian:0.764825|Latino/Hispanic:0.761859|SE Asian:0.759111|European:0.765895|Middle Eastern:0.765357,3.9504752215464607e-14,True
jaw_to_forehead_ratio,90.33653592559135,2.579475082081836e-17,7,African:143|East Asian:143|South Asian:143|Latino/Hispanic:143|SE Asian:143|European:143|Middle Eastern:142,African:1.04482|East Asian:1.08727|South Asian:1.0709|Latino/Hispanic:1.09391|SE Asian:1.0967|European:1.10001|Middle Eastern:1.0944,African:1.0402|East Asian:1.09249|South Asian:1.06962|Latino/Hispanic:1.08868|SE Asian:1.09185|European:1.10043|Middle Eastern:1.09338,1.6121719263011474e-16,True
face_triangularity,39.41171612836802,5.943234202120832e-07,7,African:143|East Asian:143|South Asian:143|Latino/Hispanic:143|SE Asian:143|European:143|Middle Eastern:142,African:0.560901|East Asian:0.556936|South Asian:0.561358|Latino/Hispanic:0.555742|SE Asian:0.554211|European:0.546396|Middle Eastern:0.545894,African:0.564641|East Asian:0.559523|South Asian:0.565385|Latino/Hispanic:0.560698|SE Asian:0.55784|European:0.547577|Middle Eastern:0.547018,1.5477172401356334e-06,True
midface_width,45.99442253261128,2.9681312868805876e-08,7,African:143|East Asian:143|South Asian:143|Latino/Hispanic:143|SE Asian:143|European:143|Middle Eastern:142,African:0.594509|East Asian:0.574164|South Asian:0.587216|Latino/Hispanic:0.588311|SE Asian:0.580518|European:0.583728|Middle Eastern:0.583332,African:0.591509|East Asian:0.572431|South Asian:0.582969|Latino/Hispanic:0.58585|SE Asian:0.57555|European:0.581021|Middle Eastern:0.581122,9.049180752684718e-08,True
malar_bulge_mean,96.05117115211593,1.6701267506891774e-18,7,African:143|East Asian:143|South Asian:143|Latino/Hispanic:143|SE Asian:143|European:143|Middle Eastern:142,African:0.0363747|East Asian:0.0428337|South Asian:0.0397886|Latino/Hispanic:0.0414835|SE Asian:0.0420896|European:0.043163|Middle Eastern:0.0422064,African:0.0364512|East Asian:0.0437661|South Asian:0.0397278|Latino/Hispanic:0.0417699|SE Asian:0.0420568|European:0.0433591|Middle Eastern:0.0421333,1.0987675991376168e-17,True
malar_bulge_asym,13.977750668806777,0.029885691110377283,7,African:143|East Asian:143|South Asian:143|Latino/Hispanic:143|SE Asian:143|European:143|Middle Eastern:142,African:2.12287|East Asian:1.57908|South Asian:1.6145|Latino/Hispanic:1.7157|SE Asian:1.58722|European:1.57755|Middle Eastern:1.47516,African:1.70855|East Asian:1.2966|South Asian:1.04763|Latino/Hispanic:1.06225|SE Asian:1.1967|European:1.30704|Middle Eastern:1.05643,0.04060555857388218,True
cheek_area_mean,16.967433078829437,0.00940368070944845,7,African:143|East Asian:143|South Asian:143|Latino/Hispanic:143|SE Asian:143|European:143|Middle Eastern:142,African:0.00736801|East Asian:0.00773332|South Asian:0.00730781|Latino/Hispanic:0.00786431|SE Asian:0.00769764|European:0.00776341|Middle Eastern:0.00747754,African:0.00659724|East Asian:0.0072526|South Asian:0.00675342|Latino/Hispanic:0.00719736|SE Asian:0.00722315|European:0.00736797|Middle Eastern:0.00707916,0.013828942219777133,True
