syndrome_name,group,features_tested,significant_features,high_priority_features,max_abs_hedges_g,median_abs_hedges_g,disease_n,matched_healthy_n
3MC syndrome,Latino/Hispanic,125,0,0,3.86026167445947,0.5436324044559235,2,143
3MC syndrome,Middle Eastern,125,37,0,3.081711435243639,0.5164494114613355,9,142
3MC syndrome,South Asian,125,32,0,3.0283209274541747,0.5378518647211674,6,143
ABLEPHARON-MACROSTOMIA SYNDROME; AMS,European,125,0,0,2.4630461095464713,0.40491462217191654,2,143
ACHONDROPLASIA; ACH,African,125,0,0,3.161669079782469,0.8033657618561393,3,143
ACHONDROPLASIA; ACH,European,125,0,0,2.014947456250494,0.4625263366863741,4,143
"ACROFACIAL DYSOSTOSIS 1, NAGER TYPE; AFD1",African,125,0,0,2.1875279583396936,0.4237473700502472,2,143
"ACROFACIAL DYSOSTOSIS 1, NAGER TYPE; AFD1",European,125,21,0,1.7027498504045473,0.3622311875068918,9,143
"ACROFACIAL DYSOSTOSIS, CINCINNATI TYPE; AFDCIN",European,125,0,0,2.3521185374015983,0.6573319712868364,2,143
ACROMICRIC DYSPLASIA; ACMICD,East Asian,125,34,20,1.4392427842488382,0.35807382334397103,17,143
ACROMICRIC DYSPLASIA; ACMICD,Latino/Hispanic,125,0,0,1.595005630534441,0.39717340948704877,5,143
ACTL6A,European,125,0,0,1.7303491928844748,0.5271577795433303,3,143
"AGENESIS OF CORPUS CALLOSUM, CARDIAC, OCULAR, AND GENITAL SYNDROME; ACOGS",European,125,0,0,1.3960376346042125,0.24775533216478735,4,143
AL KAISSI SYNDROME; ALKAS,Middle Eastern,125,6,0,2.5426868513645213,0.5825588313570862,4,142
AL-RAQAD SYNDROME; ARS,Middle Eastern,125,0,0,2.0402480664277873,0.4704294006069769,3,142
AL-RAQAD SYNDROME; ARS,South Asian,125,0,0,2.1558101034373176,0.5745813430485228,2,143
"ALACRIMA, ACHALASIA, AND MENTAL RETARDATION SYNDROME; AAMR",Latino/Hispanic,125,0,0,2.453217031213497,0.7228810413201538,2,143
ALAZAMI SYNDROME; ALAZS,African,125,0,0,1.2667931212226307,0.29662631699223596,2,143
ALAZAMI SYNDROME; ALAZS,European,125,0,0,2.279212051967366,0.7499803765027635,2,143
ALAZAMI SYNDROME; ALAZS,Middle Eastern,125,0,0,1.6851602230669114,0.6212639385721859,2,142
ALAZAMI-YUAN SYNDROME; ALYUS,Middle Eastern,125,0,0,2.8586087624660546,0.5026078618785657,3,142
ALLAN-HERNDON-DUDLEY SYNDROME; AHDS,European,125,0,0,1.9410762259502639,0.5598381528521144,5,143
"ALPHA-THALASSEMIA/MENTAL RETARDATION SYNDROME, X-LINKED; ATRX",European,125,0,0,1.6510332951975037,0.3134827974969148,5,143
"ALPHA-THALASSEMIA/MENTAL RETARDATION SYNDROME, X-LINKED; ATRX",Middle Eastern,125,0,0,3.042104232129461,0.733868660483844,2,142
"ALPHA-THALASSEMIA/MENTAL RETARDATION SYNDROME, X-LINKED; ATRX",South Asian,125,0,0,2.681104654816214,0.7984460687193785,2,143
ALSTROM SYNDROME; ALMS,East Asian,125,51,19,1.3299858752224134,0.3846187291773462,25,143
ALZAHRANI-KUWAHARA SYNDROME; ALKUS,Middle Eastern,125,0,0,2.436225773780729,0.3838989725226927,5,142
ANGELMAN SYNDROME; AS,African,125,0,0,1.2295224909730789,0.2559868584579203,7,143
ANGELMAN SYNDROME; AS,East Asian,125,18,18,1.5981229219407804,0.3108177262340595,10,143
ANGELMAN SYNDROME; AS,European,125,62,8,1.012785609751354,0.2668024517169009,98,143
ANGELMAN SYNDROME; AS,Latino/Hispanic,125,0,0,1.5368719166323277,0.3831677851251665,5,143
ANGELMAN SYNDROME; AS,South Asian,125,0,0,1.2014705101189707,0.3551077683475766,4,143
ANTLEY-BIXLER SYNDROME WITH GENITAL ANOMALIES AND DISORDERED STEROIDOGENESIS; ABS1,European,125,0,0,3.5595578154296117,0.5570292702600173,2,143
APERT SYNDROME,European,125,0,0,1.8244546571422324,0.41463963214499067,3,143
ARBOLEDA-THAM SYNDROME; ARTHS,African,125,50,0,3.6191475720877384,0.8222622504756102,5,143
ARBOLEDA-THAM SYNDROME; ARTHS,European,125,35,4,1.124778461328701,0.21537918756795033,44,143
ATAXIA-TELANGIECTASIA; AT,South Asian,125,0,0,2.15434989528122,0.47865004779210363,2,143
AU-KLINE SYNDROME; AUKS,East Asian,125,0,0,2.245397762778084,0.5134488884988752,2,143
AU-KLINE SYNDROME; AUKS,European,125,52,21,1.3164470716387042,0.43341059080684863,25,143
AYME-GRIPP SYNDROME; AYGRP,European,125,20,11,1.4875257578476044,0.33977128051426864,19,143
Acrodysostosis,European,125,0,0,2.44260181246462,0.6089814750205728,2,143
Acromesomelic dysplasia,African,125,0,0,2.7321811568419325,0.7296161382041871,2,143
Alagille syndrome,East Asian,125,0,0,1.1927740886971177,0.23562140738619264,5,143
Alagille syndrome,European,125,6,0,1.2056605897751278,0.4466547511274893,9,143
Alagille syndrome,Middle Eastern,125,0,0,2.440378634977964,0.5156678188686814,4,142
Alagille syndrome,SE Asian,125,34,25,1.726306392258124,0.3681612550723426,13,143
Alagille syndrome,South Asian,125,0,0,4.87257458079784,0.7244800382721096,3,143
"Arthrogryposis, distal",African,125,7,0,2.6028861829798973,0.45897108449376783,5,143
"Arthrogryposis, distal",East Asian,125,0,0,3.855178755095469,0.9039606917600795,2,143
"Arthrogryposis, distal",European,125,53,16,1.6278228843039302,0.35459057295669094,31,143
"Arthrogryposis, distal",Middle Eastern,125,0,0,1.796190648281444,0.47817021597699055,4,142
"Arthrogryposis, distal",South Asian,125,0,0,2.204600218405043,0.5175043865560045,4,143
Auriculocondylar syndrome,African,125,0,0,2.3025297611495468,0.511969665490858,2,143
"Autism, susceptiblity to",East Asian,125,0,0,3.4551315509968044,0.4644560934878735,2,143
"Autism, susceptiblity to",European,125,53,14,1.0851160149332426,0.4285176489128934,25,143
BAINBRIDGE-ROPERS SYNDROME; BRPS,European,125,1,1,1.0689411286356305,0.31372049598137036,12,143
BAKER-GORDON SYNDROME; BAGOS,European,125,0,0,1.3032677002849808,0.4957098802644468,2,143
BARBER-SAY SYNDROME; BBRSAY,European,125,0,0,2.385666653112144,0.5811930263106927,4,143
BASILICATA-AKHTAR SYNDROME; MRXSBA,European,125,3,2,0.9029858202355818,0.3234209423405503,21,143
BASILICATA-AKHTAR SYNDROME; MRXSBA,Latino/Hispanic,125,0,0,3.878458818501828,0.6307973156467668,2,143
BEAULIEU-BOYCOTT-INNES SYNDROME; BBIS,European,125,0,0,1.9725082298045915,0.4018725839631939,4,143
BEAULIEU-BOYCOTT-INNES SYNDROME; BBIS,Middle Eastern,125,0,0,3.2203170166681336,0.39843700924026293,3,142
BEAULIEU-BOYCOTT-INNES SYNDROME; BBIS,South Asian,125,0,0,2.370620839715757,0.8676201593208981,2,143
BECK-FAHRNER SYNDROME; BEFAHRS,European,125,0,0,1.3786878992264646,0.430094589969026,4,143
BECKWITH-WIEDEMANN SYNDROME; BWS,African,125,0,0,3.512645594318686,0.672934913300942,2,143
BECKWITH-WIEDEMANN SYNDROME; BWS,European,125,0,0,1.3208712437655703,0.36424564677502796,8,143
BECKWITH-WIEDEMANN SYNDROME; BWS,SE Asian,125,0,0,2.594248393675823,0.8187815164663457,2,143
BECKWITH-WIEDEMANN SYNDROME; BWS,South Asian,125,0,0,1.7572222187147903,0.44887041170070896,5,143
BIRK-BAREL SYNDROME; BIBARS,European,125,0,0,2.1963436860235284,0.40049819791588587,2,143
"BLEPHAROPHIMOSIS, PTOSIS, AND EPICANTHUS INVERSUS; BPES",African,125,0,0,2.9273583707611426,0.580510745670705,2,143
"BLEPHAROPHIMOSIS, PTOSIS, AND EPICANTHUS INVERSUS; BPES",European,125,3,3,1.866121698792194,0.3340997162440765,10,143
"BLEPHAROPHIMOSIS, PTOSIS, AND EPICANTHUS INVERSUS; BPES",Latino/Hispanic,125,54,36,2.7451484590382518,0.560771011376598,11,143
BOHRING-OPITZ SYNDROME; BOPS,African,125,0,0,2.428077235935598,0.5729410286602136,2,143
BOHRING-OPITZ SYNDROME; BOPS,European,125,0,0,1.2560674618497945,0.38506285869419365,9,143
BORJESON-FORSSMAN-LEHMANN SYNDROME; BFLS,European,125,20,14,1.373772907995244,0.2859798380271778,21,143
BOSCH-BOONSTRA-SCHAAF OPTIC ATROPHY SYNDROME; BBSOAS,European,125,0,0,1.4578630079071087,0.3500228711483803,5,143
BOSMA ARHINIA MICROPHTHALMIA SYNDROME; BAMS,African,125,0,0,2.40857859634936,0.36451300561917427,3,143
BOSMA ARHINIA MICROPHTHALMIA SYNDROME; BAMS,European,125,0,0,2.4474051083333084,0.355970837139151,3,143
BOSMA ARHINIA MICROPHTHALMIA SYNDROME; BAMS,Middle Eastern,125,0,0,2.188406946844808,0.4209874022200818,2,142
BOSMA ARHINIA MICROPHTHALMIA SYNDROME; BAMS,SE Asian,125,0,0,2.474322640544473,0.6342631791425054,2,143
BRANCHIOOCULOFACIAL SYNDROME; BOFS,European,125,14,0,2.814572978480477,0.43882871788714894,7,143
BRUNET-WAGNER NEURODEVELOPMENTAL SYNDROME; BRUWAG,European,125,0,0,2.719332588464527,0.363659299971691,2,143
BURN-MCKEOWN SYNDROME; BMKS,European,125,14,0,1.8391997861971703,0.3312742728900435,8,143
BURN-MCKEOWN SYNDROME; BMKS,South Asian,125,0,0,2.264545157189298,0.40240505415463346,3,143
Baraitser-Winter syndrome,European,125,52,8,1.1044606575089242,0.2855114968629971,47,143
Baraitser-Winter syndrome,Latino/Hispanic,125,0,0,3.731815653868453,0.6827716396836968,2,143
Bardet-Biedl syndrome,African,125,0,0,2.4544469648848,0.49580080794246795,3,143
Bardet-Biedl syndrome,European,125,49,21,1.8646213612423803,0.4013421231578134,21,143
Blepharocheilodontic syndrome,African,125,0,0,3.104383515585748,0.6254515634035606,2,143
Blepharocheilodontic syndrome,East Asian,125,0,0,2.9254145356075547,0.5496328105566628,3,143
Blepharocheilodontic syndrome,European,125,0,0,2.2318438685650848,0.7011017870900635,2,143
CANTU SYNDROME,African,125,0,0,1.6114420005200085,0.389075870766114,3,143
CANTU SYNDROME,European,125,17,0,1.806316152392759,0.3013452217636436,9,143
"CARDIAC, FACIAL, AND DIGITAL ANOMALIES WITH DEVELOPMENTAL DELAY; CAFDADD",European,125,0,0,1.5783007604797312,0.3107648950599463,3,143
CARDIOSPONDYLOCARPOFACIAL SYNDROME; CSCF,European,125,0,0,1.7612175907651006,0.491714108583316,3,143
CAREY-FINEMAN-ZITER SYNDROME; CFZS,European,125,16,0,1.7461450768835072,0.5338208285403748,7,143
CATEL-MANZKE SYNDROME; CATMANS,European,125,0,0,2.1507517671111636,0.6335265900325424,2,143
CDH8,European,125,0,0,3.5057725808231934,0.5533590013469559,3,143
CEBALID SYNDROME; CEBALID,European,125,21,11,1.6129439064910254,0.3155082408827133,18,143
CEBALID SYNDROME; CEBALID,Middle Eastern,125,0,0,2.8862405092633012,0.4819040653521163,2,142
CEBALID SYNDROME; CEBALID,South Asian,125,0,0,2.5851007746015995,0.5091308592498003,2,143
"CEREBELLAR ATROPHY, VISUAL IMPAIRMENT, AND PSYCHOMOTOR RETARDATION; CAVIPMR",Middle Eastern,125,0,0,2.212098619813021,0.40736134807900665,4,142
"CEREBELLAR, OCULAR, CRANIOFACIAL, AND GENITAL SYNDROME; COFG",African,125,0,0,2.4801536326481353,0.509063931669396,2,143
"CEREBELLAR, OCULAR, CRANIOFACIAL, AND GENITAL SYNDROME; COFG",Middle Eastern,125,0,0,1.6121609147621476,0.37017990380035964,11,142
CEREBELLOFACIODENTAL SYNDROME; CFDS,European,125,2,0,1.8962469354948077,0.28918284914399983,7,143
CEREBROCOSTOMANDIBULAR SYNDROME; CCMS,European,125,4,0,1.6691179351534988,0.4998068520472212,8,143
CHANARIN-DORFMAN SYNDROME; CDS,European,125,0,0,1.753451431243571,0.44349242096528774,2,143
"CHARCOT-MARIE-TOOTH DISEASE, TYPE 4B3; CMT4B3",European,125,0,0,4.783252858780808,0.7028851267380378,3,143
CHARGE SYNDROME,African,125,0,0,2.008402619590237,0.3926402887132323,2,143
CHARGE SYNDROME,East Asian,125,39,20,2.112486447066902,0.32747584423846937,20,143
CHARGE SYNDROME,European,125,4,4,1.3029094762472022,0.19556710815237505,20,143
CHARGE SYNDROME,Latino/Hispanic,125,0,0,2.723480042956638,0.4000345564089926,3,143
CHITAYAT SYNDROME; CHYTS,European,125,0,0,2.037535677241602,0.5107624162148847,4,143
CHOPS SYNDROME; CHOPS,African,125,0,0,2.5109019123805196,0.7978903661957598,2,143
CHOPS SYNDROME; CHOPS,European,125,0,0,1.6148276771660766,0.39422791699507953,7,143
CHROMOSOME 18q DELETION SYNDROME,African,125,0,0,4.325086033440951,0.560655210593652,2,143
"CHROMOSOME 1p36 DELETION SYNDROME, DISTAL",African,125,0,0,1.8378269406430414,0.38034245004350203,2,143
"CHROMOSOME 22q11.2 DELETION SYNDROME, DISTAL",African,125,29,0,2.4423208013374293,0.5514941268080892,7,143
"CHROMOSOME 22q11.2 DELETION SYNDROME, DISTAL",European,125,39,28,1.5541559485903151,0.46874878050996766,10,143
CHROMOSOME 2q37 DELETION SYNDROME,European,125,0,0,1.987230708142474,0.3263713135900208,3,143
CHUNG-JANSEN SYNDROME; CHUJANS,European,125,34,11,1.6993584450580008,0.2989950319159782,29,143
CIMDAG SYNDROME; CIMDAG,European,125,0,0,2.8978650465602716,0.5081502234576523,3,143
CK SYNDROME; CKS,European,125,0,0,1.9641282221540928,0.5012228619281626,3,143
CLARK-BARAITSER SYNDROME; CLABARS,European,125,8,6,1.1785137227241842,0.2959462540450493,24,143
CLARK-BARAITSER SYNDROME; CLABARS,Middle Eastern,125,0,0,2.032750813439462,0.4978068673976038,2,142
"CLEFT PALATE, CARDIAC DEFECTS, AND MENTAL RETARDATION; CPCMR",European,125,3,3,1.215115346353913,0.3139687213838456,13,143
CLEIDOCRANIAL DYSPLASIA; CCD,African,125,0,0,1.8147420392205726,0.43745931485982714,4,143
CLEIDOCRANIAL DYSPLASIA; CCD,East Asian,125,24,0,1.8346187922210522,0.37121784267344843,9,143
CLEIDOCRANIAL DYSPLASIA; CCD,Latino/Hispanic,125,0,0,2.4342414732687443,0.8454884820140747,2,143
CLEIDOCRANIAL DYSPLASIA; CCD,South Asian,125,0,0,3.1509515767071594,0.5073876440780934,3,143
COCKAYNE SYNDROME A; CSA,African,125,0,0,2.496493484331537,0.7370127941881528,2,143
COFFIN-LOWRY SYNDROME; CLS,African,125,0,0,2.7270353039226407,0.7245073664277727,3,143
COFFIN-LOWRY SYNDROME; CLS,East Asian,125,44,0,3.4033454688978244,0.4947553614279965,9,143
COFFIN-LOWRY SYNDROME; CLS,European,125,30,27,2.4532165284842646,0.3757947366899997,12,143
"COGNITIVE FUNCTION 1, SOCIAL; CGF1",African,125,35,24,1.6692966418743111,0.3719280214757517,15,143
COHEN SYNDROME; COH1,African,125,0,0,2.212058764573743,0.49135834021961766,2,143
COHEN SYNDROME; COH1,European,125,35,6,0.9590158375542961,0.23902130846572195,53,143
COHEN SYNDROME; COH1,Middle Eastern,125,0,0,1.989272201784045,0.5181810173517181,2,142
COHEN-GIBSON SYNDROME; COGIS,European,125,0,0,1.639673456629258,0.35610759364116756,5,143
"CONGENITAL ANOMALIES OF KIDNEY AND URINARY TRACT SYNDROME WITH OR WITHOUT HEARING LOSS, ABNORMAL EARS, OR DEVELOPMENTAL DELAY; CAKUTHED",European,125,0,0,3.106956748682102,0.8437134823919278,3,143
"CONGENITAL CATARACTS, FACIAL DYSMORPHISM, AND NEUROPATHY; CCFDN",European,125,0,0,1.0967754226205713,0.3505082475560387,7,143
"CONGENITAL CONTRACTURES OF THE LIMBS AND FACE, HYPOTONIA, AND DEVELOPMENTAL DELAY; CLIFAHDD",European,125,0,0,2.337301461450916,0.4096599741973656,2,143
"CONGENITAL HEART DEFECTS, DYSMORPHIC FACIAL FEATURES, AND INTELLECTUAL DEVELOPMENTAL DISORDER; CHDFIDD",European,125,37,21,1.6779013656220525,0.37401897014383184,18,143
"CONGENITAL HEART DEFECTS, MULTIPLE TYPES, 2; CHTD2",African,125,0,0,2.8085844212667066,0.46298048704400724,3,143
"CONGENITAL HEART DEFECTS, MULTIPLE TYPES, 2; CHTD2",European,125,34,23,1.649126531495492,0.36960790386457343,15,143
"CORPUS CALLOSUM, AGENESIS OF, WITH FACIAL ANOMALIES AND ROBIN SEQUENCE",European,125,0,0,2.719683476591474,0.5747349000552235,2,143
COSTELLO SYNDROME; CSTLO,East Asian,125,21,0,3.4187119380035402,0.3738372915387616,6,143
COSTELLO SYNDROME; CSTLO,European,125,24,13,1.0775371229343846,0.3717339494603476,25,143
COSTELLO SYNDROME; CSTLO,Latino/Hispanic,125,10,0,2.5515291194509833,0.4000431952357511,4,143
COSTELLO SYNDROME; CSTLO,Middle Eastern,125,0,0,2.07721904375462,0.4530591760594386,2,142
"CRANIOFACIAL DYSMORPHISM, SKELETAL ANOMALIES, AND MENTAL RETARDATION SYNDROME; CFSMR",European,125,4,0,2.769628443273856,0.3158015236673311,4,143
CRANIOFACIAL MICROSOMIA; CFM,European,125,0,0,2.122135940852679,0.5311925700088322,4,143
CRANIOFRONTONASAL SYNDROME; CFNS,East Asian,125,21,0,3.198044891207595,0.5263189640136621,7,143
CRANIOFRONTONASAL SYNDROME; CFNS,European,125,53,22,2.500370556019366,0.45871487339244266,21,143
CRANIOFRONTONASAL SYNDROME; CFNS,Latino/Hispanic,125,7,0,2.522372898749604,0.4773882178773462,5,143
CRANIOFRONTONASAL SYNDROME; CFNS,South Asian,125,35,0,6.265783917976734,0.7011713916083318,4,143
CROUZON SYNDROME,African,125,45,0,3.9852069742250995,0.6773655216306931,7,143
CROUZON SYNDROME,East Asian,125,26,0,4.159039356326675,0.5573531474686049,6,143
CROUZON SYNDROME,European,125,49,22,2.5847700062732972,0.46837794385476716,20,143
CROUZON SYNDROME,Middle Eastern,125,20,0,5.4120403120176475,0.8027823808485283,3,142
CROUZON SYNDROME,SE Asian,125,55,0,4.02115620328951,0.7436996061354084,6,143
CROUZON SYNDROME,South Asian,125,13,0,2.8799584422080224,0.4480277167463713,9,143
CSNK1G1,European,125,0,0,1.5483834239817633,0.4057430864396964,3,143
CURRARINO SYNDROME,European,125,0,0,3.029793874971353,0.4086410964535036,2,143
CYSTIC FIBROSIS; CF,European,125,0,0,1.5224167824326689,0.44419724495511975,3,143
Cardiofaciocutaneous syndrome,European,125,57,24,1.4292858368630361,0.4135320183010084,25,143
Cardiofaciocutaneous syndrome,SE Asian,125,13,0,1.8348896239751342,0.47745320936651636,5,143
"Central hypoventilation syndrome, congenital",African,125,0,0,2.389543895685119,0.5140974043076662,2,143
Cerebral creatine deficiency syndrome,European,125,0,0,2.6416981331348612,0.7844877682227775,2,143
Coffin-Siris syndrome,African,125,0,0,2.5377920814140387,0.5093172751035109,3,143
Coffin-Siris syndrome,East Asian,125,0,0,1.40354179373196,0.6096853320055028,4,143
Coffin-Siris syndrome,European,125,74,3,0.8797908305309603,0.3315893160282336,119,143
Coffin-Siris syndrome,Latino/Hispanic,125,0,0,3.86167532246105,0.632061608394947,2,143
Coffin-Siris syndrome,Middle Eastern,125,0,0,2.910547541709176,0.692453492074854,3,142
Cold-induced sweating syndrome,European,125,0,0,2.3151188340243234,0.6406161321367008,5,143
Cold-induced sweating syndrome,Middle Eastern,125,0,0,2.3579913350113664,0.48785238764018535,4,142
Cole-Carpenter syndrome,South Asian,125,0,0,2.5992487488676,0.935131959098296,2,143
"Congenital disorders of glycosylation, type II",European,125,18,0,3.122622083605893,0.3880367507230275,6,143
Cornelia de Lange syndrome,African,125,60,30,1.8865408637909957,0.5156812168239252,22,143
Cornelia de Lange syndrome,East Asian,125,0,0,2.5912118013183205,0.8043182593337331,4,143
Cornelia de Lange syndrome,European,125,50,3,1.0988571006197674,0.1995748022004397,177,143
Cornelia de Lange syndrome,Latino/Hispanic,125,66,14,1.4691550331948844,0.29333803172847345,71,143
Cornelia de Lange syndrome,Middle Eastern,125,19,14,1.8382436992414677,0.34969012992708326,11,142
Cornelia de Lange syndrome,SE Asian,125,2,0,1.7343257263357184,0.2547134543657814,9,143
Cornelia de Lange syndrome,South Asian,125,8,8,1.3890755305647697,0.34978521548686375,11,143
Craniosynostosis,European,125,0,0,1.1981492939603942,0.47182317141258806,8,143
Cutis laxa,African,125,1,0,2.2700965344161133,0.6027676304460284,5,143
Cutis laxa,European,125,0,0,0.9082162867137705,0.2766460997672881,11,143
Cutis laxa,Latino/Hispanic,125,18,0,2.3308174258235463,0.7156497820496117,4,143
Cutis laxa,Middle Eastern,125,11,7,1.3544589892565682,0.2815977651250211,17,142
Cutis laxa,South Asian,125,0,0,1.6734186363622656,0.3845174258526203,5,143
DDX23,European,125,0,0,2.818231382224778,0.6188800426093748,2,143
"DEAFNESS, CATARACT, IMPAIRED INTELLECTUAL DEVELOPMENT, AND POLYNEUROPATHY; DCIDP",European,125,28,17,1.3218156841252517,0.4172892527527196,12,143
"DEAFNESS, CATARACT, IMPAIRED INTELLECTUAL DEVELOPMENT, AND POLYNEUROPATHY; DCIDP",Middle Eastern,125,0,0,2.9874689560492422,0.4637186094700719,5,142
"DEAFNESS, DYSTONIA, AND CEREBRAL HYPOMYELINATION; DDCH",European,125,0,0,2.9570336406647315,0.741282007882653,2,143
"DEAFNESS, ONYCHODYSTROPHY, OSTEODYSTROPHY, MENTAL RETARDATION, AND SEIZURES SYNDROME; DOORS",European,125,0,0,1.368934128483663,0.338791891012988,3,143
DESANTO-SHINAWI SYNDROME; DESSH,East Asian,125,0,0,3.029197022575147,0.6264462759889761,2,143
DESANTO-SHINAWI SYNDROME; DESSH,European,125,5,4,1.1235540531768606,0.2043835762406176,14,143
DESANTO-SHINAWI SYNDROME; DESSH,Latino/Hispanic,125,0,0,1.9029323875183775,0.6379130022635953,2,143
DEVELOPMENTAL AND EPILEPTIC ENCEPHALOPATHY 18; DEE18,European,125,0,0,2.070175994404687,0.5321600815982713,2,143
DEVELOPMENTAL AND EPILEPTIC ENCEPHALOPATHY 23; DEE23,European,125,0,0,11.83936000018304,0.6356732911394485,2,143
DEVELOPMENTAL AND EPILEPTIC ENCEPHALOPATHY 28; DEE28,European,125,1,0,1.6394401247527741,0.35784881080373127,8,143
DEVELOPMENTAL AND EPILEPTIC ENCEPHALOPATHY 28; DEE28,South Asian,125,0,0,2.6564180917373434,0.5160875522845026,2,143
DEVELOPMENTAL AND EPILEPTIC ENCEPHALOPATHY 2; DEE2,European,125,0,0,1.3137099845626419,0.4650865860259406,7,143
DEVELOPMENTAL AND EPILEPTIC ENCEPHALOPATHY 4; DEE4,European,125,0,0,2.464937655117587,0.4624961329927294,4,143
DEVELOPMENTAL AND EPILEPTIC ENCEPHALOPATHY 65; DEE65,European,125,0,0,2.378991122762734,0.6880308218244965,2,143
DEVELOPMENTAL AND EPILEPTIC ENCEPHALOPATHY 66; DEE66,European,125,9,0,1.8621775534505884,0.44610525826202724,6,143
DEVELOPMENTAL AND EPILEPTIC ENCEPHALOPATHY 70; DEE70,European,125,5,0,2.3937535100347493,0.49649861944509394,5,143
DEVELOPMENTAL AND EPILEPTIC ENCEPHALOPATHY 7; DEE7,European,125,0,0,1.9604927884679562,0.6217313279436055,2,143
DEVELOPMENTAL AND EPILEPTIC ENCEPHALOPATHY 80; DEE80,European,125,0,0,1.7644207675640002,0.5905132875711564,2,143
DEVELOPMENTAL AND EPILEPTIC ENCEPHALOPATHY 80; DEE80,Middle Eastern,125,0,0,4.6903135276314725,0.7657826627063913,2,142
DEVELOPMENTAL AND EPILEPTIC ENCEPHALOPATHY 83; DEE83,Middle Eastern,125,0,0,1.4132020823810953,0.46081927668244343,3,142
DEVELOPMENTAL AND EPILEPTIC ENCEPHALOPATHY 84; DEE84,European,125,0,0,2.21646796258598,0.5027988741158513,2,143
DEVELOPMENTAL AND EPILEPTIC ENCEPHALOPATHY 87; DEE87,European,125,0,0,1.4982850383799176,0.557818270679824,2,143
DEVELOPMENTAL AND EPILEPTIC ENCEPHALOPATHY 94; DEE94,European,125,0,0,1.1642342151572287,0.32017559684024177,10,143
DEVELOPMENTAL AND EPILEPTIC ENCEPHALOPATHY 95; DEE95,European,125,0,0,2.099350181870772,0.4571912570710085,4,143
DEVELOPMENTAL DELAY WITH OR WITHOUT DYSMORPHIC FACIES AND AUTISM; DEDDFA,European,125,4,4,1.0465748574190146,0.35688156883281497,19,143
DEVELOPMENTAL DELAY WITH OR WITHOUT INTELLECTUAL IMPAIRMENT OR BEHAVIORAL ABNORMALITIES; DDIB,European,125,11,0,1.624432311527493,0.5189011134114966,8,143
"DEVELOPMENTAL DELAY WITH SHORT STATURE, DYSMORPHIC FACIAL FEATURES, AND SPARSE HAIR; DEDSSH",European,125,0,0,1.8025742374421616,0.6763648124113725,2,143
DEVELOPMENTAL DELAY WITH VARIABLE INTELLECTUAL IMPAIRMENT AND BEHAVIORAL ABNORMALITIES; DDVIBA,European,125,8,4,1.2379927491209175,0.2712005801694284,14,143
"DEVELOPMENTAL DELAY, HYPOTONIA, MUSCULOSKELETAL DEFECTS, AND BEHAVIORAL ABNORMALITIES; DEHMBA",European,125,39,25,1.8896783147026455,0.49713638196904864,14,143
"DEVELOPMENTAL DELAY, IMPAIRED GROWTH, DYSMORPHIC FACIES, AND AXONAL NEUROPATHY; DIGFAN",European,125,53,47,2.3183524152936688,0.6226844732004515,10,143
"DIABETES MELLITUS, NEONATAL, WITH CONGENITAL HYPOTHYROIDISM; NDH",African,125,0,0,1.2778113046889104,0.35282581223423226,4,143
"DIABETES MELLITUS, NEONATAL, WITH CONGENITAL HYPOTHYROIDISM; NDH",European,125,0,0,1.7034737660078585,0.4715212938968822,2,143
"DIABETES MELLITUS, NEONATAL, WITH CONGENITAL HYPOTHYROIDISM; NDH",South Asian,125,0,0,2.668832828662275,0.674314384404992,2,143
DIETS-JONGMANS SYNDROME; DIJOS,European,125,6,0,1.5256023238927618,0.42287423972549604,9,143
DIGEORGE SYNDROME; DGS,East Asian,125,0,0,4.292932164207672,0.576810137773388,2,143
DIGEORGE SYNDROME; DGS,European,125,0,0,1.0966223136238935,0.3783963606311551,8,143
DONNAI-BARROW SYNDROME,Middle Eastern,125,0,0,1.3760610510582298,0.36701631540635626,3,142
DOWN SYNDROME,African,125,78,49,2.1042632490775075,0.7134278231584549,21,143
DUANE-RADIAL RAY SYNDROME; DRRS,European,125,0,0,1.8214366963713056,0.39516472278216247,5,143
Desbuquois dysplasia,European,125,0,0,2.9116765430492206,0.516036570958927,3,143
"ECTODERMAL DYSPLASIA WITH FACIAL DYSMORPHISM AND ACRAL, OCULAR, AND BRAIN ANOMALIES; EDFAOB",European,125,0,0,1.8859028554292576,0.4002572430529379,8,143
ELSAHY-WATERS SYNDROME; ESWS,European,125,11,0,5.676343499276308,0.568597690136993,4,143
Ectodermal dysplasia (select examples),East Asian,125,0,0,2.5363123777226595,0.5027070841626948,2,143
Ehlers-Danlos syndrome,East Asian,125,0,0,3.7686302386476536,0.49042106464476204,4,143
Ehlers-Danlos syndrome,European,125,57,20,1.3637900289400111,0.493129357808504,18,143
Ehlers-Danlos syndrome,Latino/Hispanic,125,0,0,2.146877591983373,0.5910182654299247,2,143
Ehlers-Danlos syndrome,Middle Eastern,125,34,27,1.7812427755413978,0.49754148745335813,12,142
"FACIAL DYSMORPHISM, HYPERTRICHOSIS, EPILEPSY, INTELLECTUAL/DEVELOPMENTAL DELAY, AND GINGIVAL OVERGROWTH SYNDROME; FHEIG",European,125,0,0,2.4266972841247765,0.6218637811206803,4,143
"FACIAL PALSY, CONGENITAL, WITH PTOSIS AND VELOPHARYNGEAL DYSFUNCTION; FPVEPD",European,125,13,12,2.074441436391138,0.32973074710921824,15,143
FAM20B,East Asian,125,0,0,2.92440695075631,0.7338999761567885,2,143
FBXW7,European,125,80,25,1.4579809583227394,0.5281409026490885,24,143
FG syndrome,European,125,0,0,1.4201893968317683,0.2941587945866024,8,143
FG syndrome,Middle Eastern,125,0,0,2.2215337735473395,0.5593205985430546,2,142
FILIPPI SYNDROME; FLPIS,European,125,0,0,2.064932149894858,0.5306339980481743,3,143
FLOATING-HARBOR SYNDROME; FLHS,East Asian,125,25,21,1.4275169336029667,0.3294981053090048,14,143
FLOATING-HARBOR SYNDROME; FLHS,European,125,86,20,1.581023116982233,0.4604444915260755,62,143
FLOATING-HARBOR SYNDROME; FLHS,Latino/Hispanic,125,0,0,2.4545994113131693,0.5779971396054856,3,143
FOCAL DERMAL HYPOPLASIA; FDH,European,125,0,0,1.0711271834027254,0.254373538619656,12,143
FOCAL DERMAL HYPOPLASIA; FDH,SE Asian,125,0,0,2.4686551877571694,0.5487634301386145,4,143
FOCAL DERMAL HYPOPLASIA; FDH,South Asian,125,0,0,2.199454432656463,0.4307807453523305,2,143
FONTAINE PROGEROID SYNDROME; FPS,European,125,1,0,1.6259355313689612,0.27144585608748106,9,143
FOXA2,European,125,0,0,2.7431289189754455,0.5965843369430911,2,143
FRA10AC1,Middle Eastern,125,50,0,3.158591228993559,0.9311875114175269,5,142
FRAGILE X SYNDROME; FXS,African,125,0,0,3.162971254156647,0.6532577966907152,3,143
FRAGILE X SYNDROME; FXS,European,125,10,8,1.3419638347115483,0.2597219217812815,15,143
FRANK-TER HAAR SYNDROME; FTHS,European,125,15,0,2.346037233839758,0.5019850798850104,5,143
FRIAS SYNDROME,European,125,0,0,3.202037220369688,0.45423059953919137,2,143
"Facial paresis, hereditary congenital",Middle Eastern,125,15,0,2.2294284951185794,0.48611192810246007,5,142
Facioscapulohumeral muscular dystrophy,European,125,42,0,3.4169486978550796,0.49012100148770155,7,143
Focal facial dermal dysplasia,European,125,0,0,2.176217044887963,0.5462279281938353,4,143
Fraser syndrome,European,125,0,0,2.667019489213504,0.2977201357631566,3,143
Frontometaphyseal dysplasia,European,125,0,0,2.083552686994801,0.48439605969569294,3,143
GAND SYNDROME; GAND,European,125,24,5,1.6168810051696227,0.2822993268051975,22,143
GAPO SYNDROME; GAPOS,African,125,0,0,3.3946189792906294,0.6732703887539708,2,143
GAPO SYNDROME; GAPOS,European,125,10,0,2.6274065351501736,0.4708263230814825,7,143
GENITOPATELLAR SYNDROME; GTPTS,East Asian,125,0,0,2.4721253957458997,0.646791894734115,3,143
GENITOPATELLAR SYNDROME; GTPTS,European,125,1,1,1.3917279390339163,0.3507375207844511,10,143
GERODERMA OSTEODYSPLASTICUM; GO,Latino/Hispanic,125,0,0,2.504379266877735,0.851110990694625,2,143
GERODERMA OSTEODYSPLASTICUM; GO,Middle Eastern,125,2,0,1.7297112278458775,0.5323843130069749,8,142
GLASS SYNDROME; GLASS,East Asian,125,2,0,2.314129223252108,0.36964510656777294,6,143
GLASS SYNDROME; GLASS,European,125,56,24,1.5093048592760545,0.370134452829764,25,143
GLOBAL DEVELOPMENTAL DELAY WITH SPEECH AND BEHAVIORAL ABNORMALITIES; GDSBA,European,125,0,0,2.901418712626594,0.7998989441563502,3,143
"GLOBAL DEVELOPMENTAL DELAY, ABSENT OR HYPOPLASTIC CORPUS CALLOSUM, AND DYSMORPHIC FACIES; GDACCF",European,125,0,0,2.0960770827171964,0.37955131341931136,4,143
GLYCINE ENCEPHALOPATHY WITH NORMAL SERUM GLYCINE,Middle Eastern,125,0,0,3.581131894547879,1.2948558231082157,2,142
GNAI1,European,125,0,0,1.3086968243150783,0.3304890181139007,7,143
GOMEZ-LOPEZ-HERNANDEZ SYNDROME; GLHS,Latino/Hispanic,125,0,0,1.3777753835856903,0.32788582922236165,3,143
Galloway-Mowat syndrome,African,125,0,0,1.8080670497207385,0.4167870685053666,4,143
Galloway-Mowat syndrome,East Asian,125,0,0,2.109485180701027,0.6483832625772943,4,143
H4C3,European,125,0,0,1.624626251549278,0.5573388914564741,2,143
H4C5,European,125,0,0,1.0379223660052395,0.26575847626254157,8,143
H4C9,European,125,0,0,2.3970011600204972,0.42084569868683164,3,143
HAJDU-CHENEY SYNDROME; HJCYS,European,125,0,0,2.2798068831400466,0.40453327389113036,3,143
HAO-FOUNTAIN SYNDROME; HAFOUS,African,125,0,0,3.5727410288634114,0.8537321602970338,2,143
HAO-FOUNTAIN SYNDROME; HAFOUS,European,125,45,9,1.7394182785754224,0.37400048591416485,33,143
HAREL-YOON SYNDROME; HAYOS,European,125,0,0,2.0944423410776714,0.734175798988504,2,143
HARTSFIELD SYNDROME; HRTFDS,European,125,0,0,2.484727147638081,0.5052129608476645,2,143
HEART AND BRAIN MALFORMATION SYNDROME; HBMS,European,125,4,0,1.97146274938516,0.31622955504793343,6,143
HELSMOORTEL-VAN DER AA SYNDROME; HVDAS,European,125,45,6,0.9599090844375087,0.255882950778096,55,143
HIATT-NEU-COOPER NEURODEVELOPMENTAL SYNDROME; HINCONS,European,125,19,0,1.9225002854565407,0.5846501265308239,8,143
HYPOPARATHYROIDISM-RETARDATION-DYSMORPHISM SYNDROME; HRDS,African,125,2,0,1.9987704045974903,0.41552349223660023,5,143
HYPOPARATHYROIDISM-RETARDATION-DYSMORPHISM SYNDROME; HRDS,Middle Eastern,125,0,0,6.733152512864177,0.8544533530809542,2,142
"HYPOTONIA, ATAXIA, AND DELAYED DEVELOPMENT SYNDROME; HADDS",European,125,0,0,1.9719060665261825,0.39414230804832356,6,143
"HYPOTONIA, ATAXIA, AND DELAYED DEVELOPMENT SYNDROME; HADDS",Middle Eastern,125,0,0,2.1348993465477544,0.4492673442001288,2,142
"HYPOTONIA, ATAXIA, AND DELAYED DEVELOPMENT SYNDROME; HADDS",South Asian,125,0,0,2.24665553725749,0.5582651678754843,2,143
Hennekam lymphangiectasia-lymphedema syndrome,European,125,1,0,2.1541835439157553,0.48216419934040217,9,143
Hennekam lymphangiectasia-lymphedema syndrome,Middle Eastern,125,0,0,2.4841572070719713,0.38871332081280546,4,142
Hermansky-Pudlak syndrome,East Asian,125,0,0,2.443400539232966,0.5229904461692299,2,143
Holoprosencephaly,European,125,45,17,1.2974697483138475,0.40711328561114746,21,143
Hutchinson-Gilford progeria,African,125,0,0,1.6126333675218996,0.6356055127949031,5,143
Hutchinson-Gilford progeria,East Asian,125,3,0,2.032628900256596,0.5100326778098794,6,143
Hutchinson-Gilford progeria,European,125,53,28,2.1975063495462455,0.3544122284396749,31,143
Hutchinson-Gilford progeria,Latino/Hispanic,125,0,0,1.142479392587886,0.26515241985763705,7,143
Hutchinson-Gilford progeria,South Asian,125,43,0,2.3859523373313474,0.7996016830178228,6,143
Hyper-IgE recurrent infection syndrome,Middle Eastern,125,0,0,1.5538027718682719,0.4480173262502152,6,142
Hyper-IgE recurrent infection syndrome,South Asian,125,9,0,2.827170656093249,0.49853946092289825,5,143
Hyperphosphatasia with mental retardation syndrome,African,125,65,13,1.227407899722085,0.43281302447283987,27,143
Hyperphosphatasia with mental retardation syndrome,European,125,47,6,1.4677952235269782,0.39576561218270395,27,143
Hyperphosphatasia with mental retardation syndrome,Middle Eastern,125,6,6,1.1855635814313488,0.19345240441555836,16,142
Hypoplastic left heart syndrome,European,125,0,0,3.4943872049584894,0.88677742070506,2,143
"Hypotonia, infantile, with psychomotor retardation and characteristic facies",African,125,0,0,1.5779820355815595,0.3344008449421073,6,143
"Hypotonia, infantile, with psychomotor retardation and characteristic facies",European,125,0,0,1.7237535834869893,0.5316220421997632,3,143
"Hypotonia, infantile, with psychomotor retardation and characteristic facies",Latino/Hispanic,125,0,0,2.204287045428309,0.6924677070316684,3,143
IMPAIRED INTELLECTUAL DEVELOPMENT AND DISTINCTIVE FACIAL FEATURES WITH OR WITHOUT CARDIAC DEFECTS; MRFACD,European,125,8,3,0.9907362257309535,0.22123150174025116,23,143
IMPAIRED INTELLECTUAL DEVELOPMENT AND DISTINCTIVE FACIAL FEATURES WITH OR WITHOUT CARDIAC DEFECTS; MRFACD,Middle Eastern,125,0,0,3.394013519625317,0.6431791191109135,2,142
"INTELLECTUAL DEVELOPMENTAL DISORDER WITH AUTISTIC FEATURES AND LANGUAGE DELAY, WITH OR WITHOUT SEIZURES; IDDALDS",European,125,0,0,1.0744203554247735,0.29968671498853044,7,143
INTELLECTUAL DEVELOPMENTAL DISORDER WITH BEHAVIORAL ABNORMALITIES AND CRANIOFACIAL DYSMORPHISM WITH OR WITHOUT SEIZURES; IDDBCS,European,125,0,0,1.2506092005769964,0.45286945708013016,3,143
INTELLECTUAL DEVELOPMENTAL DISORDER WITH CARDIAC DEFECTS AND DYSMORPHIC FACIES; IDDCDF,Middle Eastern,125,21,0,2.8413611515265127,0.49793830268744566,7,142
INTELLECTUAL DEVELOPMENTAL DISORDER WITH DYSMORPHIC FACIES AND BEHAVIORAL ABNORMALITIES; IDDFBA,East Asian,125,0,0,1.8247594080498342,0.7986663227975987,2,143
INTELLECTUAL DEVELOPMENTAL DISORDER WITH DYSMORPHIC FACIES AND BEHAVIORAL ABNORMALITIES; IDDFBA,European,125,19,6,1.0742387568174743,0.27858851194786793,24,143
INTELLECTUAL DEVELOPMENTAL DISORDER WITH DYSMORPHIC FACIES AND PTOSIS; IDDDFP,European,125,20,15,1.134449137101639,0.30241292697230315,12,143
INTELLECTUAL DEVELOPMENTAL DISORDER WITH DYSMORPHIC FACIES AND PTOSIS; IDDDFP,Middle Eastern,125,0,0,2.4498854780674724,0.7029712477474211,2,142
"INTELLECTUAL DEVELOPMENTAL DISORDER WITH DYSMORPHIC FACIES, SEIZURES, AND DISTAL LIMB ANOMALIES; IDDFSDA",Middle Eastern,125,18,0,2.3049968339397737,0.4551820981757241,6,142
INTELLECTUAL DEVELOPMENTAL DISORDER WITH HYPERTELORISM AND DISTINCTIVE FACIES; IDDHDF,East Asian,125,11,0,4.0302418677029594,0.5473566681550932,4,143
INTELLECTUAL DEVELOPMENTAL DISORDER WITH HYPOTONIA AND BEHAVIORAL ABNORMALITIES; IDDHBA,European,125,0,0,1.854275936258352,0.5373644995074509,3,143
INTELLECTUAL DEVELOPMENTAL DISORDER WITH IMPAIRED LANGUAGE AND DYSMORPHIC FACIES; IDDILF,European,125,0,0,2.1531303147361673,0.5148232865404827,3,143
"INTELLECTUAL DEVELOPMENTAL DISORDER WITH MACROCEPHALY, SEIZURES, AND SPEECH DELAY; IDDMSSD",African,125,0,0,2.5594518455962034,0.526874855449555,2,143
"INTELLECTUAL DEVELOPMENTAL DISORDER WITH MACROCEPHALY, SEIZURES, AND SPEECH DELAY; IDDMSSD",Middle Eastern,125,0,0,2.7617586096327424,0.3802486352971217,3,142
INTELLECTUAL DEVELOPMENTAL DISORDER WITH PERSISTENCE OF FETAL HEMOGLOBIN,East Asian,125,0,0,3.269229085009268,0.5298984231578342,2,143
INTELLECTUAL DEVELOPMENTAL DISORDER WITH PERSISTENCE OF FETAL HEMOGLOBIN,European,125,43,9,1.1333273668897819,0.2845773092545064,27,143
INTELLECTUAL DEVELOPMENTAL DISORDER WITH SEVERE SPEECH AND AMBULATION DEFECTS; IDDSSAD,European,125,0,0,1.076328901955315,0.2150675511012034,7,143
"INTELLECTUAL DEVELOPMENTAL DISORDER WITH SHORT STATURE, FACIAL ANOMALIES, AND SPEECH DEFECTS; IDDSFAS",South Asian,125,0,0,4.223478617994906,0.8035445993547469,2,143
"INTELLECTUAL DEVELOPMENTAL DISORDER WITH SPEECH DELAY, AUTISM, AND DYSMORPHIC FACIES; IDDSADF",European,125,0,0,1.0795703887366546,0.304878134215135,8,143
"INTELLECTUAL DEVELOPMENTAL DISORDER WITH SPEECH DELAY, DYSMORPHIC FACIES, AND T-CELL ABNORMALITIES; IDDSFTA",East Asian,125,0,0,3.6070470153858363,0.5611131685569709,4,143
"INTELLECTUAL DEVELOPMENTAL DISORDER WITH SPEECH DELAY, DYSMORPHIC FACIES, AND T-CELL ABNORMALITIES; IDDSFTA",European,125,5,0,1.519881495478722,0.21704056169309333,8,143
"INTELLECTUAL DEVELOPMENTAL DISORDER WITH SPEECH DELAY, DYSMORPHIC FACIES, AND T-CELL ABNORMALITIES; IDDSFTA",Latino/Hispanic,125,0,0,1.6306435108061565,0.5821141036397037,2,143
"INTELLECTUAL DEVELOPMENTAL DISORDER WITH SPEECH DELAY, DYSMORPHIC FACIES, AND T-CELL ABNORMALITIES; IDDSFTA",Middle Eastern,125,0,0,2.508630179235184,0.5803230542271611,2,142
"INTELLECTUAL DEVELOPMENTAL DISORDER, AUTOSOMAL DOMINANT 21; MRD21",East Asian,125,0,0,3.747031459938205,0.8856253078377652,3,143
"INTELLECTUAL DEVELOPMENTAL DISORDER, AUTOSOMAL DOMINANT 21; MRD21",European,125,5,4,1.0998821186128933,0.25357664613521125,19,143
"INTELLECTUAL DEVELOPMENTAL DISORDER, AUTOSOMAL DOMINANT 21; MRD21",Middle Eastern,125,0,0,2.3961117333683233,0.37333230603996753,2,142
"INTELLECTUAL DEVELOPMENTAL DISORDER, AUTOSOMAL DOMINANT 23; MRD23",European,125,3,3,1.4426227145361539,0.26247631413920125,10,143
"INTELLECTUAL DEVELOPMENTAL DISORDER, AUTOSOMAL DOMINANT 26; MRD26",European,125,0,0,2.7485730590871387,0.5800624215933634,3,143
"INTELLECTUAL DEVELOPMENTAL DISORDER, AUTOSOMAL DOMINANT 38; MRD38",East Asian,125,0,0,2.4121696804216475,0.28900707336588893,3,143
"INTELLECTUAL DEVELOPMENTAL DISORDER, AUTOSOMAL DOMINANT 40; MRD40",European,125,10,7,1.1968680768587916,0.3934495452569661,13,143
"INTELLECTUAL DEVELOPMENTAL DISORDER, AUTOSOMAL DOMINANT 50, WITH BEHAVIORAL ABNORMALITIES; MRD50",European,125,59,5,1.3419078213531859,0.35296561077324734,50,143
"INTELLECTUAL DEVELOPMENTAL DISORDER, AUTOSOMAL DOMINANT 50, WITH BEHAVIORAL ABNORMALITIES; MRD50",South Asian,125,0,0,2.660730824953752,0.5938554952659229,3,143
"INTELLECTUAL DEVELOPMENTAL DISORDER, AUTOSOMAL DOMINANT 53; MRD53",European,125,0,0,1.349050829798961,0.20336887612150167,4,143
"INTELLECTUAL DEVELOPMENTAL DISORDER, AUTOSOMAL DOMINANT 59; MRD59",European,125,0,0,1.5406117255229503,0.44893005667685243,4,143
"INTELLECTUAL DEVELOPMENTAL DISORDER, AUTOSOMAL DOMINANT 5; MRD5",European,125,19,3,1.0186155333910485,0.26267071164520583,37,143
"INTELLECTUAL DEVELOPMENTAL DISORDER, AUTOSOMAL DOMINANT 62; MRD62",African,125,0,0,1.7667208060704727,0.4973995427023256,2,143
"INTELLECTUAL DEVELOPMENTAL DISORDER, AUTOSOMAL DOMINANT 62; MRD62",European,125,0,0,1.6057625575903653,0.31495389429518905,5,143
"INTELLECTUAL DEVELOPMENTAL DISORDER, AUTOSOMAL DOMINANT 7; MRD7",East Asian,125,0,0,2.3181448928447907,0.3785168707046083,2,143
"INTELLECTUAL DEVELOPMENTAL DISORDER, AUTOSOMAL DOMINANT 7; MRD7",European,125,35,9,1.389410546989918,0.2934668197266815,31,143
"INTELLECTUAL DEVELOPMENTAL DISORDER, AUTOSOMAL DOMINANT 7; MRD7",Latino/Hispanic,125,0,0,2.1062652511107474,0.48658408368481865,2,143
"INTELLECTUAL DEVELOPMENTAL DISORDER, AUTOSOMAL RECESSIVE 13; MRT13",Middle Eastern,125,0,0,2.1516291390827496,0.4566145884273484,2,142
"INTELLECTUAL DEVELOPMENTAL DISORDER, AUTOSOMAL RECESSIVE 39; MRT39",East Asian,125,0,0,1.6150509714151233,0.4272047779293089,2,143
"INTELLECTUAL DEVELOPMENTAL DISORDER, AUTOSOMAL RECESSIVE 46; MRT46",Middle Eastern,125,15,0,2.4171064739500827,0.6808417030589583,5,142
"INTELLECTUAL DEVELOPMENTAL DISORDER, AUTOSOMAL RECESSIVE 58; MRT58",European,125,0,0,2.3464816811503786,0.6808746844785633,2,143
"INTELLECTUAL DEVELOPMENTAL DISORDER, AUTOSOMAL RECESSIVE 5; MRT5",East Asian,125,0,0,2.30750994525841,0.4138368779334405,2,143
"INTELLECTUAL DEVELOPMENTAL DISORDER, AUTOSOMAL RECESSIVE 65; MRT65",European,125,0,0,1.9852002905847295,0.45569076228622946,3,143
"INTELLECTUAL DEVELOPMENTAL DISORDER, AUTOSOMAL RECESSIVE 67; MRT67",European,125,0,0,1.1259531332148196,0.26227374180881724,6,143
"INTELLECTUAL DEVELOPMENTAL DISORDER, AUTOSOMAL RECESSIVE 72; MRT72",Middle Eastern,125,0,0,2.980073352787372,0.5449925476792566,2,142
"INTELLECTUAL DEVELOPMENTAL DISORDER, AUTOSOMAL RECESSIVE 72; MRT72",SE Asian,125,0,0,2.338366778777883,0.5405638275601756,2,143
"INTELLECTUAL DEVELOPMENTAL DISORDER, AUTOSOMAL RECESSIVE 7; MRT7",European,125,0,0,2.7539506243887955,0.4631879077096866,2,143
"INTELLECTUAL DEVELOPMENTAL DISORDER, X-LINKED 93; XLID93",European,125,30,6,1.8997997779409197,0.3320347166389478,19,143
"INTELLECTUAL DEVELOPMENTAL DISORDER, X-LINKED 98; XLID98",European,125,0,0,2.7372891135691098,0.6072699247536557,2,143
"INTELLECTUAL DEVELOPMENTAL DISORDER, X-LINKED 99, SYNDROMIC, FEMALE-RESTRICTED; MRXS99F",East Asian,125,0,0,4.210703189045725,0.9442968168266843,2,143
"INTELLECTUAL DEVELOPMENTAL DISORDER, X-LINKED 99, SYNDROMIC, FEMALE-RESTRICTED; MRXS99F",European,125,9,7,1.5742699408322234,0.36007452013943125,14,143
"INTELLECTUAL DEVELOPMENTAL DISORDER, X-LINKED, SYNDROMIC 33; MRXS33",East Asian,125,0,0,2.103497969113021,0.4226896276764063,2,143
"INTELLECTUAL DEVELOPMENTAL DISORDER, X-LINKED, SYNDROMIC 33; MRXS33",European,125,37,12,1.2443913646501283,0.26737670920986817,31,143
"INTELLECTUAL DEVELOPMENTAL DISORDER, X-LINKED, SYNDROMIC, 35; MRXS35",European,125,0,0,1.2630677360774751,0.4130918142265955,4,143
"INTELLECTUAL DEVELOPMENTAL DISORDER, X-LINKED, SYNDROMIC, ARMFIELD TYPE; MRXSA",European,125,0,0,1.5700239961602724,0.46864971594292765,7,143
"INTELLECTUAL DEVELOPMENTAL DISORDER, X-LINKED, SYNDROMIC, BILLUART TYPE; MRXSBL",European,125,2,0,1.1503647866048263,0.38734312137936583,8,143
"INTELLECTUAL DEVELOPMENTAL DISORDER, X-LINKED, SYNDROMIC, CABEZAS TYPE; MRXSC",European,125,39,9,1.2173099801902034,0.3006350727201049,28,143
"INTELLECTUAL DEVELOPMENTAL DISORDER, X-LINKED, SYNDROMIC, CLAES-JENSEN TYPE; MRXSCJ",European,125,0,0,1.6839591719302422,0.47815435908638126,5,143
"INTELLECTUAL DEVELOPMENTAL DISORDER, X-LINKED, SYNDROMIC, HACKMANN-DI DONATO TYPE; MRXSHD",East Asian,125,0,0,1.7392930644146936,0.45749370127912325,2,143
"INTELLECTUAL DEVELOPMENTAL DISORDER, X-LINKED, SYNDROMIC, HACKMANN-DI DONATO TYPE; MRXSHD",European,125,0,0,1.6132253194515633,0.4100673828366268,3,143
"INTELLECTUAL DEVELOPMENTAL DISORDER, X-LINKED, SYNDROMIC, LUBS TYPE; MRXSL",East Asian,125,0,0,2.4177804193859105,0.7235339293218327,2,143
"INTELLECTUAL DEVELOPMENTAL DISORDER, X-LINKED, SYNDROMIC, LUBS TYPE; MRXSL",European,125,67,24,1.2936416895262652,0.42097126065869583,27,143
"INTELLECTUAL DEVELOPMENTAL DISORDER, X-LINKED, SYNDROMIC, LUJAN-FRYNS TYPE; MRXSLF",South Asian,125,0,0,2.086731354046775,0.5668343653919837,2,143
"INTELLECTUAL DEVELOPMENTAL DISORDER, X-LINKED, SYNDROMIC, NASCIMENTO TYPE; MRXSN",European,125,0,0,1.5613328016440158,0.35629371747077226,4,143
"INTELLECTUAL DEVELOPMENTAL DISORDER, X-LINKED, SYNDROMIC, NASCIMENTO TYPE; MRXSN",Latino/Hispanic,125,0,0,1.878314025487472,0.5700425045419741,2,143
"INTELLECTUAL DEVELOPMENTAL DISORDER, X-LINKED, SYNDROMIC, RAYMOND TYPE; MRXSR",European,125,2,0,1.550111840963865,0.4375969555982655,6,143
"INTELLECTUAL DEVELOPMENTAL DISORDER, X-LINKED, SYNDROMIC, SNIJDERS BLOK TYPE; MRXSSB",European,125,61,17,1.3103130331067911,0.37930161861674994,33,143
"INTELLECTUAL DEVELOPMENTAL DISORDER, X-LINKED, SYNDROMIC, SNYDER-ROBINSON TYPE; MRXSSR",African,125,0,0,2.4681269705399487,0.6349754844518815,2,143
"INTELLECTUAL DEVELOPMENTAL DISORDER, X-LINKED, SYNDROMIC, SNYDER-ROBINSON TYPE; MRXSSR",Latino/Hispanic,125,0,0,2.7989866252069637,0.448110394093233,2,143
"INTELLECTUAL DEVELOPMENTAL DISORDER, X-LINKED, SYNDROMIC, TURNER TYPE; MRXST",European,125,18,9,1.140400989909191,0.27540985239968535,20,143
"INTRAUTERINE GROWTH RETARDATION, METAPHYSEAL DYSPLASIA, ADRENAL HYPOPLASIA CONGENITA, GENITAL ANOMALIES, AND IMMUNODEFICIENCY; IMAGEI",European,125,7,7,1.5561446713414566,0.4944978298200631,10,143
Immunodeficiency-centromeric instability-facial anomalies,European,125,0,0,2.7764821223173626,0.6857372256378059,2,143
Infantile liver failure syndrome,European,125,40,0,2.6422583823058905,0.7266566036597777,5,143
JANSEN-DE VRIES SYNDROME; JDVS,European,125,0,0,1.0236582487581398,0.3077030296813437,7,143
JARID2,European,125,0,0,2.31889755607141,0.45708003393719104,2,143
JAWAD SYNDROME; JWDS,South Asian,125,0,0,2.4994135961952684,0.46653884188595124,2,143
JOHANSON-BLIZZARD SYNDROME; JBS,European,125,0,0,1.1106332974422997,0.265689657901489,5,143
Joubert syndrome,African,125,0,0,2.122885921219765,0.3983922619410831,5,143
Joubert syndrome,European,125,29,4,0.9263238950405818,0.2808857673712332,31,143
Joubert syndrome,Middle Eastern,125,0,0,2.357452268840282,0.5819491280259428,2,142
KAGAMI-OGATA SYNDROME,East Asian,125,0,0,1.6728344197412732,0.37806196711964474,6,143
KAUFMAN OCULOCEREBROFACIAL SYNDROME; KOS,European,125,0,0,1.261288913952281,0.3760667912489751,9,143
KAUFMAN OCULOCEREBROFACIAL SYNDROME; KOS,Latino/Hispanic,125,8,0,2.4208565632778174,0.3881171263776479,6,143
KAUFMAN OCULOCEREBROFACIAL SYNDROME; KOS,Middle Eastern,125,0,0,1.7927954890878877,0.3896897095476477,3,142
KBG SYNDROME; KBGS,European,125,58,5,1.1788776645139567,0.2502767236380745,143,143
KBG SYNDROME; KBGS,Latino/Hispanic,125,0,0,1.245741359812577,0.29658975078281946,6,143
KBG SYNDROME; KBGS,Middle Eastern,125,0,0,2.053068623777526,0.4132770891593999,6,142
KCTD3,Middle Eastern,125,21,0,2.4982729017817964,0.691511533786919,5,142
KDM2B,European,125,0,0,1.5289551074215444,0.5402106210319502,6,143
KDM2B,Latino/Hispanic,125,0,0,2.31267214447766,0.39456066247980226,2,143
KEIPERT SYNDROME; KPTS,European,125,9,0,1.8469265701792517,0.3641346013746924,5,143
KOOLEN-DE VRIES SYNDROME; KDVS,European,125,46,13,1.3001640356957813,0.31516281998799195,47,143
KOSAKI OVERGROWTH SYNDROME; KOGS,European,125,2,0,1.6601403593815542,0.38967367720777046,6,143
Kabuki syndrome,African,125,12,0,2.3699479696174284,0.6192736606156278,5,143
Kabuki syndrome,East Asian,125,33,15,1.4561792965968334,0.29431783370027553,31,143
Kabuki syndrome,European,125,75,8,1.2194699704176666,0.325203616358195,99,143
Kabuki syndrome,Latino/Hispanic,125,17,0,2.260918860109157,0.5767624122847851,5,143
Kabuki syndrome,Middle Eastern,125,1,0,1.5634448108877212,0.3624782324528742,8,142
Kabuki syndrome,South Asian,125,0,0,2.262912281286842,0.6161484647399659,2,143
Kenny-Caffey syndrome,European,125,0,0,2.1582305477763346,0.6112288029940015,2,143
Kleefstra syndrome,European,125,45,6,1.1150241983294498,0.2766196554968287,47,143
Klippel-Feil syndrome,Middle Eastern,125,3,0,2.4536202777645975,0.5249135316925457,4,142
LAMB4,African,125,0,0,3.847492600817723,0.8774612020583228,2,143
LARON SYNDROME,Latino/Hispanic,125,0,0,2.726643969471233,0.6275974831089427,2,143
LARSEN SYNDROME; LRS,European,125,1,0,1.7909991784968333,0.27743935425464744,7,143
LARSEN SYNDROME; LRS,Middle Eastern,125,17,0,2.529732084454935,0.6348537637858751,5,142
LARSEN SYNDROME; LRS,South Asian,125,31,0,2.298764349680359,0.5300861454375275,6,143
LATERAL MENINGOCELE SYNDROME; LMNS,European,125,31,0,2.0782448041265216,0.3808083917722993,7,143
LENZ-MAJEWSKI HYPEROSTOTIC DWARFISM; LMHD,European,125,7,0,2.7029192380954368,0.6215914925391326,5,143
LEOPARD syndrome,East Asian,125,0,0,1.3501730873764501,0.3981704826012213,3,143
LI-CAMPEAU SYNDROME; LICAS,African,125,0,0,3.5874970471814267,0.5692096010359664,2,143
LI-CAMPEAU SYNDROME; LICAS,European,125,0,0,2.7367482010078867,0.37505008771529663,2,143
LIG4 SYNDROME,East Asian,125,0,0,2.416581889629185,0.5705811568604976,2,143
LIG4 SYNDROME,European,125,3,3,1.279045322489489,0.30610487788003987,10,143
LUSCAN-LUMISH SYNDROME; LLS,European,125,30,12,1.6461303380241925,0.3151140550899842,14,143
"Leukodystrophy, hypomyelinating",African,125,32,0,1.9411228247130894,0.5371221925745112,8,143
"Leukodystrophy, hypomyelinating",Middle Eastern,125,0,0,1.6807311053499223,0.46742127522620913,3,142
Linear skin defects with multiple congenital anomalies,European,125,4,0,2.4251086008076985,0.4727289617162312,8,143
Lissencephaly,European,125,0,0,1.8917712760953131,0.41453904133173,3,143
Long QT syndrome,East Asian,125,0,0,3.462959843013702,0.6142158983006979,2,143
Long QT syndrome,European,125,0,0,1.8440802887150938,0.44198552558024995,3,143
"MACROCEPHALY, ACQUIRED, WITH IMPAIRED INTELLECTUAL DEVELOPMENT; MACID",European,125,17,12,1.2718417751368234,0.4693075513269108,13,143
"MACROCEPHALY, DYSMORPHIC FACIES, AND PSYCHOMOTOR RETARDATION; MDFPMR",South Asian,125,0,0,4.761822647696903,1.0126828781750667,2,143
MACS SYNDROME,European,125,0,0,1.733379414620469,0.37033847914231866,5,143
MACS SYNDROME,Middle Eastern,125,0,0,3.3904314928417345,1.0243866217585298,3,142
MANDIBULOFACIAL DYSOSTOSIS WITH ALOPECIA; MFDA,European,125,6,0,4.613726181572941,0.34223796625698977,4,143
"MANDIBULOFACIAL DYSOSTOSIS, GUION-ALMEIDA TYPE; MFDGA",European,125,39,31,1.9620334295088944,0.5282594435739049,10,143
"MANNOSIDOSIS, ALPHA B, LYSOSOMAL; MANSA",European,125,1,1,1.0972780877603714,0.21087473729077444,14,143
"MANNOSIDOSIS, ALPHA B, LYSOSOMAL; MANSA",Latino/Hispanic,125,0,0,1.8497598031722924,0.3640499014987991,2,143
"MANNOSIDOSIS, ALPHA B, LYSOSOMAL; MANSA",Middle Eastern,125,18,0,2.2371889023929135,0.5610051078221934,8,142
"MANNOSIDOSIS, ALPHA B, LYSOSOMAL; MANSA",South Asian,125,0,0,3.8037521997680797,0.7898393574904943,2,143
MAPKAPK5,African,125,0,0,2.4212647344949967,0.6220400773627235,2,143
MARBACH-RUSTAD PROGEROID SYNDROME; MARUPS,European,125,0,0,2.520285056204543,0.6499952783758534,2,143
MARFAN SYNDROME; MFS,African,125,0,0,2.559003010003332,0.5340517522801623,2,143
MARFANOID-PROGEROID-LIPODYSTROPHY SYNDROME; MFLS,European,125,58,0,2.4763073733448087,0.730531259263394,8,143
MARSHALL-SMITH SYNDROME; MRSHSS,European,125,74,52,1.7672425438997623,0.650787254379354,17,143
MEGALENCEPHALY-CAPILLARY MALFORMATION-POLYMICROGYRIA SYNDROME; MCAP,European,125,0,0,2.3133751750363136,0.5720676686605889,2,143
MENTAL RETARDATION WITH LANGUAGE IMPAIRMENT AND WITH OR WITHOUT AUTISTIC FEATURES,European,125,0,0,1.3824687239154465,0.3668376994586961,4,143
"MENTAL RETARDATION, AUTOSOMAL DOMINANT 48; MRD48",European,125,0,0,1.7936724525281307,0.4838185876497889,3,143
"MENTAL RETARDATION, AUTOSOMAL DOMINANT 51; MRD51",European,125,0,0,1.7009588162711478,0.47723672375727194,3,143
"MENTAL RETARDATION, AUTOSOMAL DOMINANT 54; MRD54",European,125,33,30,1.9283222575778112,0.4815818709235464,11,143
"MENTAL RETARDATION, AUTOSOMAL DOMINANT 57; MRD57",European,125,51,12,1.3777526427748483,0.37028668580824525,36,143
"MENTAL RETARDATION, AUTOSOMAL DOMINANT 58; MRD58",European,125,0,0,1.303902005650863,0.2586450786530138,7,143
"MICROCEPHALIC OSTEODYSPLASTIC PRIMORDIAL DWARFISM, TYPE I; MOPD1",European,125,0,0,2.1946992686257776,0.5613438900880101,2,143
"MICROCEPHALIC OSTEODYSPLASTIC PRIMORDIAL DWARFISM, TYPE II; MOPD2",African,125,17,0,2.354452012131568,0.526940365014787,7,143
"MICROCEPHALY WITH OR WITHOUT CHORIORETINOPATHY, LYMPHEDEMA, OR MENTAL RETARDATION; MCLMR",European,125,0,0,1.5372573309886381,0.25630182594952483,6,143
"MICROCEPHALY, GROWTH DEFICIENCY, SEIZURES, AND BRAIN MALFORMATIONS; MIGSB",African,125,0,0,2.7958198566211747,0.5594083316337387,2,143
MICROCEPHALY-CAPILLARY MALFORMATION SYNDROME; MICCAP,Middle Eastern,125,0,0,2.992693229164876,0.7372039263803821,2,142
MOEBIUS SYNDROME; MBS,European,125,2,0,1.9587592283808806,0.49288488609654024,5,143
MOEBIUS SYNDROME; MBS,Latino/Hispanic,125,0,0,1.8114188197613934,0.37372042365715086,7,143
MOWAT-WILSON SYNDROME; MOWS,African,125,0,0,2.5909984913100312,0.5908158376984668,2,143
MOWAT-WILSON SYNDROME; MOWS,European,125,53,18,1.2804952351786392,0.3480567748655628,41,143
MUCOLIPIDOSIS II ALPHA/BETA,East Asian,125,0,0,2.7552494923157136,0.5783254497760321,2,143
MUCOLIPIDOSIS II ALPHA/BETA,European,125,23,16,1.3889850195021909,0.3485395980139622,14,143
MUCOLIPIDOSIS II ALPHA/BETA,Middle Eastern,125,0,0,1.3646623923370118,0.34592595722267744,3,142
MUENKE SYNDROME; MNKES,European,125,0,0,1.3107292567649769,0.345598018494653,4,143
"MULTIPLE CONGENITAL ANOMALIES-NEURODEVELOPMENTAL SYNDROME, X-LINKED; MCAND",East Asian,125,11,0,2.811535625944274,0.6286546725163276,4,143
"MULTIPLE PTERYGIUM SYNDROME, ESCOBAR VARIANT; EVMPS",African,125,0,0,2.806156004463279,0.6804768017870204,2,143
"MYASTHENIC SYNDROME, CONGENITAL, 19; CMS19",European,125,0,0,2.8422406644131435,0.4583438657728749,2,143
"MYASTHENIC SYNDROME, CONGENITAL, 22; CMS22",European,125,0,0,1.5835909622655053,0.4434890748405271,4,143
MYHRE SYNDROME; MYHRS,East Asian,125,18,13,1.5831075084488864,0.3163103403603191,12,143
MYHRE SYNDROME; MYHRS,European,125,12,6,1.4438192612563179,0.3109783111279988,18,143
"MYOPATHY, CONGENITAL, BAILEY-BLOCH; MYPBB",Latino/Hispanic,125,0,0,3.6108321402611097,0.5793082021632184,3,143
Mandibuloacral dysplasia with lipodystrophy,African,125,0,0,2.1436254726532393,0.6601512622671448,3,143
Meier-Gorlin syndrome,European,125,2,2,1.430679356681572,0.3312121759234189,13,143
Meier-Gorlin syndrome,Middle Eastern,125,3,0,2.175293348200733,0.32147547360670314,5,142
Meier-Gorlin syndrome,South Asian,125,0,0,4.181146854686723,0.7698158092298321,2,143
Menke-Hennekam syndrome,East Asian,125,2,0,2.202243779958633,0.4236667545776917,5,143
Menke-Hennekam syndrome,European,125,24,4,1.0107025303487842,0.27861763661710326,37,143
"Microcephaly, epilepsy, and diabetes syndrome",African,125,0,0,2.180045852285142,0.5586058763305747,3,143
"Microcephaly, growth restriction and increased sister chromatid exchange",European,125,0,0,2.4661321675944072,0.6514590618125868,4,143
"Microcephaly, growth restriction and increased sister chromatid exchange",South Asian,125,0,0,2.0744212628023506,0.8078850019291676,2,143
"Microcephaly, primary",Middle Eastern,125,0,0,2.5128577655851805,0.65071466926098,2,142
"Microcephaly, primary",South Asian,125,0,0,1.3076807205921366,0.34727627876084377,5,143
"Microphthalmia, syndromic",European,125,8,0,1.4637673554806299,0.23552405582650363,9,143
Mitochondrial DNA depletion syndrome,European,125,0,0,6.597300476678028,0.882023531704717,2,143
Mucopolysaccharidoses,African,125,0,0,1.9018218132166536,0.6558125782574282,5,143
Mucopolysaccharidoses,East Asian,125,0,0,1.483066558924434,0.37631179462255654,3,143
Mucopolysaccharidoses,European,125,41,3,1.3035597273229682,0.30049570806375064,34,143
Mucopolysaccharidoses,Latino/Hispanic,125,18,0,1.646969794816567,0.3262855784781512,9,143
Mucopolysaccharidoses,Middle Eastern,125,0,0,1.7119491710452306,0.4067229220312602,5,142
Mucopolysaccharidoses,SE Asian,125,8,0,3.345319584545064,0.43861956143586545,4,143
Mucopolysaccharidoses,South Asian,125,0,0,2.51910695301819,0.6086664735136573,3,143
Multiple congenital anomalies-hypotonia-seizures syndrome,African,125,0,0,4.307963600343996,0.7949427748658849,3,143
Multiple congenital anomalies-hypotonia-seizures syndrome,East Asian,125,0,0,1.6300016942614282,0.28040871774739423,5,143
Multiple congenital anomalies-hypotonia-seizures syndrome,European,125,14,14,1.464780099671663,0.4894653439828042,10,143
Multiple congenital anomalies-hypotonia-seizures syndrome,Middle Eastern,125,0,0,2.303210980030518,0.6744125842306279,3,142
"Myopathy, centronuclear",European,125,0,0,2.7739806158692506,0.5202577590991101,4,143
Myotonic dystrophy,European,125,0,0,3.8070619487416395,0.5623224360094798,2,143
"NABAIS SA-DE VRIES SYNDROME, TYPE 1; NSDVS1",European,125,0,0,1.3047117767444047,0.3760394166728303,2,143
"NABAIS SA-DE VRIES SYNDROME, TYPE 2; NSDVS2",European,125,0,0,1.8621179338906597,0.4331293836723588,4,143
NABLUS MASK-LIKE FACIAL SYNDROME; NMLFS,European,125,0,0,1.2754624054438077,0.3211053278482408,7,143
NANCE-HORAN SYNDROME; NHS,Latino/Hispanic,125,0,0,2.3130424786839057,0.5095135398273094,2,143
NEURODEVELOPMENTAL DISORDER AND LANGUAGE DELAY WITH OR WITHOUT STRUCTURAL BRAIN ABNORMALITIES; NEDLBA,European,125,0,0,1.6615454633960103,0.4678986538438374,3,143
NEURODEVELOPMENTAL DISORDER AND STRUCTURAL BRAIN ANOMALIES WITH OR WITHOUT SEIZURES AND SPASTICITY; NEDBASS,European,125,0,0,1.9103606701919122,0.5413641656177877,2,143
"NEURODEVELOPMENTAL DISORDER WITH ATAXIC GAIT, ABSENT SPEECH, AND DECREASED CORTICAL WHITE MATTER; NDAGSCW",European,125,0,0,1.8576381569619516,0.5867766980852136,2,143
NEURODEVELOPMENTAL DISORDER WITH DYSMORPHIC FACIES AND DISTAL LIMB ANOMALIES; NEDDFL,European,125,46,36,2.0730617653886396,0.5460598145625604,12,143
NEURODEVELOPMENTAL DISORDER WITH DYSMORPHIC FACIES AND DISTAL SKELETAL ANOMALIES; NEDDFSA,European,125,11,10,1.705766142496177,0.3581807311205091,11,143
"NEURODEVELOPMENTAL DISORDER WITH DYSMORPHIC FACIES, SLEEP DISTURBANCE, AND BRAIN ABNORMALITIES; NEDFASB",European,125,0,0,1.8651250676819355,0.35887223092376397,3,143
"NEURODEVELOPMENTAL DISORDER WITH EPILEPSY, CATARACTS, FEEDING DIFFICULTIES, AND DELAYED BRAIN MYELINATION; NECFM",European,125,0,0,2.547146655619343,0.46709037332479447,3,143
"NEURODEVELOPMENTAL DISORDER WITH EPILEPSY, CATARACTS, FEEDING DIFFICULTIES, AND DELAYED BRAIN MYELINATION; NECFM",Latino/Hispanic,125,0,0,1.878098658427104,0.49252471929368236,2,143
"NEURODEVELOPMENTAL DISORDER WITH EPILEPSY, SPASTICITY, AND BRAIN ATROPHY; NEDESBA",European,125,0,0,2.4096676614204453,0.7010457570772174,2,143
"NEURODEVELOPMENTAL DISORDER WITH HEARING LOSS, SEIZURES, AND BRAIN ABNORMALITIES; NEDHSB",East Asian,125,0,0,3.662440610714966,1.0744102350991012,2,143
"NEURODEVELOPMENTAL DISORDER WITH HEARING LOSS, SEIZURES, AND BRAIN ABNORMALITIES; NEDHSB",European,125,0,0,1.6781620440279665,0.36023212371704305,4,143
"NEURODEVELOPMENTAL DISORDER WITH HEARING LOSS, SEIZURES, AND BRAIN ABNORMALITIES; NEDHSB",Middle Eastern,125,0,0,1.141811640735888,0.3300162099889267,6,142
NEURODEVELOPMENTAL DISORDER WITH HYPOTONIA AND AUTISTIC FEATURES WITH OR WITHOUT HYPERKINETIC MOVEMENTS; NEDHAHM,European,125,0,0,1.728271936590131,0.38823473798731073,2,143
"NEURODEVELOPMENTAL DISORDER WITH HYPOTONIA AND CEREBELLAR ATROPHY, WITH OR WITHOUT SEIZURES; NEDHCAS",European,125,0,0,2.7704487206126496,0.6135713425614827,2,143
NEURODEVELOPMENTAL DISORDER WITH HYPOTONIA AND DYSMORPHIC FACIES; NEDHYDF,European,125,0,0,3.153481715780166,0.613554910889727,2,143
NEURODEVELOPMENTAL DISORDER WITH HYPOTONIA AND VARIABLE INTELLECTUAL AND BEHAVIORAL ABNORMALITIES; NEDHIB,European,125,7,5,1.1402497545634096,0.2519718110678028,14,143
"NEURODEVELOPMENTAL DISORDER WITH HYPOTONIA, FACIAL DYSMORPHISM, AND BRAIN ABNORMALITIES; NEDHFBA",Middle Eastern,125,0,0,1.8844135714245003,0.6628008729660929,3,142
"NEURODEVELOPMENTAL DISORDER WITH HYPOTONIA, MICROCEPHALY, AND SEIZURES; NEDHYMS",European,125,0,0,1.9320411684301915,0.4707517255278772,3,143
"NEURODEVELOPMENTAL DISORDER WITH HYPOTONIA, NEONATAL RESPIRATORY INSUFFICIENCY, AND THERMODYSREGULATION; NEDHRIT",European,125,0,0,2.06785523851241,0.5490515767700547,2,143
"NEURODEVELOPMENTAL DISORDER WITH HYPOTONIA, STEREOTYPIC HAND MOVEMENTS, AND IMPAIRED LANGUAGE; NEDHSIL",European,125,0,0,3.5924538779960447,0.93680874625525,2,143
"NEURODEVELOPMENTAL DISORDER WITH IMPAIRED INTELLECTUAL DEVELOPMENT, HYPOTONIA, AND ATAXIA; NEDIDHA",European,125,0,0,1.5160140184216253,0.3465632919570473,3,143
NEURODEVELOPMENTAL DISORDER WITH MICROCEPHALY AND STRUCTURAL BRAIN ANOMALIES; NEDMIBA,South Asian,125,0,0,3.0443036473594813,0.5843918717247307,2,143
"NEURODEVELOPMENTAL DISORDER WITH MICROCEPHALY, ARTHROGRYPOSIS, AND STRUCTURAL BRAIN ANOMALIES; NEDMABA",African,125,0,0,2.522188446149149,0.5414438316547204,2,143
"NEURODEVELOPMENTAL DISORDER WITH MICROCEPHALY, ARTHROGRYPOSIS, AND STRUCTURAL BRAIN ANOMALIES; NEDMABA",European,125,0,0,2.6910368105286926,0.5351787096585227,2,143
"NEURODEVELOPMENTAL DISORDER WITH NEONATAL RESPIRATORY INSUFFICIENCY, HYPOTONIA, AND FEEDING DIFFICULTIES; NEDRIHF",European,125,16,6,1.1449906695992622,0.27304420758840797,26,143
NEURODEVELOPMENTAL DISORDER WITH NONSPECIFIC BRAIN ABNORMALITIES AND WITH OR WITHOUT SEIZURES; NEDBAS,European,125,0,0,2.3103389242545695,0.5673544599479702,3,143
"NEURODEVELOPMENTAL DISORDER WITH OR WITHOUT ANOMALIES OF THE BRAIN, EYE, OR HEART; NEDBEH",European,125,0,0,1.5047198294080792,0.2523149678814442,3,143
NEURODEVELOPMENTAL DISORDER WITH OR WITHOUT AUTISTIC FEATURES AND/OR STRUCTURAL BRAIN ABNORMALITIES; NEDASB,European,125,0,0,1.8383626354389637,0.6690190596954799,3,143
NEURODEVELOPMENTAL DISORDER WITH OR WITHOUT EARLY-ONSET GENERALIZED EPILEPSY; NEDEGE,European,125,0,0,2.807204358492529,0.6378510758461339,2,143
NEURODEVELOPMENTAL DISORDER WITH SEIZURES AND SPEECH AND WALKING IMPAIRMENT; NEDSSWI,European,125,0,0,1.5576259938272101,0.3204690336247038,3,143
NEURODEVELOPMENTAL DISORDER WITH SEVERE MOTOR IMPAIRMENT AND ABSENT LANGUAGE; NEDMIAL,Latino/Hispanic,125,0,0,2.8989849630442577,0.6708864796335604,2,143
NEURODEVELOPMENTAL DISORDER WITH SPASTIC DIPLEGIA AND VISUAL DEFECTS; NEDSDV,European,125,34,12,1.552600507790138,0.2967138908789472,16,143
NEURODEVELOPMENTAL DISORDER WITH SPASTIC DIPLEGIA AND VISUAL DEFECTS; NEDSDV,Middle Eastern,125,0,0,1.9932492673436963,0.39998306162652875,2,142
"NEURODEVELOPMENTAL, JAW, EYE, AND DIGITAL SYNDROME; NEDJED",European,125,0,0,3.2436974749972722,0.7054654565394934,3,143
"NEUROFIBROMATOSIS, TYPE I; NF1",African,125,41,0,2.180172773146771,0.5436734614900157,9,143
"NEUROFIBROMATOSIS, TYPE I; NF1",European,125,0,0,3.812830111738924,0.921542902890384,2,143
NEUROOCULOCARDIOGENITOURINARY SYNDROME; NOCGUS,European,125,0,0,2.3800267472027237,0.6883255283770263,2,143
NICOLAIDES-BARAITSER SYNDROME; NCBRS,African,125,0,0,1.913253611994186,0.3315377060007498,5,143
NICOLAIDES-BARAITSER SYNDROME; NCBRS,European,125,65,15,1.410000317677325,0.36098855013372994,60,143
NICOLAIDES-BARAITSER SYNDROME; NCBRS,Latino/Hispanic,125,0,0,2.532699227833457,0.7716681429826038,2,143
NIJMEGEN BREAKAGE SYNDROME; NBS,European,125,17,9,1.5118891255788889,0.3589999490899521,16,143
NIJMEGEN BREAKAGE SYNDROME; NBS,Middle Eastern,125,0,0,2.454000509118049,0.5445575070667527,2,142
NIZON-ISIDOR SYNDROME; NIZIDS,European,125,0,0,1.2932248909330992,0.3891431416616748,3,143
Noonan syndrome,African,125,75,45,2.697628652769057,0.5420373093721652,22,143
Noonan syndrome,East Asian,125,41,35,2.341582269970531,0.5986127975888389,10,143
Noonan syndrome,European,125,72,14,1.3226865923687654,0.3585094344003602,68,143
Noonan syndrome,Latino/Hispanic,125,40,26,2.1157457757850846,0.47047908015119794,14,143
Noonan syndrome,Middle Eastern,125,0,0,2.1521331962600816,0.38539966994148017,4,142
Noonan syndrome,SE Asian,125,0,0,3.742176383631436,0.6594967201737254,2,143
Noonan syndrome,South Asian,125,48,32,2.414805544157822,0.47797628300470957,17,143
Noonan syndrome-like disorder with loose anagen hair,African,125,0,0,3.1141892565007585,0.7669458843975747,2,143
Noonan syndrome-like disorder with loose anagen hair,East Asian,125,0,0,3.0972566584633454,0.4769508795467701,2,143
Noonan syndrome-like disorder with loose anagen hair,European,125,0,0,1.7610067172937778,0.34365880554185163,4,143
O'DONNELL-LURIA-RODAN SYNDROME; ODLURO,European,125,3,3,1.6275421398259782,0.3979795986253233,10,143
OCULODENTODIGITAL DYSPLASIA; ODDD,East Asian,125,0,0,1.7888784308254504,0.5309289634471709,3,143
OCULODENTODIGITAL DYSPLASIA; ODDD,European,125,13,10,1.2193890420445825,0.3287146258450309,15,143
OCULODENTODIGITAL DYSPLASIA; ODDD,Latino/Hispanic,125,0,0,4.863306897172849,0.6008393114657651,2,143
OCULODENTODIGITAL DYSPLASIA; ODDD,South Asian,125,0,0,2.0745431637736256,0.49437900811102614,2,143
OCULOSKELETODENTAL SYNDROME; OCSKD,Middle Eastern,125,0,0,2.416920449874118,0.8670968568134421,2,142
OGDEN SYNDROME; OGDNS,European,125,51,2,0.9945441488577192,0.23436997705781645,183,143
OGDEN SYNDROME; OGDNS,Latino/Hispanic,125,0,0,1.4474701227543223,0.435900653257595,2,143
OGDEN SYNDROME; OGDNS,South Asian,125,4,0,1.4264208563399399,0.5214710768570913,9,143
"OHDO SYNDROME, SBBYS VARIANT; SBBYSS",East Asian,125,0,0,4.502998263031612,0.5457285403804014,3,143
"OHDO SYNDROME, SBBYS VARIANT; SBBYSS",European,125,33,7,0.9059221501152291,0.2573377053435326,43,143
"OHDO SYNDROME, X-LINKED; OHDOX",European,125,0,0,2.2018056237312127,0.5607849690756874,4,143
OKUR-CHUNG NEURODEVELOPMENTAL SYNDROME; OCNDS,African,125,0,0,2.9626832368242235,0.6007339022715165,3,143
OKUR-CHUNG NEURODEVELOPMENTAL SYNDROME; OCNDS,East Asian,125,0,0,2.516879668833697,0.5114531202858914,2,143
OKUR-CHUNG NEURODEVELOPMENTAL SYNDROME; OCNDS,European,125,21,4,1.288209699431771,0.29091682406826314,17,143
"OTITIS MEDIA, SUSCEPTIBILITY TO; OMS",European,125,0,0,1.3541745848065683,0.1846566542806346,7,143
"OTOPALATODIGITAL SYNDROME, TYPE I; OPD1",East Asian,125,25,0,3.1308666039301465,0.566584136172807,5,143
Oculocutaneous albinism,European,125,0,0,1.8856163548514666,0.43014443935590957,2,143
Oculocutaneous albinism,SE Asian,125,14,0,4.589259823802235,0.4424249791439065,5,143
Oculocutaneous albinism,South Asian,125,15,13,1.3109429146088232,0.3972965278405423,13,143
Opitz GBBB syndrome,African,125,0,0,4.412364216861508,0.7777841841428957,2,143
Opitz GBBB syndrome,European,125,29,0,2.971758451982279,0.3755334555725696,9,143
Orofaciodigital syndrome,African,125,0,0,1.8534683986757179,0.4547569978189213,5,143
Orofaciodigital syndrome,European,125,6,6,1.386551677452209,0.42315645970672777,10,143
Orofaciodigital syndrome,Middle Eastern,125,0,0,2.0724119339113733,0.3180560923275932,5,142
Orofaciodigital syndrome,South Asian,125,0,0,1.797116096268572,0.3325109156804225,6,143
Osteogenesis imperfecta,African,125,56,40,1.8370870348682309,0.4295429071581596,21,143
Osteogenesis imperfecta,European,125,49,0,2.791690872415955,0.5851342715012471,8,143
Otofaciocervical syndrome,South Asian,125,0,0,2.990937901649499,0.5101389772650828,2,143
"PACHYGYRIA, MICROCEPHALY, DEVELOPMENTAL DELAY, AND DYSMORPHIC FACIES, WITH OR WITHOUT SEIZURES; PAMDDFS",Middle Eastern,125,0,0,2.0454913132256305,0.4101329640656654,2,142
PETERS-PLUS SYNDROME; PTRPLS,European,125,0,0,1.9489830725829171,0.5387144773020341,3,143
PETERS-PLUS SYNDROME; PTRPLS,Latino/Hispanic,125,0,0,2.9240182544784306,0.5692138920544066,2,143
PETTIGREW SYNDROME; PGS,European,125,0,0,3.1121461187806214,0.6259411752085505,3,143
PFEIFFER SYNDROME,East Asian,125,0,0,2.1315924107754136,0.49603316723322344,6,143
PFEIFFER SYNDROME,European,125,0,0,1.920870143311925,0.42749010952465843,4,143
PFEIFFER SYNDROME,SE Asian,125,0,0,2.987007587938391,0.5250186243120032,2,143
PHELAN-MCDERMID SYNDROME; PHMDS,East Asian,125,0,0,3.6389723968366487,1.0081932410012922,2,143
PHELAN-MCDERMID SYNDROME; PHMDS,European,125,0,0,2.0159238417590637,0.3597953798395412,6,143
PIERPONT SYNDROME; PRPTS,European,125,0,0,1.1632557169681208,0.3164304962078767,11,143
PITT-HOPKINS SYNDROME; PTHS,European,125,24,0,0.6731412431604905,0.23317306203861696,37,143
PITT-HOPKINS-LIKE SYNDROME 1; PTHSL1,European,125,0,0,1.9161715584802215,0.47663860482373954,2,143
PLXND1,European,125,0,0,2.124757527368534,0.31489285644630205,4,143
POIKILODERMA WITH NEUTROPENIA; PN,European,125,0,0,2.190072352652736,0.5235392113386825,4,143
POIKILODERMA WITH NEUTROPENIA; PN,Middle Eastern,125,0,0,1.5074548684185423,0.45765411221806584,6,142
POIKILODERMA WITH NEUTROPENIA; PN,South Asian,125,0,0,1.895901530775907,0.45849597512532897,2,143
"POIKILODERMA, HEREDITARY FIBROSING, WITH TENDON CONTRACTURES, MYOPATHY, AND PULMONARY FIBROSIS; POIKTMP",East Asian,125,0,0,1.6100930844132462,0.5465030590147856,2,143
"POIKILODERMA, HEREDITARY FIBROSING, WITH TENDON CONTRACTURES, MYOPATHY, AND PULMONARY FIBROSIS; POIKTMP",European,125,0,0,1.91235158264585,0.39630468925950524,4,143
POIRIER-BIENVENU NEURODEVELOPMENTAL SYNDROME; POBINDS,European,125,0,0,1.2323730462328564,0.4787446334018638,6,143
PRADER-WILLI SYNDROME; PWS,European,125,42,11,1.2264247271243258,0.2930201461637628,46,143
PRIMROSE SYNDROME; PRIMS,European,125,42,9,1.1678903737457884,0.28101673035518954,34,143
PRIMROSE SYNDROME; PRIMS,Latino/Hispanic,125,0,0,1.3607762626157398,0.4471796211987996,2,143
PROLIDASE DEFICIENCY,Middle Eastern,125,0,0,1.0138048332556953,0.375531521559283,6,142
PROTEUS SYNDROME,European,125,0,0,2.336963058508519,0.7148226066648279,3,143
PSMC5,European,125,0,0,1.7363133825891357,0.5233516906497967,4,143
Pontocerebellar hypoplasia,European,125,15,0,2.058891393003147,0.47172821250444635,7,143
Pontocerebellar hypoplasia,Middle Eastern,125,18,0,1.8479253337962165,0.3596754275214716,7,142
RADIO-TARTAGLIA SYNDROME; RATARS,European,125,0,0,2.690397344845852,0.6264829221924083,2,143
RAFIQ SYNDROME; RAFQS,European,125,0,0,1.1351780790780432,0.35871648864278166,7,143
RAHMAN SYNDROME; RMNS,East Asian,125,0,0,1.6451443245778443,0.35852637930712455,2,143
RAHMAN SYNDROME; RMNS,European,125,15,9,1.4569875187655692,0.20216453280478314,23,143
RAHMAN SYNDROME; RMNS,Middle Eastern,125,0,0,2.5903581691518665,0.7216935840875492,2,142
RAUCH-STEINDL SYNDROME; RAUST,European,125,45,0,2.876302876008097,0.5352128990899071,8,143
RENPENNING SYNDROME 1; RENS1,European,125,82,33,1.868312386556536,0.5399842826615079,27,143
RETT SYNDROME; RTT,East Asian,125,0,0,2.7770360719325113,0.7386339073982309,2,143
RETT SYNDROME; RTT,European,125,21,15,1.5160626533450168,0.31259756361528057,13,143
REV3L,European,125,4,0,2.423195496192408,0.2840405402777381,6,143
RIDDLE SYNDROME; RIDL,European,125,0,0,3.0529629188891745,0.36222247816683784,4,143
ROBIN SEQUENCE WITH CLEFT MANDIBLE AND LIMB ANOMALIES,Latino/Hispanic,125,65,0,2.953713610187858,0.737734444117336,7,143
Robinow syndrome,European,125,42,19,1.65231435853858,0.39927256904484043,26,143
Robinow syndrome,Middle Eastern,125,0,0,1.2180894386570948,0.410193571371584,6,142
Rothmund-Thomson syndrome,European,125,5,5,1.5095695092060204,0.30790420904833365,12,143
Rothmund-Thomson syndrome,South Asian,125,0,0,1.7989100080831724,0.5017365553984189,3,143
Rubinstein-Taybi syndrome,African,125,33,25,1.5459415673631,0.44780012316517576,13,143
Rubinstein-Taybi syndrome,East Asian,125,29,12,1.2689811923466288,0.40433935015584804,15,143
Rubinstein-Taybi syndrome,European,125,63,11,1.3034405189589768,0.38449907680426737,55,143
Rubinstein-Taybi syndrome,Latino/Hispanic,125,7,7,1.4725237023504532,0.2873948487374739,10,143
Rubinstein-Taybi syndrome,SE Asian,125,0,0,1.8473818688210508,0.3867190942020179,3,143
Rubinstein-Taybi syndrome,South Asian,125,1,0,2.070417869251347,0.6091241646876489,5,143
SAETHRE-CHOTZEN SYNDROME; SCS,European,125,19,13,1.74649542466026,0.49902020501143635,15,143
SAETHRE-CHOTZEN SYNDROME; SCS,Latino/Hispanic,125,0,0,3.0831680605918383,0.3756212305756026,5,143
SAETHRE-CHOTZEN SYNDROME; SCS,South Asian,125,45,25,1.5678646633635684,0.3874640348542788,15,143
SALT AND PEPPER DEVELOPMENTAL REGRESSION SYNDROME; SPDRS,African,125,0,0,4.6490800202559655,0.7648014589636212,2,143
SANDESTIG-STEFANOVA SYNDROME; SANDSTEF,European,125,0,0,3.128710669744399,0.8583780071240188,2,143
SAUL-WILSON SYNDROME; SWILS,European,125,35,32,2.5451235756765733,0.4760858445412382,10,143
SCAF4,European,125,0,0,1.6975725862090745,0.5369705826160568,4,143
SCHAAF-YANG SYNDROME; SHFYNG,European,125,22,5,1.1096154010577686,0.16076008485923404,91,143
SCHINZEL-GIEDION MIDFACE RETRACTION SYNDROME,European,125,20,0,3.1107346103164986,0.5170360053563202,7,143
SCHUURS-HOEIJMAKERS SYNDROME; SHMS,European,125,24,17,1.5206711561857922,0.5142971266823104,12,143
SHASHI-PENA SYNDROME; SHAPNS,African,125,0,0,1.9424411273436375,0.5858949089554729,2,143
SHASHI-PENA SYNDROME; SHAPNS,European,125,0,0,1.2389197058935417,0.37951403876348944,12,143
"SHORT STATURE, BRACHYDACTYLY, IMPAIRED INTELLECTUAL DEVELOPMENT, AND SEIZURES; SBIDDS",African,125,0,0,2.7037807043051085,0.6326585536560619,3,143
"SHORT STATURE, BRACHYDACTYLY, IMPAIRED INTELLECTUAL DEVELOPMENT, AND SEIZURES; SBIDDS",Middle Eastern,125,0,0,2.2084332363071177,0.527188063900843,3,142
"SHORT STATURE, IMPAIRED INTELLECTUAL DEVELOPMENT, MICROCEPHALY, HYPOTONIA, AND OCULAR ANOMALIES; SIMHA",Middle Eastern,125,0,0,1.6527569749469697,0.4880225617258901,3,142
"SHORT STATURE, OLIGODONTIA, DYSMORPHIC FACIES, AND MOTOR DELAY; SOFM",European,125,0,0,1.31088022867687,0.5379412258661254,3,143
"SHORT STATURE, ONYCHODYSPLASIA, FACIAL DYSMORPHISM, AND HYPOTRICHOSIS; SOFT",European,125,15,0,1.8460547280619657,0.40391660650517575,9,143
"SHORT STATURE, ONYCHODYSPLASIA, FACIAL DYSMORPHISM, AND HYPOTRICHOSIS; SOFT",Middle Eastern,125,0,0,3.571639600544471,0.6297317477483485,2,142
"SHORT STATURE, RHIZOMELIC, WITH MICROCEPHALY, MICROGNATHIA, AND DEVELOPMENTAL DELAY; SRMMD",European,125,0,0,2.7941201143209717,0.6076168348144143,2,143
SHORT SYNDROME,East Asian,125,0,0,3.966327996166143,0.8251552517751012,2,143
SHORT SYNDROME,European,125,30,0,1.9474589935554567,0.5791557643369358,7,143
SHPRINTZEN-GOLDBERG CRANIOSYNOSTOSIS SYNDROME; SGS,European,125,0,0,2.653803629777017,0.5201303739435277,3,143
SHUKLA-VERNON SYNDROME; SHUVER,South Asian,125,0,0,2.163054094768961,0.5392163736770146,2,143
SIFRIM-HITZ-WEISS SYNDROME; SIHIWES,European,125,8,0,2.3064536965526283,0.3416624012193845,6,143
"SIMPSON-GOLABI-BEHMEL SYNDROME, TYPE 1; SGBS1",European,125,15,15,1.859329480231375,0.327682921794739,11,143
"SIMPSON-GOLABI-BEHMEL SYNDROME, TYPE 1; SGBS1",Middle Eastern,125,0,0,1.5461134299956558,0.46795562210407027,5,142
SIX2,European,125,12,0,2.3313406898487643,0.640122092816583,5,143
"SKELETAL DYSPLASIA, MILD, WITH JOINT LAXITY AND ADVANCED BONE AGE; SDJLABA",European,125,0,0,1.789085450497996,0.2908589771385854,3,143
SKRABAN-DEARDORFF SYNDROME; SKDEAS,European,125,6,5,1.2992426216547428,0.3146657377529109,16,143
SMITH-KINGSMORE SYNDROME; SKS,African,125,0,0,1.4989201216205223,0.48281681283415173,2,143
SMITH-KINGSMORE SYNDROME; SKS,European,125,4,0,1.5306369804067324,0.44839273221692993,8,143
SMITH-LEMLI-OPITZ SYNDROME; SLOS,African,125,0,0,2.1626548526042164,0.5049760198733885,2,143
SMITH-LEMLI-OPITZ SYNDROME; SLOS,European,125,29,3,1.0023723783702123,0.32113013891337777,33,143
SMITH-LEMLI-OPITZ SYNDROME; SLOS,Middle Eastern,125,4,0,2.397843355540766,0.45181917098209706,4,142
SMITH-MAGENIS SYNDROME; SMS,European,125,41,8,1.1150817476753583,0.2678827972833902,76,143
SMITH-MAGENIS SYNDROME; SMS,Latino/Hispanic,125,0,0,1.5006793678272852,0.4089439525010668,7,143
SMITH-MAGENIS SYNDROME; SMS,South Asian,125,20,0,1.6927922571843332,0.48415672012559746,8,143
SNIJDERS BLOK-CAMPEAU SYNDROME; SNIBCPS,European,125,3,3,1.5896066022154907,0.39078505055653057,12,143
SOTOS SYNDROME; SOTOS,African,125,52,44,2.347792483024493,0.6398353288190209,11,143
SOTOS SYNDROME; SOTOS,East Asian,125,0,0,2.4401715679610265,0.44606512213640837,4,143
SOTOS SYNDROME; SOTOS,European,125,68,7,1.1038667278769694,0.3385054743567128,64,143
SOTOS SYNDROME; SOTOS,Latino/Hispanic,125,0,0,1.9204218583336383,0.5222748269262877,2,143
SOTOS SYNDROME; SOTOS,Middle Eastern,125,0,0,2.188820748130099,0.5652000922645075,2,142
SOTOS SYNDROME; SOTOS,SE Asian,125,0,0,3.5115102387156214,0.5048324795385671,4,143
SOTOS SYNDROME; SOTOS,South Asian,125,69,61,2.422496408869322,0.8244093551923974,10,143
"SPASTIC PARAPLEGIA 50, AUTOSOMAL RECESSIVE; SPG50",Middle Eastern,125,0,0,1.4921833682464352,0.4391944405416627,4,142
SPINOCEREBELLAR ATAXIA 26; SCA26,European,125,0,0,2.216002665583593,0.8522540528729867,2,143
"SPINOCEREBELLAR ATAXIA 42, EARLY-ONSET, SEVERE, WITH NEURODEVELOPMENTAL DEFICITS; SCA42ND",European,125,0,0,1.5557435428940667,0.44742826055537693,5,143
"SPONDYLOEPIMETAPHYSEAL DYSPLASIA, ISIDOR-TOUTAIN TYPE; SEMDIST",European,125,0,0,2.102802339553337,0.32654055237163504,3,143
SPONDYLOEPIPHYSEAL DYSPLASIA CONGENITA; SEDC,African,125,31,0,2.865775311324489,0.7161278058387658,5,143
STANKIEWICZ-ISIDOR SYNDROME; STISS,European,125,2,0,1.5603987520063356,0.37662065979029735,7,143
STEEL SYNDROME; STLS,European,125,0,0,3.3361564659243235,0.6392649760932955,2,143
STRUCTURAL BRAIN ANOMALIES WITH IMPAIRED INTELLECTUAL DEVELOPMENT AND CRANIOSYNOSTOSIS; BAIDCS,European,125,0,0,2.235390036787944,0.4499105417046081,4,143
SULEIMAN-EL-HATTAB SYNDROME; SULEHS,Middle Eastern,125,0,0,3.6668964541345073,0.4203807050940387,3,142
SWEENEY-COX SYNDROME; SWCOS,European,125,0,0,3.327221894540575,0.7401687103757097,3,143
Seckel syndrome,European,125,0,0,1.6270199762858732,0.44067305766043274,4,143
Seckel syndrome,Middle Eastern,125,14,13,1.931901755145524,0.32809799981749527,12,142
"Short stature, facial dysmorphism, and skeletal anomalies with or without cardiac anomalies",European,125,1,0,2.43696820766484,0.5488065543115004,6,143
Silver-Russell syndrome,European,125,2,0,2.1779431301068564,0.41611092604768124,5,143
"Skin creases, congenital symmetric circumferential",East Asian,125,0,0,3.2716106960654705,0.7016993082572894,2,143
"Skin creases, congenital symmetric circumferential",European,125,0,0,2.5102495946418983,0.3799212008346819,4,143
Spondylometaphyseal dysplasia,African,125,0,0,4.395895026757497,0.7403006562855353,2,143
Stickler syndrome,African,125,26,23,2.372067504787919,0.428237781066154,11,143
Stickler syndrome,European,125,23,0,1.9338628597679173,0.4683315324014896,6,143
Stickler syndrome,Middle Eastern,125,23,0,2.0302361034458207,0.4867428545182485,5,142
TAF4,European,125,0,0,1.171327711693359,0.3999354090748457,6,143
TAKENOUCHI-KOSAKI SYNDROME; TKS,African,125,0,0,2.6554426194745293,0.581052660821574,4,143
TAKENOUCHI-KOSAKI SYNDROME; TKS,East Asian,125,0,0,1.7626240653785505,0.5353024010751514,3,143
TAKENOUCHI-KOSAKI SYNDROME; TKS,European,125,0,0,1.1681745498176193,0.2557054061524775,13,143
TATTON-BROWN-RAHMAN SYNDROME; TBRS,East Asian,125,0,0,1.6535781413082056,0.40160957380417794,4,143
TATTON-BROWN-RAHMAN SYNDROME; TBRS,European,125,35,7,1.0316680113987895,0.18908403628073103,34,143
TCEAL1,European,125,0,0,1.6396295378506618,0.270856448966483,5,143
TOLCHIN-LE CAIGNEC SYNDROME; TOLCAS,European,125,0,0,1.5442453676260075,0.3626081112399661,6,143
TONNE-KALSCHEUER SYNDROME; TOKAS,European,125,0,0,1.4772244435273063,0.23541618514486604,6,143
TRICHOHEPATONEURODEVELOPMENTAL SYNDROME; THNS,European,125,0,0,2.3323853995988753,0.6476897991339582,2,143
TURNPENNY-FRY SYNDROME; TPFS,European,125,51,33,1.8017987339688406,0.5248735381411631,11,143
Teebi hypertelorism syndrome,European,125,49,32,3.7269376627810633,0.4370615598602659,15,143
Three M syndrome,East Asian,125,0,0,3.1747513146700514,0.5930120877910859,2,143
Three M syndrome,European,125,0,0,3.3670163520084597,0.5586905182606385,3,143
Treacher Collins syndrome,African,125,21,0,3.8259262393155278,0.6961794966673033,3,143
Treacher Collins syndrome,East Asian,125,0,0,2.9199511662850823,0.30150527344598027,4,143
Treacher Collins syndrome,European,125,37,12,1.7023025420979225,0.3167661759134241,35,143
Treacher Collins syndrome,Middle Eastern,125,0,0,2.8850723995071585,0.6002462896532863,2,142
Trichohepatoenteric syndrome,East Asian,125,11,0,2.8847902046890503,0.36805168664752086,5,143
Trichohepatoenteric syndrome,Middle Eastern,125,0,0,1.59568763221335,0.33261938972166816,3,142
Trichorhinophalangeal syndrome,East Asian,125,18,0,1.8881212507966707,0.38443117195334814,7,143
Trichorhinophalangeal syndrome,European,125,29,19,1.3104344196518198,0.3381773638284896,17,143
Trichorhinophalangeal syndrome,Middle Eastern,125,40,0,2.655789848625688,0.4693751522264448,9,142
Trichorhinophalangeal syndrome,SE Asian,125,0,0,1.3526190855110203,0.3394550079789215,5,143
Tuberous sclerosis,African,125,0,0,2.1552380315427326,0.6303655374463214,2,143
Tuberous sclerosis,European,125,0,0,1.562084392600736,0.33892125638417275,3,143
Urofacial syndrome,Middle Eastern,125,0,0,1.0810290964971692,0.38296240020700767,4,142
VAN DEN ENDE-GUPTA SYNDROME; VDEGS,European,125,0,0,3.488399965685978,0.5100614687875084,2,143
VAN DER WOUDE SYNDROME 1; VWS1,East Asian,125,0,0,2.2613938142724406,0.5498099747568783,2,143
VAN DER WOUDE SYNDROME 1; VWS1,European,125,0,0,2.7606968061670094,0.5751380946257687,2,143
VELOCARDIOFACIAL SYNDROME; VCFS,East Asian,125,0,0,1.8234944470920398,0.3986088945619743,2,143
VERHEIJ SYNDROME; VRJS,European,125,22,8,1.2825503435809023,0.2649667185114193,21,143
VICI SYNDROME; VICIS,European,125,0,0,2.296930130524372,0.4776236543733282,4,143
VICI SYNDROME; VICIS,Middle Eastern,125,0,0,2.37088958331122,0.5788293425672493,2,142
Van Maldergem syndrome,African,125,3,0,2.2822945502424146,0.624098889091244,6,143
WARSAW BREAKAGE SYNDROME; WABS,European,125,0,0,1.6354311632936198,0.49995262316720174,2,143
WEAVER SYNDROME; WVS,European,125,19,8,1.2320579304189372,0.19930338702228423,40,143
WEAVER SYNDROME; WVS,Latino/Hispanic,125,8,0,2.464530600500948,0.5591260845827674,5,143
WEAVER SYNDROME; WVS,Middle Eastern,125,0,0,2.5443229456390024,0.41127897683710174,2,142
WEISS-KRUSZKA SYNDROME; WSKA,European,125,13,13,1.462359735341111,0.3956606329488269,10,143
WHITE-SUTTON SYNDROME; WHSUS,African,125,0,0,2.526470271977353,0.3755194508049458,2,143
WHITE-SUTTON SYNDROME; WHSUS,East Asian,125,0,0,1.1112881382903694,0.3097600139075884,3,143
WHITE-SUTTON SYNDROME; WHSUS,European,125,19,10,1.2347928381562954,0.34294055792110595,15,143
WHITE-SUTTON SYNDROME; WHSUS,Middle Eastern,125,0,0,1.3801188668517543,0.2491740592813866,3,142
WIEDEMANN-STEINER SYNDROME; WDSTS,African,125,0,0,1.9363557155195295,0.38886489640927424,4,143
WIEDEMANN-STEINER SYNDROME; WDSTS,East Asian,125,39,0,1.9480998338880828,0.5353285146540079,9,143
WIEDEMANN-STEINER SYNDROME; WDSTS,European,125,55,8,0.9673141844420956,0.29183883557154533,71,143
WIEDEMANN-STEINER SYNDROME; WDSTS,Latino/Hispanic,125,0,0,1.2017776253313082,0.3306486167273341,3,143
WIEDEMANN-STEINER SYNDROME; WDSTS,Middle Eastern,125,1,0,2.027884733136175,0.46265856071033407,7,142
WILLIAMS-BEUREN SYNDROME; WBS,African,125,64,21,1.294963041396051,0.42283779154815837,34,143
WILLIAMS-BEUREN SYNDROME; WBS,East Asian,125,16,16,1.6802528280974423,0.4163869487934712,11,143
WILLIAMS-BEUREN SYNDROME; WBS,European,125,33,4,1.2029780420557643,0.27939218174108715,77,143
WILLIAMS-BEUREN SYNDROME; WBS,Latino/Hispanic,125,69,15,1.667648067943114,0.48186645150430857,40,143
WILLIAMS-BEUREN SYNDROME; WBS,Middle Eastern,125,22,21,1.8655243486394408,0.3843214576477303,11,142
WILLIAMS-BEUREN SYNDROME; WBS,SE Asian,125,30,0,1.8799746416797403,0.3896875082854839,8,143
WILLIAMS-BEUREN SYNDROME; WBS,South Asian,125,67,37,2.0193558675115577,0.49027719365329103,49,143
WITTEVEEN-KOLK SYNDROME; WITKOS,European,125,66,19,1.8173678752411573,0.434657398952027,31,143
WOLF-HIRSCHHORN SYNDROME; WHS,European,125,0,0,2.078748077450935,0.5402548408662853,2,143
WOLF-HIRSCHHORN SYNDROME; WHS,South Asian,125,26,0,2.1665738903677756,0.4800858556279844,8,143
WRINKLY SKIN SYNDROME; WSS,Middle Eastern,125,0,0,1.625406843094301,0.5330359467089761,2,142
Waardenburg syndrome,African,125,0,0,3.5915190698642503,0.5735933219057929,3,143
Waardenburg syndrome,European,125,20,0,2.073029041206987,0.41724523559804844,7,143
Waardenburg syndrome,Middle Eastern,125,0,0,2.249932203030635,0.4142195942075576,3,142
Waardenburg syndrome,South Asian,125,0,0,1.5185927080088408,0.4604918369116376,5,143
XIA-GIBBS SYNDROME; XIGIS,European,125,0,0,1.0426626512637203,0.4005321002092093,6,143
YOU-HOOVER-FONG SYNDROME; YHFS,European,125,0,0,1.0902638813466623,0.3476715748402408,6,143
YWHAZ,European,125,14,0,2.160286341179387,0.6793278077685557,5,143
ZTTK SYNDROME; ZTTKS,East Asian,125,0,0,1.7758620132826506,0.31145273040269317,5,143
ZTTK SYNDROME; ZTTKS,European,125,44,5,0.9380209700765298,0.3318416482805992,26,143
Zimmermann-Laband syndrome,European,125,0,0,1.120552623755039,0.2476397454449463,10,143
