internal_syndrome_name,group,disease_images
3MC syndrome,European,1
3MC syndrome,Latino/Hispanic,2
3MC syndrome,Middle Eastern,9
3MC syndrome,South Asian,6
ABLEPHARON-MACROSTOMIA SYNDROME; AMS,European,2
ACHONDROPLASIA; ACH,African,3
ACHONDROPLASIA; ACH,European,4
"ACROFACIAL DYSOSTOSIS 1, NAGER TYPE; AFD1",African,2
"ACROFACIAL DYSOSTOSIS 1, NAGER TYPE; AFD1",European,9
"ACROFACIAL DYSOSTOSIS, CINCINNATI TYPE; AFDCIN",European,2
"ACROFACIAL DYSOSTOSIS, CINCINNATI TYPE; AFDCIN",Latino/Hispanic,1
ACROMICRIC DYSPLASIA; ACMICD,East Asian,17
ACROMICRIC DYSPLASIA; ACMICD,European,1
ACROMICRIC DYSPLASIA; ACMICD,Latino/Hispanic,5
ACTL6A,European,3
"AGENESIS OF CORPUS CALLOSUM, CARDIAC, OCULAR, AND GENITAL SYNDROME; ACOGS",African,1
"AGENESIS OF CORPUS CALLOSUM, CARDIAC, OCULAR, AND GENITAL SYNDROME; ACOGS",European,4
AL KAISSI SYNDROME; ALKAS,African,1
AL KAISSI SYNDROME; ALKAS,Middle Eastern,4
AL-RAQAD SYNDROME; ARS,Middle Eastern,3
AL-RAQAD SYNDROME; ARS,South Asian,2
"ALACRIMA, ACHALASIA, AND MENTAL RETARDATION SYNDROME; AAMR",Latino/Hispanic,2
ALAZAMI SYNDROME; ALAZS,African,2
ALAZAMI SYNDROME; ALAZS,European,2
ALAZAMI SYNDROME; ALAZS,Middle Eastern,2
ALAZAMI-YUAN SYNDROME; ALYUS,Middle Eastern,3
ALLAN-HERNDON-DUDLEY SYNDROME; AHDS,European,5
"ALPHA-THALASSEMIA/MENTAL RETARDATION SYNDROME, X-LINKED; ATRX",East Asian,1
"ALPHA-THALASSEMIA/MENTAL RETARDATION SYNDROME, X-LINKED; ATRX",European,5
"ALPHA-THALASSEMIA/MENTAL RETARDATION SYNDROME, X-LINKED; ATRX",Middle Eastern,2
"ALPHA-THALASSEMIA/MENTAL RETARDATION SYNDROME, X-LINKED; ATRX",South Asian,2
ALSTROM SYNDROME; ALMS,East Asian,25
ALZAHRANI-KUWAHARA SYNDROME; ALKUS,Middle Eastern,5
ANGELMAN SYNDROME; AS,African,7
ANGELMAN SYNDROME; AS,East Asian,10
ANGELMAN SYNDROME; AS,European,98
ANGELMAN SYNDROME; AS,Latino/Hispanic,5
ANGELMAN SYNDROME; AS,South Asian,4
ANTLEY-BIXLER SYNDROME WITH GENITAL ANOMALIES AND DISORDERED STEROIDOGENESIS; ABS1,European,2
APERT SYNDROME,African,1
APERT SYNDROME,European,3
APERT SYNDROME,SE Asian,1
ARBOLEDA-THAM SYNDROME; ARTHS,African,5
ARBOLEDA-THAM SYNDROME; ARTHS,European,44
ASPARAGINE SYNTHETASE DEFICIENCY; ASNSD,Middle Eastern,1
ATAXIA-TELANGIECTASIA; AT,East Asian,1
ATAXIA-TELANGIECTASIA; AT,European,1
ATAXIA-TELANGIECTASIA; AT,South Asian,2
ATP9A,Middle Eastern,1
AU-KLINE SYNDROME; AUKS,East Asian,2
AU-KLINE SYNDROME; AUKS,European,25
AYME-GRIPP SYNDROME; AYGRP,European,19
AYME-GRIPP SYNDROME; AYGRP,South Asian,1
Acrodysostosis,European,2
Acromesomelic dysplasia,African,2
Alagille syndrome,East Asian,5
Alagille syndrome,European,9
Alagille syndrome,Latino/Hispanic,1
Alagille syndrome,Middle Eastern,4
Alagille syndrome,SE Asian,13
Alagille syndrome,South Asian,3
Arthrogryposis multiplex congenita,European,1
"Arthrogryposis, distal",African,5
"Arthrogryposis, distal",East Asian,2
"Arthrogryposis, distal",European,31
"Arthrogryposis, distal",Middle Eastern,4
"Arthrogryposis, distal",South Asian,4
"Arthrogryposis, renal dysfunction, and cholestasis",European,1
Auriculocondylar syndrome,African,2
"Autism, susceptiblity to",East Asian,2
"Autism, susceptiblity to",European,25
BAINBRIDGE-ROPERS SYNDROME; BRPS,African,1
BAINBRIDGE-ROPERS SYNDROME; BRPS,East Asian,1
BAINBRIDGE-ROPERS SYNDROME; BRPS,European,12
BAINBRIDGE-ROPERS SYNDROME; BRPS,Middle Eastern,1
BAINBRIDGE-ROPERS SYNDROME; BRPS,South Asian,1
BAKER-GORDON SYNDROME; BAGOS,European,2
BARBER-SAY SYNDROME; BBRSAY,European,4
BARTSOCAS-PAPAS SYNDROME 1; BPS1,European,1
BASAL CELL NEVUS SYNDROME; BCNS,African,1
BASAL CELL NEVUS SYNDROME; BCNS,SE Asian,1
BASILICATA-AKHTAR SYNDROME; MRXSBA,East Asian,1
BASILICATA-AKHTAR SYNDROME; MRXSBA,European,21
BASILICATA-AKHTAR SYNDROME; MRXSBA,Latino/Hispanic,2
BEAULIEU-BOYCOTT-INNES SYNDROME; BBIS,European,4
BEAULIEU-BOYCOTT-INNES SYNDROME; BBIS,Middle Eastern,3
BEAULIEU-BOYCOTT-INNES SYNDROME; BBIS,South Asian,2
BECK-FAHRNER SYNDROME; BEFAHRS,African,1
BECK-FAHRNER SYNDROME; BEFAHRS,European,4
BECKWITH-WIEDEMANN SYNDROME; BWS,African,2
BECKWITH-WIEDEMANN SYNDROME; BWS,European,8
BECKWITH-WIEDEMANN SYNDROME; BWS,Latino/Hispanic,1
BECKWITH-WIEDEMANN SYNDROME; BWS,Middle Eastern,1
BECKWITH-WIEDEMANN SYNDROME; BWS,SE Asian,2
BECKWITH-WIEDEMANN SYNDROME; BWS,South Asian,5
BIRK-BAREL SYNDROME; BIBARS,European,2
BIRK-BAREL SYNDROME; BIBARS,Middle Eastern,1
"BLEPHAROPHIMOSIS, PTOSIS, AND EPICANTHUS INVERSUS; BPES",African,2
"BLEPHAROPHIMOSIS, PTOSIS, AND EPICANTHUS INVERSUS; BPES",European,10
"BLEPHAROPHIMOSIS, PTOSIS, AND EPICANTHUS INVERSUS; BPES",Latino/Hispanic,11
BOHRING-OPITZ SYNDROME; BOPS,African,2
BOHRING-OPITZ SYNDROME; BOPS,European,9
BORJESON-FORSSMAN-LEHMANN SYNDROME; BFLS,European,21
BOSCH-BOONSTRA-SCHAAF OPTIC ATROPHY SYNDROME; BBSOAS,East Asian,1
BOSCH-BOONSTRA-SCHAAF OPTIC ATROPHY SYNDROME; BBSOAS,European,5
BOSMA ARHINIA MICROPHTHALMIA SYNDROME; BAMS,African,3
BOSMA ARHINIA MICROPHTHALMIA SYNDROME; BAMS,European,3
BOSMA ARHINIA MICROPHTHALMIA SYNDROME; BAMS,Middle Eastern,2
BOSMA ARHINIA MICROPHTHALMIA SYNDROME; BAMS,SE Asian,2
BRANCHIOOCULOFACIAL SYNDROME; BOFS,European,7
BRANCHIOOCULOFACIAL SYNDROME; BOFS,Middle Eastern,1
BRUNET-WAGNER NEURODEVELOPMENTAL SYNDROME; BRUWAG,European,2
BURN-MCKEOWN SYNDROME; BMKS,European,8
BURN-MCKEOWN SYNDROME; BMKS,SE Asian,1
BURN-MCKEOWN SYNDROME; BMKS,South Asian,3
Baraitser-Winter syndrome,European,47
Baraitser-Winter syndrome,Latino/Hispanic,2
Bardet-Biedl syndrome,African,3
Bardet-Biedl syndrome,East Asian,1
Bardet-Biedl syndrome,European,21
Bardet-Biedl syndrome,South Asian,1
Blepharocheilodontic syndrome,African,2
Blepharocheilodontic syndrome,East Asian,3
Blepharocheilodontic syndrome,European,2
CANTU SYNDROME,African,3
CANTU SYNDROME,East Asian,1
CANTU SYNDROME,European,9
"CARDIAC, FACIAL, AND DIGITAL ANOMALIES WITH DEVELOPMENTAL DELAY; CAFDADD",European,3
CARDIOSPONDYLOCARPOFACIAL SYNDROME; CSCF,European,3
CAREY-FINEMAN-ZITER SYNDROME; CFZS,European,7
CATEL-MANZKE SYNDROME; CATMANS,European,2
CATEL-MANZKE SYNDROME; CATMANS,Middle Eastern,1
CDH8,European,3
CEBALID SYNDROME; CEBALID,East Asian,1
CEBALID SYNDROME; CEBALID,European,18
CEBALID SYNDROME; CEBALID,Latino/Hispanic,1
CEBALID SYNDROME; CEBALID,Middle Eastern,2
CEBALID SYNDROME; CEBALID,South Asian,2
"CEREBELLAR ATROPHY, VISUAL IMPAIRMENT, AND PSYCHOMOTOR RETARDATION; CAVIPMR",European,1
"CEREBELLAR ATROPHY, VISUAL IMPAIRMENT, AND PSYCHOMOTOR RETARDATION; CAVIPMR",Middle Eastern,4
CEREBELLAR DYSFUNCTION WITH VARIABLE COGNITIVE AND BEHAVIORAL ABNORMALITIES; CECBA,European,1
"CEREBELLAR, OCULAR, CRANIOFACIAL, AND GENITAL SYNDROME; COFG",African,2
"CEREBELLAR, OCULAR, CRANIOFACIAL, AND GENITAL SYNDROME; COFG",Middle Eastern,11
CEREBELLOFACIODENTAL SYNDROME; CFDS,European,7
CEREBROCOSTOMANDIBULAR SYNDROME; CCMS,European,8
CHANARIN-DORFMAN SYNDROME; CDS,European,2
CHANARIN-DORFMAN SYNDROME; CDS,Middle Eastern,1
"CHARCOT-MARIE-TOOTH DISEASE, TYPE 4B3; CMT4B3",European,3
CHARGE SYNDROME,African,2
CHARGE SYNDROME,East Asian,20
CHARGE SYNDROME,European,20
CHARGE SYNDROME,Latino/Hispanic,3
CHITAYAT SYNDROME; CHYTS,African,1
CHITAYAT SYNDROME; CHYTS,European,4
CHITAYAT SYNDROME; CHYTS,Latino/Hispanic,1
CHOPS SYNDROME; CHOPS,African,2
CHOPS SYNDROME; CHOPS,European,7
CHROMOSOME 18q DELETION SYNDROME,African,2
"CHROMOSOME 1p36 DELETION SYNDROME, DISTAL",African,2
"CHROMOSOME 22q11.2 DELETION SYNDROME, DISTAL",African,7
"CHROMOSOME 22q11.2 DELETION SYNDROME, DISTAL",East Asian,1
"CHROMOSOME 22q11.2 DELETION SYNDROME, DISTAL",European,10
"CHROMOSOME 22q11.2 DELETION SYNDROME, DISTAL",Middle Eastern,1
"CHROMOSOME 22q11.2 DELETION SYNDROME, DISTAL",South Asian,1
CHROMOSOME 2q37 DELETION SYNDROME,European,3
CHUNG-JANSEN SYNDROME; CHUJANS,European,29
CHUNG-JANSEN SYNDROME; CHUJANS,Latino/Hispanic,1
CIMDAG SYNDROME; CIMDAG,European,3
CK SYNDROME; CKS,European,3
CLARK-BARAITSER SYNDROME; CLABARS,European,24
CLARK-BARAITSER SYNDROME; CLABARS,Middle Eastern,2
"CLEFT PALATE, CARDIAC DEFECTS, AND MENTAL RETARDATION; CPCMR",African,1
"CLEFT PALATE, CARDIAC DEFECTS, AND MENTAL RETARDATION; CPCMR",European,13
"CLEFT PALATE, CARDIAC DEFECTS, AND MENTAL RETARDATION; CPCMR",Latino/Hispanic,1
CLEIDOCRANIAL DYSPLASIA; CCD,African,4
CLEIDOCRANIAL DYSPLASIA; CCD,East Asian,9
CLEIDOCRANIAL DYSPLASIA; CCD,European,1
CLEIDOCRANIAL DYSPLASIA; CCD,Latino/Hispanic,2
CLEIDOCRANIAL DYSPLASIA; CCD,South Asian,3
COCKAYNE SYNDROME A; CSA,African,2
COCKAYNE SYNDROME B; CSB,East Asian,1
COFFIN-LOWRY SYNDROME; CLS,African,3
COFFIN-LOWRY SYNDROME; CLS,East Asian,9
COFFIN-LOWRY SYNDROME; CLS,European,12
COFFIN-LOWRY SYNDROME; CLS,Middle Eastern,1
"COGNITIVE FUNCTION 1, SOCIAL; CGF1",African,15
COHEN SYNDROME; COH1,African,2
COHEN SYNDROME; COH1,European,53
COHEN SYNDROME; COH1,Middle Eastern,2
COHEN-GIBSON SYNDROME; COGIS,European,5
"CONGENITAL ANOMALIES OF KIDNEY AND URINARY TRACT SYNDROME WITH OR WITHOUT HEARING LOSS, ABNORMAL EARS, OR DEVELOPMENTAL DELAY; CAKUTHED",European,3
"CONGENITAL CATARACTS, FACIAL DYSMORPHISM, AND NEUROPATHY; CCFDN",European,7
"CONGENITAL CONTRACTURES OF THE LIMBS AND FACE, HYPOTONIA, AND DEVELOPMENTAL DELAY; CLIFAHDD",European,2
CONGENITAL HEART DEFECTS AND ECTODERMAL DYSPLASIA; CHDED,European,1
"CONGENITAL HEART DEFECTS, DYSMORPHIC FACIAL FEATURES, AND INTELLECTUAL DEVELOPMENTAL DISORDER; CHDFIDD",European,18
"CONGENITAL HEART DEFECTS, MULTIPLE TYPES, 2; CHTD2",African,3
"CONGENITAL HEART DEFECTS, MULTIPLE TYPES, 2; CHTD2",European,15
"CONGENITAL HYPOTONIA, EPILEPSY, DEVELOPMENTAL DELAY, AND DIGITAL ANOMALIES; CHEDDA",Latino/Hispanic,1
"CONGENITAL HYPOTONIA, EPILEPSY, DEVELOPMENTAL DELAY, AND DIGITAL ANOMALIES; CHEDDA",Middle Eastern,1
"CORPUS CALLOSUM, AGENESIS OF, WITH FACIAL ANOMALIES AND ROBIN SEQUENCE",European,2
COSTELLO SYNDROME; CSTLO,African,1
COSTELLO SYNDROME; CSTLO,East Asian,6
COSTELLO SYNDROME; CSTLO,European,25
COSTELLO SYNDROME; CSTLO,Latino/Hispanic,4
COSTELLO SYNDROME; CSTLO,Middle Eastern,2
"CRANIOFACIAL DYSMORPHISM, SKELETAL ANOMALIES, AND MENTAL RETARDATION SYNDROME; CFSMR",European,4
CRANIOFACIAL MICROSOMIA; CFM,European,4
CRANIOFRONTONASAL SYNDROME; CFNS,East Asian,7
CRANIOFRONTONASAL SYNDROME; CFNS,European,21
CRANIOFRONTONASAL SYNDROME; CFNS,Latino/Hispanic,5
CRANIOFRONTONASAL SYNDROME; CFNS,Middle Eastern,1
CRANIOFRONTONASAL SYNDROME; CFNS,SE Asian,1
CRANIOFRONTONASAL SYNDROME; CFNS,South Asian,4
CROUZON SYNDROME,African,7
CROUZON SYNDROME,East Asian,6
CROUZON SYNDROME,European,20
CROUZON SYNDROME,Latino/Hispanic,1
CROUZON SYNDROME,Middle Eastern,3
CROUZON SYNDROME,SE Asian,6
CROUZON SYNDROME,South Asian,9
CSNK1G1,European,3
CULLER-JONES SYNDROME; CJS,Middle Eastern,1
CURRARINO SYNDROME,European,2
CURRARINO SYNDROME,Middle Eastern,1
CYSTIC FIBROSIS; CF,European,3
Cardiofaciocutaneous syndrome,East Asian,1
Cardiofaciocutaneous syndrome,European,25
Cardiofaciocutaneous syndrome,SE Asian,5
"Cardiomyopathy, familial hypertrophic",European,1
"Cardiomyopathy, familial hypertrophic",Middle Eastern,1
"Central hypoventilation syndrome, congenital",African,2
Cerebral creatine deficiency syndrome,European,2
Coffin-Siris syndrome,African,3
Coffin-Siris syndrome,East Asian,4
Coffin-Siris syndrome,European,119
Coffin-Siris syndrome,Latino/Hispanic,2
Coffin-Siris syndrome,Middle Eastern,3
Cold-induced sweating syndrome,European,5
Cold-induced sweating syndrome,Middle Eastern,4
Cole-Carpenter syndrome,East Asian,1
Cole-Carpenter syndrome,European,1
Cole-Carpenter syndrome,SE Asian,1
Cole-Carpenter syndrome,South Asian,2
"Congenital disorders of glycosylation, type II",European,6
"Congenital disorders of glycosylation, type II",Middle Eastern,1
Cornelia de Lange syndrome,African,22
Cornelia de Lange syndrome,East Asian,4
Cornelia de Lange syndrome,European,177
Cornelia de Lange syndrome,Latino/Hispanic,71
Cornelia de Lange syndrome,Middle Eastern,11
Cornelia de Lange syndrome,SE Asian,9
Cornelia de Lange syndrome,South Asian,11
Craniometaphyseal dysplasia,European,1
Craniosynostosis,East Asian,1
Craniosynostosis,European,8
Cutis laxa,African,5
Cutis laxa,European,11
Cutis laxa,Latino/Hispanic,4
Cutis laxa,Middle Eastern,17
Cutis laxa,South Asian,5
DDX23,European,2
"DEAFNESS, CATARACT, IMPAIRED INTELLECTUAL DEVELOPMENT, AND POLYNEUROPATHY; DCIDP",European,12
"DEAFNESS, CATARACT, IMPAIRED INTELLECTUAL DEVELOPMENT, AND POLYNEUROPATHY; DCIDP",Middle Eastern,5
"DEAFNESS, DYSTONIA, AND CEREBRAL HYPOMYELINATION; DDCH",European,2
"DEAFNESS, ONYCHODYSTROPHY, OSTEODYSTROPHY, MENTAL RETARDATION, AND SEIZURES SYNDROME; DOORS",European,3
DEGCAGS SYNDROME; DEGCAGS,European,1
DESANTO-SHINAWI SYNDROME; DESSH,East Asian,2
DESANTO-SHINAWI SYNDROME; DESSH,European,14
DESANTO-SHINAWI SYNDROME; DESSH,Latino/Hispanic,2
DEVELOPMENTAL AND EPILEPTIC ENCEPHALOPATHY 13; DEE13,European,1
DEVELOPMENTAL AND EPILEPTIC ENCEPHALOPATHY 18; DEE18,European,2
DEVELOPMENTAL AND EPILEPTIC ENCEPHALOPATHY 23; DEE23,European,2
DEVELOPMENTAL AND EPILEPTIC ENCEPHALOPATHY 28; DEE28,European,8
DEVELOPMENTAL AND EPILEPTIC ENCEPHALOPATHY 28; DEE28,Middle Eastern,1
DEVELOPMENTAL AND EPILEPTIC ENCEPHALOPATHY 28; DEE28,South Asian,2
DEVELOPMENTAL AND EPILEPTIC ENCEPHALOPATHY 2; DEE2,European,7
DEVELOPMENTAL AND EPILEPTIC ENCEPHALOPATHY 4; DEE4,European,4
DEVELOPMENTAL AND EPILEPTIC ENCEPHALOPATHY 54; DEE54,European,1
DEVELOPMENTAL AND EPILEPTIC ENCEPHALOPATHY 65; DEE65,European,2
DEVELOPMENTAL AND EPILEPTIC ENCEPHALOPATHY 66; DEE66,African,1
DEVELOPMENTAL AND EPILEPTIC ENCEPHALOPATHY 66; DEE66,European,6
DEVELOPMENTAL AND EPILEPTIC ENCEPHALOPATHY 70; DEE70,East Asian,1
DEVELOPMENTAL AND EPILEPTIC ENCEPHALOPATHY 70; DEE70,European,5
DEVELOPMENTAL AND EPILEPTIC ENCEPHALOPATHY 76; DEE76,European,1
DEVELOPMENTAL AND EPILEPTIC ENCEPHALOPATHY 7; DEE7,European,2
DEVELOPMENTAL AND EPILEPTIC ENCEPHALOPATHY 80; DEE80,European,2
DEVELOPMENTAL AND EPILEPTIC ENCEPHALOPATHY 80; DEE80,Middle Eastern,2
DEVELOPMENTAL AND EPILEPTIC ENCEPHALOPATHY 83; DEE83,European,1
DEVELOPMENTAL AND EPILEPTIC ENCEPHALOPATHY 83; DEE83,Middle Eastern,3
DEVELOPMENTAL AND EPILEPTIC ENCEPHALOPATHY 83; DEE83,South Asian,1
DEVELOPMENTAL AND EPILEPTIC ENCEPHALOPATHY 84; DEE84,European,2
DEVELOPMENTAL AND EPILEPTIC ENCEPHALOPATHY 84; DEE84,Middle Eastern,1
DEVELOPMENTAL AND EPILEPTIC ENCEPHALOPATHY 87; DEE87,European,2
DEVELOPMENTAL AND EPILEPTIC ENCEPHALOPATHY 94; DEE94,European,10
DEVELOPMENTAL AND EPILEPTIC ENCEPHALOPATHY 94; DEE94,Latino/Hispanic,1
DEVELOPMENTAL AND EPILEPTIC ENCEPHALOPATHY 95; DEE95,European,4
DEVELOPMENTAL DELAY WITH OR WITHOUT DYSMORPHIC FACIES AND AUTISM; DEDDFA,European,19
DEVELOPMENTAL DELAY WITH OR WITHOUT DYSMORPHIC FACIES AND AUTISM; DEDDFA,Latino/Hispanic,1
DEVELOPMENTAL DELAY WITH OR WITHOUT INTELLECTUAL IMPAIRMENT OR BEHAVIORAL ABNORMALITIES; DDIB,European,8
"DEVELOPMENTAL DELAY WITH SHORT STATURE, DYSMORPHIC FACIAL FEATURES, AND SPARSE HAIR; DEDSSH",East Asian,1
"DEVELOPMENTAL DELAY WITH SHORT STATURE, DYSMORPHIC FACIAL FEATURES, AND SPARSE HAIR; DEDSSH",European,2
"DEVELOPMENTAL DELAY WITH SHORT STATURE, DYSMORPHIC FACIAL FEATURES, AND SPARSE HAIR; DEDSSH",Middle Eastern,1
DEVELOPMENTAL DELAY WITH VARIABLE INTELLECTUAL IMPAIRMENT AND BEHAVIORAL ABNORMALITIES; DDVIBA,European,14
DEVELOPMENTAL DELAY WITH VARIABLE INTELLECTUAL IMPAIRMENT AND BEHAVIORAL ABNORMALITIES; DDVIBA,Latino/Hispanic,1
DEVELOPMENTAL DELAY WITH VARIABLE INTELLECTUAL IMPAIRMENT AND BEHAVIORAL ABNORMALITIES; DDVIBA,Middle Eastern,1
"DEVELOPMENTAL DELAY, HYPOTONIA, MUSCULOSKELETAL DEFECTS, AND BEHAVIORAL ABNORMALITIES; DEHMBA",European,14
"DEVELOPMENTAL DELAY, IMPAIRED GROWTH, DYSMORPHIC FACIES, AND AXONAL NEUROPATHY; DIGFAN",African,1
"DEVELOPMENTAL DELAY, IMPAIRED GROWTH, DYSMORPHIC FACIES, AND AXONAL NEUROPATHY; DIGFAN",European,10
"DIABETES MELLITUS, NEONATAL, WITH CONGENITAL HYPOTHYROIDISM; NDH",African,4
"DIABETES MELLITUS, NEONATAL, WITH CONGENITAL HYPOTHYROIDISM; NDH",European,2
"DIABETES MELLITUS, NEONATAL, WITH CONGENITAL HYPOTHYROIDISM; NDH",Middle Eastern,1
"DIABETES MELLITUS, NEONATAL, WITH CONGENITAL HYPOTHYROIDISM; NDH",South Asian,2
DIETS-JONGMANS SYNDROME; DIJOS,European,9
DIGEORGE SYNDROME; DGS,African,1
DIGEORGE SYNDROME; DGS,East Asian,2
DIGEORGE SYNDROME; DGS,European,8
DIGEORGE SYNDROME; DGS,South Asian,1
DONNAI-BARROW SYNDROME,European,1
DONNAI-BARROW SYNDROME,Middle Eastern,3
DOWN SYNDROME,African,21
DUANE-RADIAL RAY SYNDROME; DRRS,European,5
Desbuquois dysplasia,European,3
"ECTODERMAL DYSPLASIA WITH FACIAL DYSMORPHISM AND ACRAL, OCULAR, AND BRAIN ANOMALIES; EDFAOB",European,8
ELSAHY-WATERS SYNDROME; ESWS,European,4
ELSAHY-WATERS SYNDROME; ESWS,Middle Eastern,1
EMANUEL SYNDROME,African,1
EMANUEL SYNDROME,East Asian,1
"EPILEPSY, FOCAL, WITH SPEECH DISORDER AND WITH OR WITHOUT IMPAIRED INTELLECTUAL DEVELOPMENT; FESD",European,1
Ectodermal dysplasia (select examples),East Asian,2
Ectodermal dysplasia (select examples),European,1
Ehlers-Danlos syndrome,East Asian,4
Ehlers-Danlos syndrome,European,18
Ehlers-Danlos syndrome,Latino/Hispanic,2
Ehlers-Danlos syndrome,Middle Eastern,12
"Epilepsy, progressive myoclonic",South Asian,1
"FACIAL DYSMORPHISM, HYPERTRICHOSIS, EPILEPSY, INTELLECTUAL/DEVELOPMENTAL DELAY, AND GINGIVAL OVERGROWTH SYNDROME; FHEIG",European,4
"FACIAL DYSMORPHISM, IMMUNODEFICIENCY, LIVEDO, AND SHORT STATURE; FILS",East Asian,1
"FACIAL DYSMORPHISM, IMMUNODEFICIENCY, LIVEDO, AND SHORT STATURE; FILS",Middle Eastern,1
"FACIAL DYSMORPHISM, LENS DISLOCATION, ANTERIOR SEGMENT ABNORMALITIES, AND SPONTANEOUS FILTERING BLEBS; FDLAB",East Asian,1
"FACIAL DYSMORPHISM, LENS DISLOCATION, ANTERIOR SEGMENT ABNORMALITIES, AND SPONTANEOUS FILTERING BLEBS; FDLAB",South Asian,1
"FACIAL PALSY, CONGENITAL, WITH PTOSIS AND VELOPHARYNGEAL DYSFUNCTION; FPVEPD",European,15
FAM20B,East Asian,2
FBXW7,East Asian,1
FBXW7,European,24
FG syndrome,European,8
FG syndrome,Latino/Hispanic,1
FG syndrome,Middle Eastern,2
FILIPPI SYNDROME; FLPIS,European,3
FLOATING-HARBOR SYNDROME; FLHS,African,1
FLOATING-HARBOR SYNDROME; FLHS,East Asian,14
FLOATING-HARBOR SYNDROME; FLHS,European,62
FLOATING-HARBOR SYNDROME; FLHS,Latino/Hispanic,3
FOCAL DERMAL HYPOPLASIA; FDH,African,1
FOCAL DERMAL HYPOPLASIA; FDH,East Asian,1
FOCAL DERMAL HYPOPLASIA; FDH,European,12
FOCAL DERMAL HYPOPLASIA; FDH,Latino/Hispanic,1
FOCAL DERMAL HYPOPLASIA; FDH,SE Asian,4
FOCAL DERMAL HYPOPLASIA; FDH,South Asian,2
FONTAINE PROGEROID SYNDROME; FPS,European,9
FONTAINE PROGEROID SYNDROME; FPS,Middle Eastern,1
FOXA2,European,2
FRA10AC1,Middle Eastern,5
FRAGILE X SYNDROME; FXS,African,3
FRAGILE X SYNDROME; FXS,East Asian,1
FRAGILE X SYNDROME; FXS,European,15
FRANK-TER HAAR SYNDROME; FTHS,European,5
FRANK-TER HAAR SYNDROME; FTHS,Middle Eastern,1
FRIAS SYNDROME,European,2
"Facial paresis, hereditary congenital",Middle Eastern,5
Facioscapulohumeral muscular dystrophy,European,7
Fanconi anemia,African,1
Fanconi anemia,European,1
Focal facial dermal dysplasia,European,4
Focal facial dermal dysplasia,Latino/Hispanic,1
Focal facial dermal dysplasia,South Asian,1
Fraser syndrome,European,3
Frontometaphyseal dysplasia,East Asian,1
Frontometaphyseal dysplasia,European,3
GABRIELE-DE VRIES SYNDROME; GADEVS,East Asian,1
GABRIELE-DE VRIES SYNDROME; GADEVS,European,1
GAND SYNDROME; GAND,European,22
GAPO SYNDROME; GAPOS,African,2
GAPO SYNDROME; GAPOS,European,7
GAPO SYNDROME; GAPOS,South Asian,1
GENITOPATELLAR SYNDROME; GTPTS,East Asian,3
GENITOPATELLAR SYNDROME; GTPTS,European,10
GERODERMA OSTEODYSPLASTICUM; GO,Latino/Hispanic,2
GERODERMA OSTEODYSPLASTICUM; GO,Middle Eastern,8
GLASS SYNDROME; GLASS,East Asian,6
GLASS SYNDROME; GLASS,European,25
GLOBAL DEVELOPMENTAL DELAY WITH SPEECH AND BEHAVIORAL ABNORMALITIES; GDSBA,European,3
"GLOBAL DEVELOPMENTAL DELAY, ABSENT OR HYPOPLASTIC CORPUS CALLOSUM, AND DYSMORPHIC FACIES; GDACCF",European,4
GLYCINE ENCEPHALOPATHY WITH NORMAL SERUM GLYCINE,Middle Eastern,2
GNAI1,European,7
GOMEZ-LOPEZ-HERNANDEZ SYNDROME; GLHS,European,1
GOMEZ-LOPEZ-HERNANDEZ SYNDROME; GLHS,Latino/Hispanic,3
Galloway-Mowat syndrome,African,4
Galloway-Mowat syndrome,East Asian,4
Galloway-Mowat syndrome,European,1
Growth hormone insensitivity syndrome with immune dysregulation,Latino/Hispanic,1
H3-3A,European,1
H4C3,European,2
H4C3,SE Asian,1
H4C5,African,1
H4C5,European,8
H4C9,European,3
HAJDU-CHENEY SYNDROME; HJCYS,European,3
HAO-FOUNTAIN SYNDROME; HAFOUS,African,2
HAO-FOUNTAIN SYNDROME; HAFOUS,European,33
HAREL-YOON SYNDROME; HAYOS,European,2
HARTSFIELD SYNDROME; HRTFDS,European,2
HARTSFIELD SYNDROME; HRTFDS,Latino/Hispanic,1
HEART AND BRAIN MALFORMATION SYNDROME; HBMS,European,6
HEART AND BRAIN MALFORMATION SYNDROME; HBMS,Middle Eastern,1
HELSMOORTEL-VAN DER AA SYNDROME; HVDAS,East Asian,1
HELSMOORTEL-VAN DER AA SYNDROME; HVDAS,European,55
HELSMOORTEL-VAN DER AA SYNDROME; HVDAS,Latino/Hispanic,1
HELSMOORTEL-VAN DER AA SYNDROME; HVDAS,Middle Eastern,1
HIATT-NEU-COOPER NEURODEVELOPMENTAL SYNDROME; HINCONS,European,8
HYPOPARATHYROIDISM-RETARDATION-DYSMORPHISM SYNDROME; HRDS,African,5
HYPOPARATHYROIDISM-RETARDATION-DYSMORPHISM SYNDROME; HRDS,Middle Eastern,2
"HYPOTONIA, ATAXIA, AND DELAYED DEVELOPMENT SYNDROME; HADDS",European,6
"HYPOTONIA, ATAXIA, AND DELAYED DEVELOPMENT SYNDROME; HADDS",Middle Eastern,2
"HYPOTONIA, ATAXIA, AND DELAYED DEVELOPMENT SYNDROME; HADDS",South Asian,2
Hennekam lymphangiectasia-lymphedema syndrome,African,1
Hennekam lymphangiectasia-lymphedema syndrome,European,9
Hennekam lymphangiectasia-lymphedema syndrome,Middle Eastern,4
Hermansky-Pudlak syndrome,East Asian,2
Hermansky-Pudlak syndrome,European,1
Hermansky-Pudlak syndrome,Middle Eastern,1
Holoprosencephaly,African,1
Holoprosencephaly,European,21
Hutchinson-Gilford progeria,African,5
Hutchinson-Gilford progeria,East Asian,6
Hutchinson-Gilford progeria,European,31
Hutchinson-Gilford progeria,Latino/Hispanic,7
Hutchinson-Gilford progeria,Middle Eastern,1
Hutchinson-Gilford progeria,South Asian,6
Hyper-IgE recurrent infection syndrome,East Asian,1
Hyper-IgE recurrent infection syndrome,European,1
Hyper-IgE recurrent infection syndrome,Latino/Hispanic,1
Hyper-IgE recurrent infection syndrome,Middle Eastern,6
Hyper-IgE recurrent infection syndrome,South Asian,5
Hyperphosphatasia with mental retardation syndrome,African,27
Hyperphosphatasia with mental retardation syndrome,East Asian,1
Hyperphosphatasia with mental retardation syndrome,European,27
Hyperphosphatasia with mental retardation syndrome,Middle Eastern,16
Hypoplastic left heart syndrome,European,2
"Hypotonia, infantile, with psychomotor retardation and characteristic facies",African,6
"Hypotonia, infantile, with psychomotor retardation and characteristic facies",East Asian,1
"Hypotonia, infantile, with psychomotor retardation and characteristic facies",European,3
"Hypotonia, infantile, with psychomotor retardation and characteristic facies",Latino/Hispanic,3
"Hypotonia, infantile, with psychomotor retardation and characteristic facies",Middle Eastern,1
IMMUNODEFICIENCY 23; IMD23,Middle Eastern,1
IMPAIRED INTELLECTUAL DEVELOPMENT AND DISTINCTIVE FACIAL FEATURES WITH OR WITHOUT CARDIAC DEFECTS; MRFACD,African,1
IMPAIRED INTELLECTUAL DEVELOPMENT AND DISTINCTIVE FACIAL FEATURES WITH OR WITHOUT CARDIAC DEFECTS; MRFACD,European,23
IMPAIRED INTELLECTUAL DEVELOPMENT AND DISTINCTIVE FACIAL FEATURES WITH OR WITHOUT CARDIAC DEFECTS; MRFACD,Middle Eastern,2
"INTELLECTUAL DEVELOPMENTAL DISORDER WITH AUTISTIC FEATURES AND LANGUAGE DELAY, WITH OR WITHOUT SEIZURES; IDDALDS",European,7
INTELLECTUAL DEVELOPMENTAL DISORDER WITH BEHAVIORAL ABNORMALITIES AND CRANIOFACIAL DYSMORPHISM WITH OR WITHOUT SEIZURES; IDDBCS,European,3
INTELLECTUAL DEVELOPMENTAL DISORDER WITH CARDIAC DEFECTS AND DYSMORPHIC FACIES; IDDCDF,African,1
INTELLECTUAL DEVELOPMENTAL DISORDER WITH CARDIAC DEFECTS AND DYSMORPHIC FACIES; IDDCDF,European,1
INTELLECTUAL DEVELOPMENTAL DISORDER WITH CARDIAC DEFECTS AND DYSMORPHIC FACIES; IDDCDF,Middle Eastern,7
INTELLECTUAL DEVELOPMENTAL DISORDER WITH DYSMORPHIC FACIES AND BEHAVIORAL ABNORMALITIES; IDDFBA,African,1
INTELLECTUAL DEVELOPMENTAL DISORDER WITH DYSMORPHIC FACIES AND BEHAVIORAL ABNORMALITIES; IDDFBA,East Asian,2
INTELLECTUAL DEVELOPMENTAL DISORDER WITH DYSMORPHIC FACIES AND BEHAVIORAL ABNORMALITIES; IDDFBA,European,24
INTELLECTUAL DEVELOPMENTAL DISORDER WITH DYSMORPHIC FACIES AND BEHAVIORAL ABNORMALITIES; IDDFBA,Middle Eastern,1
INTELLECTUAL DEVELOPMENTAL DISORDER WITH DYSMORPHIC FACIES AND BEHAVIORAL ABNORMALITIES; IDDFBA,SE Asian,1
INTELLECTUAL DEVELOPMENTAL DISORDER WITH DYSMORPHIC FACIES AND PTOSIS; IDDDFP,European,12
INTELLECTUAL DEVELOPMENTAL DISORDER WITH DYSMORPHIC FACIES AND PTOSIS; IDDDFP,Middle Eastern,2
"INTELLECTUAL DEVELOPMENTAL DISORDER WITH DYSMORPHIC FACIES, SEIZURES, AND DISTAL LIMB ANOMALIES; IDDFSDA",African,1
"INTELLECTUAL DEVELOPMENTAL DISORDER WITH DYSMORPHIC FACIES, SEIZURES, AND DISTAL LIMB ANOMALIES; IDDFSDA",Latino/Hispanic,1
"INTELLECTUAL DEVELOPMENTAL DISORDER WITH DYSMORPHIC FACIES, SEIZURES, AND DISTAL LIMB ANOMALIES; IDDFSDA",Middle Eastern,6
INTELLECTUAL DEVELOPMENTAL DISORDER WITH HYPERTELORISM AND DISTINCTIVE FACIES; IDDHDF,African,1
INTELLECTUAL DEVELOPMENTAL DISORDER WITH HYPERTELORISM AND DISTINCTIVE FACIES; IDDHDF,East Asian,4
INTELLECTUAL DEVELOPMENTAL DISORDER WITH HYPOTONIA AND BEHAVIORAL ABNORMALITIES; IDDHBA,European,3
INTELLECTUAL DEVELOPMENTAL DISORDER WITH HYPOTONIA AND BEHAVIORAL ABNORMALITIES; IDDHBA,South Asian,1
INTELLECTUAL DEVELOPMENTAL DISORDER WITH IMPAIRED LANGUAGE AND DYSMORPHIC FACIES; IDDILF,European,3
INTELLECTUAL DEVELOPMENTAL DISORDER WITH IMPAIRED LANGUAGE AND DYSMORPHIC FACIES; IDDILF,Latino/Hispanic,1
"INTELLECTUAL DEVELOPMENTAL DISORDER WITH MACROCEPHALY, SEIZURES, AND SPEECH DELAY; IDDMSSD",African,2
"INTELLECTUAL DEVELOPMENTAL DISORDER WITH MACROCEPHALY, SEIZURES, AND SPEECH DELAY; IDDMSSD",Middle Eastern,3
INTELLECTUAL DEVELOPMENTAL DISORDER WITH PERSISTENCE OF FETAL HEMOGLOBIN,East Asian,2
INTELLECTUAL DEVELOPMENTAL DISORDER WITH PERSISTENCE OF FETAL HEMOGLOBIN,European,27
INTELLECTUAL DEVELOPMENTAL DISORDER WITH SEVERE SPEECH AND AMBULATION DEFECTS; IDDSSAD,European,7
"INTELLECTUAL DEVELOPMENTAL DISORDER WITH SHORT STATURE, FACIAL ANOMALIES, AND SPEECH DEFECTS; IDDSFAS",South Asian,2
"INTELLECTUAL DEVELOPMENTAL DISORDER WITH SPEECH DELAY, AUTISM, AND DYSMORPHIC FACIES; IDDSADF",European,8
"INTELLECTUAL DEVELOPMENTAL DISORDER WITH SPEECH DELAY, DYSMORPHIC FACIES, AND T-CELL ABNORMALITIES; IDDSFTA",East Asian,4
"INTELLECTUAL DEVELOPMENTAL DISORDER WITH SPEECH DELAY, DYSMORPHIC FACIES, AND T-CELL ABNORMALITIES; IDDSFTA",European,8
"INTELLECTUAL DEVELOPMENTAL DISORDER WITH SPEECH DELAY, DYSMORPHIC FACIES, AND T-CELL ABNORMALITIES; IDDSFTA",Latino/Hispanic,2
"INTELLECTUAL DEVELOPMENTAL DISORDER WITH SPEECH DELAY, DYSMORPHIC FACIES, AND T-CELL ABNORMALITIES; IDDSFTA",Middle Eastern,2
"INTELLECTUAL DEVELOPMENTAL DISORDER, AUTOSOMAL DOMINANT 21; MRD21",African,1
"INTELLECTUAL DEVELOPMENTAL DISORDER, AUTOSOMAL DOMINANT 21; MRD21",East Asian,3
"INTELLECTUAL DEVELOPMENTAL DISORDER, AUTOSOMAL DOMINANT 21; MRD21",European,19
"INTELLECTUAL DEVELOPMENTAL DISORDER, AUTOSOMAL DOMINANT 21; MRD21",Middle Eastern,2
"INTELLECTUAL DEVELOPMENTAL DISORDER, AUTOSOMAL DOMINANT 23; MRD23",European,10
"INTELLECTUAL DEVELOPMENTAL DISORDER, AUTOSOMAL DOMINANT 23; MRD23",Middle Eastern,1
"INTELLECTUAL DEVELOPMENTAL DISORDER, AUTOSOMAL DOMINANT 26; MRD26",African,1
"INTELLECTUAL DEVELOPMENTAL DISORDER, AUTOSOMAL DOMINANT 26; MRD26",European,3
"INTELLECTUAL DEVELOPMENTAL DISORDER, AUTOSOMAL DOMINANT 26; MRD26",Middle Eastern,1
"INTELLECTUAL DEVELOPMENTAL DISORDER, AUTOSOMAL DOMINANT 38; MRD38",East Asian,3
"INTELLECTUAL DEVELOPMENTAL DISORDER, AUTOSOMAL DOMINANT 40; MRD40",European,13
"INTELLECTUAL DEVELOPMENTAL DISORDER, AUTOSOMAL DOMINANT 50, WITH BEHAVIORAL ABNORMALITIES; MRD50",European,50
"INTELLECTUAL DEVELOPMENTAL DISORDER, AUTOSOMAL DOMINANT 50, WITH BEHAVIORAL ABNORMALITIES; MRD50",Latino/Hispanic,1
"INTELLECTUAL DEVELOPMENTAL DISORDER, AUTOSOMAL DOMINANT 50, WITH BEHAVIORAL ABNORMALITIES; MRD50",South Asian,3
"INTELLECTUAL DEVELOPMENTAL DISORDER, AUTOSOMAL DOMINANT 53; MRD53",European,4
"INTELLECTUAL DEVELOPMENTAL DISORDER, AUTOSOMAL DOMINANT 59; MRD59",European,4
"INTELLECTUAL DEVELOPMENTAL DISORDER, AUTOSOMAL DOMINANT 5; MRD5",East Asian,1
"INTELLECTUAL DEVELOPMENTAL DISORDER, AUTOSOMAL DOMINANT 5; MRD5",European,37
"INTELLECTUAL DEVELOPMENTAL DISORDER, AUTOSOMAL DOMINANT 5; MRD5",Latino/Hispanic,1
"INTELLECTUAL DEVELOPMENTAL DISORDER, AUTOSOMAL DOMINANT 62; MRD62",African,2
"INTELLECTUAL DEVELOPMENTAL DISORDER, AUTOSOMAL DOMINANT 62; MRD62",European,5
"INTELLECTUAL DEVELOPMENTAL DISORDER, AUTOSOMAL DOMINANT 7; MRD7",East Asian,2
"INTELLECTUAL DEVELOPMENTAL DISORDER, AUTOSOMAL DOMINANT 7; MRD7",European,31
"INTELLECTUAL DEVELOPMENTAL DISORDER, AUTOSOMAL DOMINANT 7; MRD7",Latino/Hispanic,2
"INTELLECTUAL DEVELOPMENTAL DISORDER, AUTOSOMAL RECESSIVE 13; MRT13",African,1
"INTELLECTUAL DEVELOPMENTAL DISORDER, AUTOSOMAL RECESSIVE 13; MRT13",Middle Eastern,2
"INTELLECTUAL DEVELOPMENTAL DISORDER, AUTOSOMAL RECESSIVE 39; MRT39",East Asian,2
"INTELLECTUAL DEVELOPMENTAL DISORDER, AUTOSOMAL RECESSIVE 46; MRT46",Middle Eastern,5
"INTELLECTUAL DEVELOPMENTAL DISORDER, AUTOSOMAL RECESSIVE 58; MRT58",European,2
"INTELLECTUAL DEVELOPMENTAL DISORDER, AUTOSOMAL RECESSIVE 5; MRT5",East Asian,2
"INTELLECTUAL DEVELOPMENTAL DISORDER, AUTOSOMAL RECESSIVE 65; MRT65",European,3
"INTELLECTUAL DEVELOPMENTAL DISORDER, AUTOSOMAL RECESSIVE 67; MRT67",European,6
"INTELLECTUAL DEVELOPMENTAL DISORDER, AUTOSOMAL RECESSIVE 72; MRT72",Middle Eastern,2
"INTELLECTUAL DEVELOPMENTAL DISORDER, AUTOSOMAL RECESSIVE 72; MRT72",SE Asian,2
"INTELLECTUAL DEVELOPMENTAL DISORDER, AUTOSOMAL RECESSIVE 7; MRT7",European,2
"INTELLECTUAL DEVELOPMENTAL DISORDER, X-LINKED 93; XLID93",European,19
"INTELLECTUAL DEVELOPMENTAL DISORDER, X-LINKED 98; XLID98",European,2
"INTELLECTUAL DEVELOPMENTAL DISORDER, X-LINKED 99, SYNDROMIC, FEMALE-RESTRICTED; MRXS99F",African,1
"INTELLECTUAL DEVELOPMENTAL DISORDER, X-LINKED 99, SYNDROMIC, FEMALE-RESTRICTED; MRXS99F",East Asian,2
"INTELLECTUAL DEVELOPMENTAL DISORDER, X-LINKED 99, SYNDROMIC, FEMALE-RESTRICTED; MRXS99F",European,14
"INTELLECTUAL DEVELOPMENTAL DISORDER, X-LINKED, SYNDROMIC 33; MRXS33",East Asian,2
"INTELLECTUAL DEVELOPMENTAL DISORDER, X-LINKED, SYNDROMIC 33; MRXS33",European,31
"INTELLECTUAL DEVELOPMENTAL DISORDER, X-LINKED, SYNDROMIC 33; MRXS33",Latino/Hispanic,1
"INTELLECTUAL DEVELOPMENTAL DISORDER, X-LINKED, SYNDROMIC 34; MRXS34",African,1
"INTELLECTUAL DEVELOPMENTAL DISORDER, X-LINKED, SYNDROMIC 34; MRXS34",Latino/Hispanic,1
"INTELLECTUAL DEVELOPMENTAL DISORDER, X-LINKED, SYNDROMIC, 35; MRXS35",European,4
"INTELLECTUAL DEVELOPMENTAL DISORDER, X-LINKED, SYNDROMIC, ARMFIELD TYPE; MRXSA",European,7
"INTELLECTUAL DEVELOPMENTAL DISORDER, X-LINKED, SYNDROMIC, BILLUART TYPE; MRXSBL",European,8
"INTELLECTUAL DEVELOPMENTAL DISORDER, X-LINKED, SYNDROMIC, CABEZAS TYPE; MRXSC",European,28
"INTELLECTUAL DEVELOPMENTAL DISORDER, X-LINKED, SYNDROMIC, CLAES-JENSEN TYPE; MRXSCJ",European,5
"INTELLECTUAL DEVELOPMENTAL DISORDER, X-LINKED, SYNDROMIC, HACKMANN-DI DONATO TYPE; MRXSHD",East Asian,2
"INTELLECTUAL DEVELOPMENTAL DISORDER, X-LINKED, SYNDROMIC, HACKMANN-DI DONATO TYPE; MRXSHD",European,3
"INTELLECTUAL DEVELOPMENTAL DISORDER, X-LINKED, SYNDROMIC, LUBS TYPE; MRXSL",East Asian,2
"INTELLECTUAL DEVELOPMENTAL DISORDER, X-LINKED, SYNDROMIC, LUBS TYPE; MRXSL",European,27
"INTELLECTUAL DEVELOPMENTAL DISORDER, X-LINKED, SYNDROMIC, LUJAN-FRYNS TYPE; MRXSLF",African,1
"INTELLECTUAL DEVELOPMENTAL DISORDER, X-LINKED, SYNDROMIC, LUJAN-FRYNS TYPE; MRXSLF",South Asian,2
"INTELLECTUAL DEVELOPMENTAL DISORDER, X-LINKED, SYNDROMIC, NASCIMENTO TYPE; MRXSN",East Asian,1
"INTELLECTUAL DEVELOPMENTAL DISORDER, X-LINKED, SYNDROMIC, NASCIMENTO TYPE; MRXSN",European,4
"INTELLECTUAL DEVELOPMENTAL DISORDER, X-LINKED, SYNDROMIC, NASCIMENTO TYPE; MRXSN",Latino/Hispanic,2
"INTELLECTUAL DEVELOPMENTAL DISORDER, X-LINKED, SYNDROMIC, RAYMOND TYPE; MRXSR",European,6
"INTELLECTUAL DEVELOPMENTAL DISORDER, X-LINKED, SYNDROMIC, SNIJDERS BLOK TYPE; MRXSSB",European,33
"INTELLECTUAL DEVELOPMENTAL DISORDER, X-LINKED, SYNDROMIC, SNYDER-ROBINSON TYPE; MRXSSR",African,2
"INTELLECTUAL DEVELOPMENTAL DISORDER, X-LINKED, SYNDROMIC, SNYDER-ROBINSON TYPE; MRXSSR",European,1
"INTELLECTUAL DEVELOPMENTAL DISORDER, X-LINKED, SYNDROMIC, SNYDER-ROBINSON TYPE; MRXSSR",Latino/Hispanic,2
"INTELLECTUAL DEVELOPMENTAL DISORDER, X-LINKED, SYNDROMIC, TURNER TYPE; MRXST",European,20
"INTRAUTERINE GROWTH RETARDATION, METAPHYSEAL DYSPLASIA, ADRENAL HYPOPLASIA CONGENITA, GENITAL ANOMALIES, AND IMMUNODEFICIENCY; IMAGEI",European,10
Immunodeficiency-centromeric instability-facial anomalies,African,1
Immunodeficiency-centromeric instability-facial anomalies,European,2
Immunodeficiency-centromeric instability-facial anomalies,SE Asian,1
Infantile liver failure syndrome,European,5
JANSEN-DE VRIES SYNDROME; JDVS,European,7
JARID2,European,2
JAWAD SYNDROME; JWDS,South Asian,2
JOHANSON-BLIZZARD SYNDROME; JBS,European,5
JOHANSON-BLIZZARD SYNDROME; JBS,Latino/Hispanic,1
Joubert syndrome,African,5
Joubert syndrome,European,31
Joubert syndrome,Middle Eastern,2
Joubert syndrome,South Asian,1
KAGAMI-OGATA SYNDROME,East Asian,6
KAUFMAN OCULOCEREBROFACIAL SYNDROME; KOS,African,1
KAUFMAN OCULOCEREBROFACIAL SYNDROME; KOS,European,9
KAUFMAN OCULOCEREBROFACIAL SYNDROME; KOS,Latino/Hispanic,6
KAUFMAN OCULOCEREBROFACIAL SYNDROME; KOS,Middle Eastern,3
KBG SYNDROME; KBGS,African,1
KBG SYNDROME; KBGS,European,143
KBG SYNDROME; KBGS,Latino/Hispanic,6
KBG SYNDROME; KBGS,Middle Eastern,6
KCTD3,Middle Eastern,5
KDM2B,East Asian,1
KDM2B,European,6
KDM2B,Latino/Hispanic,2
KEIPERT SYNDROME; KPTS,European,5
KEPPEN-LUBINSKY SYNDROME; KPLBS,European,1
KEPPEN-LUBINSKY SYNDROME; KPLBS,Latino/Hispanic,1
KEPPEN-LUBINSKY SYNDROME; KPLBS,Middle Eastern,1
KOOLEN-DE VRIES SYNDROME; KDVS,African,1
KOOLEN-DE VRIES SYNDROME; KDVS,European,47
KOOLEN-DE VRIES SYNDROME; KDVS,South Asian,1
KOSAKI OVERGROWTH SYNDROME; KOGS,European,6
Kabuki syndrome,African,5
Kabuki syndrome,East Asian,31
Kabuki syndrome,European,99
Kabuki syndrome,Latino/Hispanic,5
Kabuki syndrome,Middle Eastern,8
Kabuki syndrome,South Asian,2
Kenny-Caffey syndrome,European,2
Kleefstra syndrome,European,47
Klippel-Feil syndrome,European,1
Klippel-Feil syndrome,Middle Eastern,4
LACRIMOAURICULODENTODIGITAL SYNDROME; LADD,European,1
LAMB-SHAFFER SYNDROME; LAMSHF,East Asian,1
LAMB-SHAFFER SYNDROME; LAMSHF,European,1
LAMB4,African,2
LARON SYNDROME,Latino/Hispanic,2
LARSEN SYNDROME; LRS,African,1
LARSEN SYNDROME; LRS,East Asian,1
LARSEN SYNDROME; LRS,European,7
LARSEN SYNDROME; LRS,Latino/Hispanic,1
LARSEN SYNDROME; LRS,Middle Eastern,5
LARSEN SYNDROME; LRS,South Asian,6
LATERAL MENINGOCELE SYNDROME; LMNS,European,7
LENZ-MAJEWSKI HYPEROSTOTIC DWARFISM; LMHD,European,5
LEOPARD syndrome,East Asian,3
LEOPARD syndrome,European,1
LI-CAMPEAU SYNDROME; LICAS,African,2
LI-CAMPEAU SYNDROME; LICAS,European,2
LI-CAMPEAU SYNDROME; LICAS,Middle Eastern,1
LIG4 SYNDROME,African,1
LIG4 SYNDROME,East Asian,2
LIG4 SYNDROME,European,10
LIG4 SYNDROME,Middle Eastern,1
LUSCAN-LUMISH SYNDROME; LLS,European,14
"Leukodystrophy, hypomyelinating",African,8
"Leukodystrophy, hypomyelinating",Middle Eastern,3
Linear skin defects with multiple congenital anomalies,European,8
Lissencephaly,European,3
Long QT syndrome,East Asian,2
Long QT syndrome,European,3
"MACROCEPHALY, ACQUIRED, WITH IMPAIRED INTELLECTUAL DEVELOPMENT; MACID",European,13
"MACROCEPHALY, DYSMORPHIC FACIES, AND PSYCHOMOTOR RETARDATION; MDFPMR",South Asian,2
MACROCEPHALY/AUTISM SYNDROME,European,1
MACS SYNDROME,European,5
MACS SYNDROME,Middle Eastern,3
MANDIBULOFACIAL DYSOSTOSIS WITH ALOPECIA; MFDA,European,4
"MANDIBULOFACIAL DYSOSTOSIS, GUION-ALMEIDA TYPE; MFDGA",European,10
"MANNOSIDOSIS, ALPHA B, LYSOSOMAL; MANSA",African,1
"MANNOSIDOSIS, ALPHA B, LYSOSOMAL; MANSA",European,14
"MANNOSIDOSIS, ALPHA B, LYSOSOMAL; MANSA",Latino/Hispanic,2
"MANNOSIDOSIS, ALPHA B, LYSOSOMAL; MANSA",Middle Eastern,8
"MANNOSIDOSIS, ALPHA B, LYSOSOMAL; MANSA",South Asian,2
MAPKAPK5,African,2
MAPKAPK5,Middle Eastern,1
MARBACH-RUSTAD PROGEROID SYNDROME; MARUPS,European,2
MARFAN SYNDROME; MFS,African,2
MARFAN SYNDROME; MFS,European,1
MARFANOID-PROGEROID-LIPODYSTROPHY SYNDROME; MFLS,European,8
MARSHALL-SMITH SYNDROME; MRSHSS,African,1
MARSHALL-SMITH SYNDROME; MRSHSS,European,17
MARSHALL-SMITH SYNDROME; MRSHSS,Latino/Hispanic,1
MARSHALL-SMITH SYNDROME; MRSHSS,South Asian,1
MCCUNE-ALBRIGHT SYNDROME; MAS,European,1
MEGALENCEPHALY-CAPILLARY MALFORMATION-POLYMICROGYRIA SYNDROME; MCAP,European,2
MELNICK-NEEDLES SYNDROME; MNS,Latino/Hispanic,1
MENTAL RETARDATION WITH LANGUAGE IMPAIRMENT AND WITH OR WITHOUT AUTISTIC FEATURES,European,4
"MENTAL RETARDATION, AUTOSOMAL DOMINANT 48; MRD48",European,3
"MENTAL RETARDATION, AUTOSOMAL DOMINANT 51; MRD51",European,3
"MENTAL RETARDATION, AUTOSOMAL DOMINANT 54; MRD54",European,11
"MENTAL RETARDATION, AUTOSOMAL DOMINANT 57; MRD57",European,36
"MENTAL RETARDATION, AUTOSOMAL DOMINANT 57; MRD57",Middle Eastern,1
"MENTAL RETARDATION, AUTOSOMAL DOMINANT 58; MRD58",European,7
"MICROCEPHALIC OSTEODYSPLASTIC PRIMORDIAL DWARFISM, TYPE I; MOPD1",African,1
"MICROCEPHALIC OSTEODYSPLASTIC PRIMORDIAL DWARFISM, TYPE I; MOPD1",European,2
"MICROCEPHALIC OSTEODYSPLASTIC PRIMORDIAL DWARFISM, TYPE II; MOPD2",African,7
"MICROCEPHALIC OSTEODYSPLASTIC PRIMORDIAL DWARFISM, TYPE II; MOPD2",South Asian,1
"MICROCEPHALY WITH OR WITHOUT CHORIORETINOPATHY, LYMPHEDEMA, OR MENTAL RETARDATION; MCLMR",European,6
"MICROCEPHALY, GROWTH DEFICIENCY, SEIZURES, AND BRAIN MALFORMATIONS; MIGSB",African,2
MICROCEPHALY-CAPILLARY MALFORMATION SYNDROME; MICCAP,East Asian,1
MICROCEPHALY-CAPILLARY MALFORMATION SYNDROME; MICCAP,Middle Eastern,2
MOEBIUS SYNDROME; MBS,European,5
MOEBIUS SYNDROME; MBS,Latino/Hispanic,7
MOWAT-WILSON SYNDROME; MOWS,African,2
MOWAT-WILSON SYNDROME; MOWS,East Asian,1
MOWAT-WILSON SYNDROME; MOWS,European,41
MOWAT-WILSON SYNDROME; MOWS,Latino/Hispanic,1
MUCOLIPIDOSIS II ALPHA/BETA,East Asian,2
MUCOLIPIDOSIS II ALPHA/BETA,European,14
MUCOLIPIDOSIS II ALPHA/BETA,Latino/Hispanic,1
MUCOLIPIDOSIS II ALPHA/BETA,Middle Eastern,3
MUCOLIPIDOSIS II ALPHA/BETA,South Asian,1
MUENKE SYNDROME; MNKES,European,4
"MULTIPLE CONGENITAL ANOMALIES-NEURODEVELOPMENTAL SYNDROME, X-LINKED; MCAND",East Asian,4
"MULTIPLE PTERYGIUM SYNDROME, ESCOBAR VARIANT; EVMPS",African,2
"MYASTHENIC SYNDROME, CONGENITAL, 19; CMS19",European,2
"MYASTHENIC SYNDROME, CONGENITAL, 22; CMS22",European,4
MYHRE SYNDROME; MYHRS,African,1
MYHRE SYNDROME; MYHRS,East Asian,12
MYHRE SYNDROME; MYHRS,European,18
MYHRE SYNDROME; MYHRS,Latino/Hispanic,1
"MYOPATHY, CONGENITAL, BAILEY-BLOCH; MYPBB",Latino/Hispanic,3
"MYOPATHY, CONGENITAL, BAILEY-BLOCH; MYPBB",Middle Eastern,1
Mandibuloacral dysplasia with lipodystrophy,African,3
Meier-Gorlin syndrome,European,13
Meier-Gorlin syndrome,Middle Eastern,5
Meier-Gorlin syndrome,South Asian,2
Menke-Hennekam syndrome,East Asian,5
Menke-Hennekam syndrome,European,37
Methylmalonic aciduria and homocystinuria,East Asian,1
"Microcephaly, epilepsy, and diabetes syndrome",African,3
"Microcephaly, growth restriction and increased sister chromatid exchange",East Asian,1
"Microcephaly, growth restriction and increased sister chromatid exchange",European,4
"Microcephaly, growth restriction and increased sister chromatid exchange",South Asian,2
"Microcephaly, primary",Middle Eastern,2
"Microcephaly, primary",South Asian,5
"Microphthalmia, syndromic",East Asian,1
"Microphthalmia, syndromic",European,9
Mitochondrial DNA depletion syndrome,European,2
"Mitochondrial complex V (ATP synthase) deficiency, nuclear type",European,1
Mucopolysaccharidoses,African,5
Mucopolysaccharidoses,East Asian,3
Mucopolysaccharidoses,European,34
Mucopolysaccharidoses,Latino/Hispanic,9
Mucopolysaccharidoses,Middle Eastern,5
Mucopolysaccharidoses,SE Asian,4
Mucopolysaccharidoses,South Asian,3
Multiple congenital anomalies-hypotonia-seizures syndrome,African,3
Multiple congenital anomalies-hypotonia-seizures syndrome,East Asian,5
Multiple congenital anomalies-hypotonia-seizures syndrome,European,10
Multiple congenital anomalies-hypotonia-seizures syndrome,Latino/Hispanic,1
Multiple congenital anomalies-hypotonia-seizures syndrome,Middle Eastern,3
"Muscular dystrophy-dystroglycanopathy, type A",African,1
"Myopathy, centronuclear",European,4
"Myopathy, centronuclear",Middle Eastern,1
Myotonic dystrophy,European,2
"NABAIS SA-DE VRIES SYNDROME, TYPE 1; NSDVS1",European,2
"NABAIS SA-DE VRIES SYNDROME, TYPE 2; NSDVS2",European,4
NABLUS MASK-LIKE FACIAL SYNDROME; NMLFS,European,7
NANCE-HORAN SYNDROME; NHS,Latino/Hispanic,2
NANCE-HORAN SYNDROME; NHS,South Asian,1
NEURODEVELOPMENTAL DISORDER AND LANGUAGE DELAY WITH OR WITHOUT STRUCTURAL BRAIN ABNORMALITIES; NEDLBA,African,1
NEURODEVELOPMENTAL DISORDER AND LANGUAGE DELAY WITH OR WITHOUT STRUCTURAL BRAIN ABNORMALITIES; NEDLBA,European,3
NEURODEVELOPMENTAL DISORDER AND STRUCTURAL BRAIN ANOMALIES WITH OR WITHOUT SEIZURES AND SPASTICITY; NEDBASS,European,2
"NEURODEVELOPMENTAL DISORDER WITH ATAXIC GAIT, ABSENT SPEECH, AND DECREASED CORTICAL WHITE MATTER; NDAGSCW",European,2
NEURODEVELOPMENTAL DISORDER WITH CENTRAL AND PERIPHERAL MOTOR DYSFUNCTION; NEDCPMD,African,1
NEURODEVELOPMENTAL DISORDER WITH CENTRAL AND PERIPHERAL MOTOR DYSFUNCTION; NEDCPMD,European,1
NEURODEVELOPMENTAL DISORDER WITH DYSMORPHIC FACIES AND DISTAL LIMB ANOMALIES; NEDDFL,European,12
NEURODEVELOPMENTAL DISORDER WITH DYSMORPHIC FACIES AND DISTAL LIMB ANOMALIES; NEDDFL,Latino/Hispanic,1
NEURODEVELOPMENTAL DISORDER WITH DYSMORPHIC FACIES AND DISTAL SKELETAL ANOMALIES; NEDDFSA,European,11
NEURODEVELOPMENTAL DISORDER WITH DYSMORPHIC FACIES AND DISTAL SKELETAL ANOMALIES; NEDDFSA,Latino/Hispanic,1
"NEURODEVELOPMENTAL DISORDER WITH DYSMORPHIC FACIES, SLEEP DISTURBANCE, AND BRAIN ABNORMALITIES; NEDFASB",African,1
"NEURODEVELOPMENTAL DISORDER WITH DYSMORPHIC FACIES, SLEEP DISTURBANCE, AND BRAIN ABNORMALITIES; NEDFASB",European,3
"NEURODEVELOPMENTAL DISORDER WITH EPILEPSY, CATARACTS, FEEDING DIFFICULTIES, AND DELAYED BRAIN MYELINATION; NECFM",European,3
"NEURODEVELOPMENTAL DISORDER WITH EPILEPSY, CATARACTS, FEEDING DIFFICULTIES, AND DELAYED BRAIN MYELINATION; NECFM",Latino/Hispanic,2
"NEURODEVELOPMENTAL DISORDER WITH EPILEPSY, CATARACTS, FEEDING DIFFICULTIES, AND DELAYED BRAIN MYELINATION; NECFM",Middle Eastern,1
"NEURODEVELOPMENTAL DISORDER WITH EPILEPSY, SPASTICITY, AND BRAIN ATROPHY; NEDESBA",European,2
"NEURODEVELOPMENTAL DISORDER WITH EPILEPSY, SPASTICITY, AND BRAIN ATROPHY; NEDESBA",Middle Eastern,1
"NEURODEVELOPMENTAL DISORDER WITH HEARING LOSS, SEIZURES, AND BRAIN ABNORMALITIES; NEDHSB",East Asian,2
"NEURODEVELOPMENTAL DISORDER WITH HEARING LOSS, SEIZURES, AND BRAIN ABNORMALITIES; NEDHSB",European,4
"NEURODEVELOPMENTAL DISORDER WITH HEARING LOSS, SEIZURES, AND BRAIN ABNORMALITIES; NEDHSB",Middle Eastern,6
NEURODEVELOPMENTAL DISORDER WITH HYPOTONIA AND AUTISTIC FEATURES WITH OR WITHOUT HYPERKINETIC MOVEMENTS; NEDHAHM,European,2
"NEURODEVELOPMENTAL DISORDER WITH HYPOTONIA AND CEREBELLAR ATROPHY, WITH OR WITHOUT SEIZURES; NEDHCAS",African,1
"NEURODEVELOPMENTAL DISORDER WITH HYPOTONIA AND CEREBELLAR ATROPHY, WITH OR WITHOUT SEIZURES; NEDHCAS",European,2
NEURODEVELOPMENTAL DISORDER WITH HYPOTONIA AND DYSMORPHIC FACIES; NEDHYDF,European,2
NEURODEVELOPMENTAL DISORDER WITH HYPOTONIA AND VARIABLE INTELLECTUAL AND BEHAVIORAL ABNORMALITIES; NEDHIB,East Asian,1
NEURODEVELOPMENTAL DISORDER WITH HYPOTONIA AND VARIABLE INTELLECTUAL AND BEHAVIORAL ABNORMALITIES; NEDHIB,European,14
"NEURODEVELOPMENTAL DISORDER WITH HYPOTONIA, FACIAL DYSMORPHISM, AND BRAIN ABNORMALITIES; NEDHFBA",Middle Eastern,3
"NEURODEVELOPMENTAL DISORDER WITH HYPOTONIA, MICROCEPHALY, AND SEIZURES; NEDHYMS",European,3
"NEURODEVELOPMENTAL DISORDER WITH HYPOTONIA, NEONATAL RESPIRATORY INSUFFICIENCY, AND THERMODYSREGULATION; NEDHRIT",European,2
"NEURODEVELOPMENTAL DISORDER WITH HYPOTONIA, NEONATAL RESPIRATORY INSUFFICIENCY, AND THERMODYSREGULATION; NEDHRIT",Middle Eastern,1
"NEURODEVELOPMENTAL DISORDER WITH HYPOTONIA, STEREOTYPIC HAND MOVEMENTS, AND IMPAIRED LANGUAGE; NEDHSIL",European,2
"NEURODEVELOPMENTAL DISORDER WITH IMPAIRED INTELLECTUAL DEVELOPMENT, HYPOTONIA, AND ATAXIA; NEDIDHA",European,3
NEURODEVELOPMENTAL DISORDER WITH MICROCEPHALY AND STRUCTURAL BRAIN ANOMALIES; NEDMIBA,South Asian,2
"NEURODEVELOPMENTAL DISORDER WITH MICROCEPHALY, ARTHROGRYPOSIS, AND STRUCTURAL BRAIN ANOMALIES; NEDMABA",African,2
"NEURODEVELOPMENTAL DISORDER WITH MICROCEPHALY, ARTHROGRYPOSIS, AND STRUCTURAL BRAIN ANOMALIES; NEDMABA",European,2
"NEURODEVELOPMENTAL DISORDER WITH NEONATAL RESPIRATORY INSUFFICIENCY, HYPOTONIA, AND FEEDING DIFFICULTIES; NEDRIHF",European,26
NEURODEVELOPMENTAL DISORDER WITH NONSPECIFIC BRAIN ABNORMALITIES AND WITH OR WITHOUT SEIZURES; NEDBAS,European,3
"NEURODEVELOPMENTAL DISORDER WITH OR WITHOUT ANOMALIES OF THE BRAIN, EYE, OR HEART; NEDBEH",European,3
NEURODEVELOPMENTAL DISORDER WITH OR WITHOUT AUTISTIC FEATURES AND/OR STRUCTURAL BRAIN ABNORMALITIES; NEDASB,European,3
NEURODEVELOPMENTAL DISORDER WITH OR WITHOUT EARLY-ONSET GENERALIZED EPILEPSY; NEDEGE,European,2
"NEURODEVELOPMENTAL DISORDER WITH OR WITHOUT HYPOTONIA, SEIZURES, AND CEREBELLAR ATROPHY; NEDHSCA",European,1
"NEURODEVELOPMENTAL DISORDER WITH OR WITHOUT HYPOTONIA, SEIZURES, AND CEREBELLAR ATROPHY; NEDHSCA",Middle Eastern,1
NEURODEVELOPMENTAL DISORDER WITH SEIZURES AND SPEECH AND WALKING IMPAIRMENT; NEDSSWI,European,3
NEURODEVELOPMENTAL DISORDER WITH SEVERE MOTOR IMPAIRMENT AND ABSENT LANGUAGE; NEDMIAL,European,1
NEURODEVELOPMENTAL DISORDER WITH SEVERE MOTOR IMPAIRMENT AND ABSENT LANGUAGE; NEDMIAL,Latino/Hispanic,2
NEURODEVELOPMENTAL DISORDER WITH SPASTIC DIPLEGIA AND VISUAL DEFECTS; NEDSDV,European,16
NEURODEVELOPMENTAL DISORDER WITH SPASTIC DIPLEGIA AND VISUAL DEFECTS; NEDSDV,Middle Eastern,2
NEURODEVELOPMENTAL DISORDER WITH SPASTIC DIPLEGIA AND VISUAL DEFECTS; NEDSDV,SE Asian,1
NEURODEVELOPMENTAL DISORDER WITH STRUCTURAL BRAIN ANOMALIES AND DYSMORPHIC FACIES; NEDBAF,European,1
"NEURODEVELOPMENTAL, JAW, EYE, AND DIGITAL SYNDROME; NEDJED",European,3
"NEUROFIBROMATOSIS, TYPE I; NF1",African,9
"NEUROFIBROMATOSIS, TYPE I; NF1",European,2
NEUROOCULOCARDIOGENITOURINARY SYNDROME; NOCGUS,European,2
NICOLAIDES-BARAITSER SYNDROME; NCBRS,African,5
NICOLAIDES-BARAITSER SYNDROME; NCBRS,European,60
NICOLAIDES-BARAITSER SYNDROME; NCBRS,Latino/Hispanic,2
NICOLAIDES-BARAITSER SYNDROME; NCBRS,Middle Eastern,1
NICOLAIDES-BARAITSER SYNDROME; NCBRS,South Asian,1
NIJMEGEN BREAKAGE SYNDROME; NBS,African,1
NIJMEGEN BREAKAGE SYNDROME; NBS,European,16
NIJMEGEN BREAKAGE SYNDROME; NBS,Middle Eastern,2
NIJMEGEN BREAKAGE SYNDROME; NBS,South Asian,1
NIZON-ISIDOR SYNDROME; NIZIDS,European,3
Neu-Laxova syndrome,Middle Eastern,1
Noonan syndrome,African,22
Noonan syndrome,East Asian,10
Noonan syndrome,European,68
Noonan syndrome,Latino/Hispanic,14
Noonan syndrome,Middle Eastern,4
Noonan syndrome,SE Asian,2
Noonan syndrome,South Asian,17
Noonan syndrome-like disorder with loose anagen hair,African,2
Noonan syndrome-like disorder with loose anagen hair,East Asian,2
Noonan syndrome-like disorder with loose anagen hair,European,4
Noonan syndrome-like disorder with loose anagen hair,Latino/Hispanic,1
O'DONNELL-LURIA-RODAN SYNDROME; ODLURO,European,10
OCULODENTODIGITAL DYSPLASIA; ODDD,East Asian,3
OCULODENTODIGITAL DYSPLASIA; ODDD,European,15
OCULODENTODIGITAL DYSPLASIA; ODDD,Latino/Hispanic,2
OCULODENTODIGITAL DYSPLASIA; ODDD,South Asian,2
OCULOSKELETODENTAL SYNDROME; OCSKD,African,1
OCULOSKELETODENTAL SYNDROME; OCSKD,Middle Eastern,2
OGDEN SYNDROME; OGDNS,European,183
OGDEN SYNDROME; OGDNS,Latino/Hispanic,2
OGDEN SYNDROME; OGDNS,South Asian,9
"OHDO SYNDROME, SBBYS VARIANT; SBBYSS",East Asian,3
"OHDO SYNDROME, SBBYS VARIANT; SBBYSS",European,43
"OHDO SYNDROME, X-LINKED; OHDOX",European,4
OKUR-CHUNG NEURODEVELOPMENTAL SYNDROME; OCNDS,African,3
OKUR-CHUNG NEURODEVELOPMENTAL SYNDROME; OCNDS,East Asian,2
OKUR-CHUNG NEURODEVELOPMENTAL SYNDROME; OCNDS,European,17
OPITZ-KAVEGGIA SYNDROME; OKS,European,1
"OTITIS MEDIA, SUSCEPTIBILITY TO; OMS",European,7
"OTOPALATODIGITAL SYNDROME, TYPE I; OPD1",East Asian,5
"OTOPALATODIGITAL SYNDROME, TYPE II; OPD2",Latino/Hispanic,1
Oculocutaneous albinism,African,1
Oculocutaneous albinism,European,2
Oculocutaneous albinism,SE Asian,5
Oculocutaneous albinism,South Asian,13
Omodysplasia,East Asian,1
Opitz GBBB syndrome,African,2
Opitz GBBB syndrome,European,9
Orofaciodigital syndrome,African,5
Orofaciodigital syndrome,East Asian,1
Orofaciodigital syndrome,European,10
Orofaciodigital syndrome,Middle Eastern,5
Orofaciodigital syndrome,South Asian,6
Osteogenesis imperfecta,African,21
Osteogenesis imperfecta,European,8
Osteogenesis imperfecta,Middle Eastern,1
"Osteopetrosis, autosomal recessive",African,1
Otofaciocervical syndrome,South Asian,2
"PACHYGYRIA, MICROCEPHALY, DEVELOPMENTAL DELAY, AND DYSMORPHIC FACIES, WITH OR WITHOUT SEIZURES; PAMDDFS",European,1
"PACHYGYRIA, MICROCEPHALY, DEVELOPMENTAL DELAY, AND DYSMORPHIC FACIES, WITH OR WITHOUT SEIZURES; PAMDDFS",Middle Eastern,2
PAGANINI-MIOZZO SYNDROME; MRXSPM,European,1
PETERS-PLUS SYNDROME; PTRPLS,European,3
PETERS-PLUS SYNDROME; PTRPLS,Latino/Hispanic,2
PETTIGREW SYNDROME; PGS,European,3
PFEIFFER SYNDROME,African,1
PFEIFFER SYNDROME,East Asian,6
PFEIFFER SYNDROME,European,4
PFEIFFER SYNDROME,SE Asian,2
PGM2L1,Middle Eastern,1
PHELAN-MCDERMID SYNDROME; PHMDS,East Asian,2
PHELAN-MCDERMID SYNDROME; PHMDS,European,6
PIERPONT SYNDROME; PRPTS,European,11
"PINEAL HYPERPLASIA, INSULIN-RESISTANT DIABETES MELLITUS, AND SOMATIC ABNORMALITIES",African,1
"PINEAL HYPERPLASIA, INSULIN-RESISTANT DIABETES MELLITUS, AND SOMATIC ABNORMALITIES",European,1
PITT-HOPKINS SYNDROME; PTHS,African,1
PITT-HOPKINS SYNDROME; PTHS,East Asian,1
PITT-HOPKINS SYNDROME; PTHS,European,37
PITT-HOPKINS-LIKE SYNDROME 1; PTHSL1,European,2
PLXND1,European,4
POIKILODERMA WITH NEUTROPENIA; PN,African,1
POIKILODERMA WITH NEUTROPENIA; PN,European,4
POIKILODERMA WITH NEUTROPENIA; PN,Latino/Hispanic,1
POIKILODERMA WITH NEUTROPENIA; PN,Middle Eastern,6
POIKILODERMA WITH NEUTROPENIA; PN,South Asian,2
"POIKILODERMA, HEREDITARY FIBROSING, WITH TENDON CONTRACTURES, MYOPATHY, AND PULMONARY FIBROSIS; POIKTMP",African,1
"POIKILODERMA, HEREDITARY FIBROSING, WITH TENDON CONTRACTURES, MYOPATHY, AND PULMONARY FIBROSIS; POIKTMP",East Asian,2
"POIKILODERMA, HEREDITARY FIBROSING, WITH TENDON CONTRACTURES, MYOPATHY, AND PULMONARY FIBROSIS; POIKTMP",European,4
POIRIER-BIENVENU NEURODEVELOPMENTAL SYNDROME; POBINDS,European,6
PPFIA3,African,1
PRADER-WILLI SYNDROME; PWS,European,46
"PREMATURE AGING SYNDROME, PENTTINEN TYPE; PENTT",East Asian,1
"PREMATURE AGING SYNDROME, PENTTINEN TYPE; PENTT",European,1
PRIMROSE SYNDROME; PRIMS,African,1
PRIMROSE SYNDROME; PRIMS,European,34
PRIMROSE SYNDROME; PRIMS,Latino/Hispanic,2
PRIMROSE SYNDROME; PRIMS,Middle Eastern,1
PRIMROSE SYNDROME; PRIMS,South Asian,1
PROLIDASE DEFICIENCY,Middle Eastern,6
PROTEUS SYNDROME,European,3
PSMC5,European,4
Pontocerebellar hypoplasia,European,7
Pontocerebellar hypoplasia,Middle Eastern,7
RADIO-TARTAGLIA SYNDROME; RATARS,European,2
RADIO-TARTAGLIA SYNDROME; RATARS,Middle Eastern,1
RAFIQ SYNDROME; RAFQS,European,7
RAHMAN SYNDROME; RMNS,African,1
RAHMAN SYNDROME; RMNS,East Asian,2
RAHMAN SYNDROME; RMNS,European,23
RAHMAN SYNDROME; RMNS,Middle Eastern,2
RAUCH-STEINDL SYNDROME; RAUST,European,8
RENPENNING SYNDROME 1; RENS1,European,27
RENPENNING SYNDROME 1; RENS1,South Asian,1
RETT SYNDROME; RTT,East Asian,2
RETT SYNDROME; RTT,European,13
REV3L,European,6
RIDDLE SYNDROME; RIDL,European,4
ROBIN SEQUENCE WITH CLEFT MANDIBLE AND LIMB ANOMALIES,European,1
ROBIN SEQUENCE WITH CLEFT MANDIBLE AND LIMB ANOMALIES,Latino/Hispanic,7
ROBINOW-SORAUF SYNDROME,European,1
ROBINOW-SORAUF SYNDROME,South Asian,1
Robinow syndrome,African,1
Robinow syndrome,East Asian,1
Robinow syndrome,European,26
Robinow syndrome,Middle Eastern,6
Rothmund-Thomson syndrome,East Asian,1
Rothmund-Thomson syndrome,European,12
Rothmund-Thomson syndrome,South Asian,3
Rubinstein-Taybi syndrome,African,13
Rubinstein-Taybi syndrome,East Asian,15
Rubinstein-Taybi syndrome,European,55
Rubinstein-Taybi syndrome,Latino/Hispanic,10
Rubinstein-Taybi syndrome,SE Asian,3
Rubinstein-Taybi syndrome,South Asian,5
SAETHRE-CHOTZEN SYNDROME; SCS,European,15
SAETHRE-CHOTZEN SYNDROME; SCS,Latino/Hispanic,5
SAETHRE-CHOTZEN SYNDROME; SCS,South Asian,15
SALT AND PEPPER DEVELOPMENTAL REGRESSION SYNDROME; SPDRS,African,2
SANDESTIG-STEFANOVA SYNDROME; SANDSTEF,European,2
SANDESTIG-STEFANOVA SYNDROME; SANDSTEF,Middle Eastern,1
SANDESTIG-STEFANOVA SYNDROME; SANDSTEF,South Asian,1
SAUL-WILSON SYNDROME; SWILS,European,10
SCAF4,European,4
SCAF4,Middle Eastern,1
SCHAAF-YANG SYNDROME; SHFYNG,African,1
SCHAAF-YANG SYNDROME; SHFYNG,European,91
SCHAAF-YANG SYNDROME; SHFYNG,Latino/Hispanic,1
SCHINZEL-GIEDION MIDFACE RETRACTION SYNDROME,European,7
SCHUURS-HOEIJMAKERS SYNDROME; SHMS,East Asian,1
SCHUURS-HOEIJMAKERS SYNDROME; SHMS,European,12
SCHUURS-HOEIJMAKERS SYNDROME; SHMS,South Asian,1
"SCHWARTZ-JAMPEL SYNDROME, TYPE 1; SJS1",African,1
"SEIZURES, SCOLIOSIS, AND MACROCEPHALY/MICROCEPHALY SYNDROME; SSMS",European,1
SHASHI-PENA SYNDROME; SHAPNS,African,2
SHASHI-PENA SYNDROME; SHAPNS,European,12
SHORT STATURE WITH MICROCEPHALY AND DISTINCTIVE FACIES; SSMCF,SE Asian,1
"SHORT STATURE, BRACHYDACTYLY, IMPAIRED INTELLECTUAL DEVELOPMENT, AND SEIZURES; SBIDDS",African,3
"SHORT STATURE, BRACHYDACTYLY, IMPAIRED INTELLECTUAL DEVELOPMENT, AND SEIZURES; SBIDDS",Middle Eastern,3
"SHORT STATURE, IMPAIRED INTELLECTUAL DEVELOPMENT, MICROCEPHALY, HYPOTONIA, AND OCULAR ANOMALIES; SIMHA",Middle Eastern,3
"SHORT STATURE, MICROCEPHALY, AND ENDOCRINE DYSFUNCTION; SSMED",European,1
"SHORT STATURE, OLIGODONTIA, DYSMORPHIC FACIES, AND MOTOR DELAY; SOFM",European,3
"SHORT STATURE, ONYCHODYSPLASIA, FACIAL DYSMORPHISM, AND HYPOTRICHOSIS; SOFT",European,9
"SHORT STATURE, ONYCHODYSPLASIA, FACIAL DYSMORPHISM, AND HYPOTRICHOSIS; SOFT",Latino/Hispanic,1
"SHORT STATURE, ONYCHODYSPLASIA, FACIAL DYSMORPHISM, AND HYPOTRICHOSIS; SOFT",Middle Eastern,2
"SHORT STATURE, RHIZOMELIC, WITH MICROCEPHALY, MICROGNATHIA, AND DEVELOPMENTAL DELAY; SRMMD",East Asian,1
"SHORT STATURE, RHIZOMELIC, WITH MICROCEPHALY, MICROGNATHIA, AND DEVELOPMENTAL DELAY; SRMMD",European,2
"SHORT STATURE, RHIZOMELIC, WITH MICROCEPHALY, MICROGNATHIA, AND DEVELOPMENTAL DELAY; SRMMD",SE Asian,1
SHORT SYNDROME,East Asian,2
SHORT SYNDROME,European,7
SHPRINTZEN-GOLDBERG CRANIOSYNOSTOSIS SYNDROME; SGS,European,3
SHUKLA-VERNON SYNDROME; SHUVER,South Asian,2
SIFRIM-HITZ-WEISS SYNDROME; SIHIWES,European,6
"SIMPSON-GOLABI-BEHMEL SYNDROME, TYPE 1; SGBS1",African,1
"SIMPSON-GOLABI-BEHMEL SYNDROME, TYPE 1; SGBS1",East Asian,1
"SIMPSON-GOLABI-BEHMEL SYNDROME, TYPE 1; SGBS1",European,11
"SIMPSON-GOLABI-BEHMEL SYNDROME, TYPE 1; SGBS1",Middle Eastern,5
SIX2,European,5
"SKELETAL DYSPLASIA, MILD, WITH JOINT LAXITY AND ADVANCED BONE AGE; SDJLABA",European,3
SKRABAN-DEARDORFF SYNDROME; SKDEAS,European,16
SMITH-KINGSMORE SYNDROME; SKS,African,2
SMITH-KINGSMORE SYNDROME; SKS,European,8
SMITH-LEMLI-OPITZ SYNDROME; SLOS,African,2
SMITH-LEMLI-OPITZ SYNDROME; SLOS,East Asian,1
SMITH-LEMLI-OPITZ SYNDROME; SLOS,European,33
SMITH-LEMLI-OPITZ SYNDROME; SLOS,Latino/Hispanic,1
SMITH-LEMLI-OPITZ SYNDROME; SLOS,Middle Eastern,4
SMITH-MAGENIS SYNDROME; SMS,East Asian,1
SMITH-MAGENIS SYNDROME; SMS,European,76
SMITH-MAGENIS SYNDROME; SMS,Latino/Hispanic,7
SMITH-MAGENIS SYNDROME; SMS,Middle Eastern,1
SMITH-MAGENIS SYNDROME; SMS,South Asian,8
SNIJDERS BLOK-CAMPEAU SYNDROME; SNIBCPS,European,12
SOTOS SYNDROME; SOTOS,African,11
SOTOS SYNDROME; SOTOS,East Asian,4
SOTOS SYNDROME; SOTOS,European,64
SOTOS SYNDROME; SOTOS,Latino/Hispanic,2
SOTOS SYNDROME; SOTOS,Middle Eastern,2
SOTOS SYNDROME; SOTOS,SE Asian,4
SOTOS SYNDROME; SOTOS,South Asian,10
"SPASTIC PARAPLEGIA 47, AUTOSOMAL RECESSIVE; SPG47",South Asian,1
"SPASTIC PARAPLEGIA 50, AUTOSOMAL RECESSIVE; SPG50",European,1
"SPASTIC PARAPLEGIA 50, AUTOSOMAL RECESSIVE; SPG50",Middle Eastern,4
SPINOCEREBELLAR ATAXIA 26; SCA26,European,2
"SPINOCEREBELLAR ATAXIA 42, EARLY-ONSET, SEVERE, WITH NEURODEVELOPMENTAL DEFICITS; SCA42ND",European,5
"SPONDYLOEPIMETAPHYSEAL DYSPLASIA, ISIDOR-TOUTAIN TYPE; SEMDIST",African,1
"SPONDYLOEPIMETAPHYSEAL DYSPLASIA, ISIDOR-TOUTAIN TYPE; SEMDIST",European,3
SPONDYLOEPIPHYSEAL DYSPLASIA CONGENITA; SEDC,African,5
STANKIEWICZ-ISIDOR SYNDROME; STISS,European,7
STANKIEWICZ-ISIDOR SYNDROME; STISS,Latino/Hispanic,1
STEEL SYNDROME; STLS,European,2
STEEL SYNDROME; STLS,Middle Eastern,1
STEEL SYNDROME; STLS,South Asian,1
STRUCTURAL BRAIN ANOMALIES WITH IMPAIRED INTELLECTUAL DEVELOPMENT AND CRANIOSYNOSTOSIS; BAIDCS,European,4
STRUCTURAL BRAIN ANOMALIES WITH IMPAIRED INTELLECTUAL DEVELOPMENT AND CRANIOSYNOSTOSIS; BAIDCS,Latino/Hispanic,1
SULEIMAN-EL-HATTAB SYNDROME; SULEHS,African,1
SULEIMAN-EL-HATTAB SYNDROME; SULEHS,Middle Eastern,3
SWEENEY-COX SYNDROME; SWCOS,European,3
Seckel syndrome,African,1
Seckel syndrome,European,4
Seckel syndrome,Middle Eastern,12
Seckel syndrome,SE Asian,1
Seckel syndrome,South Asian,1
"Short stature, facial dysmorphism, and skeletal anomalies with or without cardiac anomalies",European,6
"Short stature, facial dysmorphism, and skeletal anomalies with or without cardiac anomalies",South Asian,1
Silver-Russell syndrome,European,5
Silver-Russell syndrome,South Asian,1
"Skin creases, congenital symmetric circumferential",East Asian,2
"Skin creases, congenital symmetric circumferential",European,4
Spastic paraplegia,European,1
Spastic paraplegia,Middle Eastern,1
"Spinocerebellar ataxia, autosomal recessive",African,1
"Spinocerebellar ataxia, autosomal recessive",European,1
"Spinocerebellar ataxia, autosomal recessive",Middle Eastern,1
Spondylometaphyseal dysplasia,African,2
Stickler syndrome,African,11
Stickler syndrome,East Asian,1
Stickler syndrome,European,6
Stickler syndrome,Middle Eastern,5
TAF4,European,6
TAKENOUCHI-KOSAKI SYNDROME; TKS,African,4
TAKENOUCHI-KOSAKI SYNDROME; TKS,East Asian,3
TAKENOUCHI-KOSAKI SYNDROME; TKS,European,13
TATTON-BROWN-RAHMAN SYNDROME; TBRS,East Asian,4
TATTON-BROWN-RAHMAN SYNDROME; TBRS,European,34
TATTON-BROWN-RAHMAN SYNDROME; TBRS,SE Asian,1
TCEAL1,African,1
TCEAL1,European,5
TOLCHIN-LE CAIGNEC SYNDROME; TOLCAS,European,6
TONNE-KALSCHEUER SYNDROME; TOKAS,European,6
TRICHOHEPATONEURODEVELOPMENTAL SYNDROME; THNS,European,2
TRICHOHEPATONEURODEVELOPMENTAL SYNDROME; THNS,Middle Eastern,1
TURNPENNY-FRY SYNDROME; TPFS,European,11
Teebi hypertelorism syndrome,European,15
Three M syndrome,East Asian,2
Three M syndrome,European,3
Three M syndrome,Middle Eastern,1
Treacher Collins syndrome,African,3
Treacher Collins syndrome,East Asian,4
Treacher Collins syndrome,European,35
Treacher Collins syndrome,Middle Eastern,2
Trichohepatoenteric syndrome,African,1
Trichohepatoenteric syndrome,East Asian,5
Trichohepatoenteric syndrome,Middle Eastern,3
Trichorhinophalangeal syndrome,East Asian,7
Trichorhinophalangeal syndrome,European,17
Trichorhinophalangeal syndrome,Middle Eastern,9
Trichorhinophalangeal syndrome,SE Asian,5
Trichorhinophalangeal syndrome,South Asian,1
Trichothiodystrophy,European,1
Trichothiodystrophy,Middle Eastern,1
Tuberous sclerosis,African,2
Tuberous sclerosis,European,3
Urofacial syndrome,Middle Eastern,4
Usher syndrome,European,1
VAN DEN ENDE-GUPTA SYNDROME; VDEGS,African,1
VAN DEN ENDE-GUPTA SYNDROME; VDEGS,European,2
VAN DER WOUDE SYNDROME 1; VWS1,East Asian,2
VAN DER WOUDE SYNDROME 1; VWS1,European,2
VELOCARDIOFACIAL SYNDROME; VCFS,East Asian,2
VERHEIJ SYNDROME; VRJS,East Asian,1
VERHEIJ SYNDROME; VRJS,European,21
VICI SYNDROME; VICIS,European,4
VICI SYNDROME; VICIS,Middle Eastern,2
Van Maldergem syndrome,African,6
WARSAW BREAKAGE SYNDROME; WABS,European,2
WEAVER SYNDROME; WVS,European,40
WEAVER SYNDROME; WVS,Latino/Hispanic,5
WEAVER SYNDROME; WVS,Middle Eastern,2
WEISS-KRUSZKA SYNDROME; WSKA,European,10
WHITE-SUTTON SYNDROME; WHSUS,African,2
WHITE-SUTTON SYNDROME; WHSUS,East Asian,3
WHITE-SUTTON SYNDROME; WHSUS,European,15
WHITE-SUTTON SYNDROME; WHSUS,Middle Eastern,3
WIEDEMANN-STEINER SYNDROME; WDSTS,African,4
WIEDEMANN-STEINER SYNDROME; WDSTS,East Asian,9
WIEDEMANN-STEINER SYNDROME; WDSTS,European,71
WIEDEMANN-STEINER SYNDROME; WDSTS,Latino/Hispanic,3
WIEDEMANN-STEINER SYNDROME; WDSTS,Middle Eastern,7
WIEDEMANN-STEINER SYNDROME; WDSTS,South Asian,1
WILLIAMS-BEUREN SYNDROME; WBS,African,34
WILLIAMS-BEUREN SYNDROME; WBS,East Asian,11
WILLIAMS-BEUREN SYNDROME; WBS,European,77
WILLIAMS-BEUREN SYNDROME; WBS,Latino/Hispanic,40
WILLIAMS-BEUREN SYNDROME; WBS,Middle Eastern,11
WILLIAMS-BEUREN SYNDROME; WBS,SE Asian,8
WILLIAMS-BEUREN SYNDROME; WBS,South Asian,49
WITTEVEEN-KOLK SYNDROME; WITKOS,European,31
WITTEVEEN-KOLK SYNDROME; WITKOS,Middle Eastern,1
WOLF-HIRSCHHORN SYNDROME; WHS,European,2
WOLF-HIRSCHHORN SYNDROME; WHS,South Asian,8
WRINKLY SKIN SYNDROME; WSS,Middle Eastern,2
Waardenburg syndrome,African,3
Waardenburg syndrome,European,7
Waardenburg syndrome,Latino/Hispanic,1
Waardenburg syndrome,Middle Eastern,3
Waardenburg syndrome,SE Asian,1
Waardenburg syndrome,South Asian,5
XIA-GIBBS SYNDROME; XIGIS,European,6
XIA-GIBBS SYNDROME; XIGIS,Latino/Hispanic,1
XIA-GIBBS SYNDROME; XIGIS,South Asian,1
YOU-HOOVER-FONG SYNDROME; YHFS,European,6
YWHAZ,European,5
ZSCAN10,European,1
ZTTK SYNDROME; ZTTKS,East Asian,5
ZTTK SYNDROME; ZTTKS,European,26
Zimmermann-Laband syndrome,European,10
