syndrome_name,comparisons_tested,significant_interactions,global_significant_interactions,high_priority_interactions,high_confidence_interactions,direction_reversals,max_abs_delta_g,median_abs_delta_g
Rubinstein-Taybi syndrome,750,76,67,62,57,267,1.5989211809159958,0.3421394204261826
Cornelia de Lange syndrome,750,82,63,44,41,190,1.8267071793532863,0.28476564535615223
WILLIAMS-BEUREN SYNDROME; WBS,750,125,97,39,39,156,1.5657280241327876,0.23752616603002516
COFFIN-LOWRY SYNDROME; CLS,375,91,68,36,29,144,2.659523741774745,0.5984854585757093
Noonan syndrome,750,34,34,27,27,82,1.6569324943592163,0.23936013592135713
SOTOS SYNDROME; SOTOS,750,35,37,21,21,161,1.9409393488129552,0.3758941369965357
SMITH-MAGENIS SYNDROME; SMS,375,26,26,21,21,146,1.9010688044172337,0.35466874529593384
FLOATING-HARBOR SYNDROME; FLHS,375,53,39,21,19,100,1.9607873471831159,0.44277157477335766
CROUZON SYNDROME,375,27,23,19,18,82,2.2452226479191553,0.3571590072944554
SAETHRE-CHOTZEN SYNDROME; SCS,375,19,19,15,15,120,3.093263674348764,0.35958350592301064
CHARGE SYNDROME,750,48,46,11,11,349,2.920919074104531,0.491333570222945
OGDEN SYNDROME; OGDNS,375,19,19,11,11,190,1.9645647595712636,0.322170369500507
Hyperphosphatasia with mental retardation syndrome,375,10,12,8,10,82,1.4371330274239278,0.2546101998902517
MYHRE SYNDROME; MYHRS,125,15,10,12,9,59,1.5518042894055548,0.4425910982544724
Coffin-Siris syndrome,750,44,42,9,9,234,4.079558739371243,0.47078191472515496
Mucopolysaccharidoses,750,29,32,9,9,245,1.855433117690477,0.3942845982609181
ANGELMAN SYNDROME; AS,750,12,16,8,9,289,1.8246675331844249,0.30621712173940735
"MANNOSIDOSIS, ALPHA B, LYSOSOMAL; MANSA",375,5,14,3,8,106,1.8817080374228439,0.3563431796145038
Trichorhinophalangeal syndrome,125,10,9,8,7,48,1.48158921838473,0.38866210561954706
Hutchinson-Gilford progeria,750,53,49,7,7,332,2.2934247743063243,0.4198029242134184
Orofaciodigital syndrome,375,5,7,4,6,142,2.4699435700492227,0.5306681271614608
Ehlers-Danlos syndrome,375,3,6,3,4,74,1.675360635718525,0.29678006112632505
WIEDEMANN-STEINER SYNDROME; WDSTS,750,7,14,2,4,188,1.6223966745731884,0.2744612994559466
Treacher Collins syndrome,375,56,42,4,3,118,3.512891835780345,0.4816977116499574
CRANIOFRONTONASAL SYNDROME; CFNS,375,7,10,2,2,94,1.9701649891341209,0.40370713796047863
"BLEPHAROPHIMOSIS, PTOSIS, AND EPICANTHUS INVERSUS; BPES",750,32,35,1,1,233,3.539987746352118,0.4504677144704869
DEVELOPMENTAL AND EPILEPTIC ENCEPHALOPATHY 23; DEE23,125,28,27,0,0,26,11.77142742023266,0.6504682252779528
CANTU SYNDROME,375,6,6,0,0,164,9.075815939106613,0.6181540981519282
SANDESTIG-STEFANOVA SYNDROME; SANDSTEF,375,38,36,0,0,128,6.834738909208198,0.9439727288043782
HYPOPARATHYROIDISM-RETARDATION-DYSMORPHISM SYNDROME; HRDS,125,5,5,0,0,33,5.313417320708382,0.6748156883751825
Blepharocheilodontic syndrome,375,10,13,0,0,110,4.54852557465357,0.47439337685138894
BIRK-BAREL SYNDROME; BIBARS,125,5,5,0,0,56,4.526786187310647,0.7536663134914363
Multiple congenital anomalies-hypotonia-seizures syndrome,750,9,11,0,0,306,4.375790984349198,0.6364274069613275
"INTELLECTUAL DEVELOPMENTAL DISORDER, X-LINKED 99, SYNDROMIC, FEMALE-RESTRICTED; MRXS99F",375,60,47,0,0,166,4.347514567830638,0.6306812121279162
BECK-FAHRNER SYNDROME; BEFAHRS,375,27,25,0,0,148,4.318050935308314,0.809215300315774
"SHORT STATURE, RHIZOMELIC, WITH MICROCEPHALY, MICROGNATHIA, AND DEVELOPMENTAL DELAY; SRMMD",125,1,2,0,0,37,4.246129320073917,0.5769421375537122
Long QT syndrome,125,17,12,0,0,73,4.126762108061732,0.7761241027546374
CHROMOSOME 2q37 DELETION SYNDROME,125,5,5,0,0,55,4.008019240423826,0.743088266226481
Bardet-Biedl syndrome,750,97,81,0,0,315,3.9819209743615476,0.46259503305576566
HAO-FOUNTAIN SYNDROME; HAFOUS,125,63,38,0,0,81,3.9121999665524623,0.9370481385783334
LI-CAMPEAU SYNDROME; LICAS,125,2,3,0,0,42,3.639387512962008,0.4134035258857165
MACS SYNDROME,125,10,9,0,0,74,3.586136279092222,1.2622472699301546
MOWAT-WILSON SYNDROME; MOWS,375,119,79,0,0,184,3.5745560382625747,0.6004806938846261
"INTELLECTUAL DEVELOPMENTAL DISORDER, AUTOSOMAL DOMINANT 5; MRD5",375,20,20,0,0,150,3.570575688566918,0.40656037627102565
"OHDO SYNDROME, SBBYS VARIANT; SBBYSS",125,16,13,0,0,48,3.5342609329785235,0.47474226374464484
INTELLECTUAL DEVELOPMENTAL DISORDER WITH DYSMORPHIC FACIES AND PTOSIS; IDDDFP,375,45,35,0,0,162,3.5217065523587125,0.755761278456445
"Microphthalmia, syndromic",125,6,6,0,0,42,3.461513275751046,0.6708813443246346
"INTELLECTUAL DEVELOPMENTAL DISORDER, X-LINKED, SYNDROMIC, SNYDER-ROBINSON TYPE; MRXSSR",125,1,2,0,0,62,3.436231873853436,0.7798463535691786
"Skin creases, congenital symmetric circumferential",125,0,1,0,0,37,3.4062026642581396,0.6721867546708014
Waardenburg syndrome,375,19,19,0,0,134,3.374086977294391,0.5229580991948365
DEVELOPMENTAL AND EPILEPTIC ENCEPHALOPATHY 80; DEE80,125,7,7,0,0,40,3.3711371449113567,0.6121287845631751
OKUR-CHUNG NEURODEVELOPMENTAL SYNDROME; OCNDS,375,44,37,0,0,162,3.3461372746342075,0.5398434477553625
"DEVELOPMENTAL DELAY WITH SHORT STATURE, DYSMORPHIC FACIAL FEATURES, AND SPARSE HAIR; DEDSSH",125,8,7,0,0,67,3.343863806212329,1.0849037403769564
NEURODEVELOPMENTAL DISORDER AND LANGUAGE DELAY WITH OR WITHOUT STRUCTURAL BRAIN ABNORMALITIES; NEDLBA,125,36,25,0,0,61,3.337476899162963,0.8116887937205589
INTELLECTUAL DEVELOPMENTAL DISORDER WITH PERSISTENCE OF FETAL HEMOGLOBIN,125,26,20,0,0,53,3.3373985065147345,0.7272439565405093
"INTELLECTUAL DEVELOPMENTAL DISORDER WITH MACROCEPHALY, SEIZURES, AND SPEECH DELAY; IDDMSSD",125,0,0,0,0,52,3.3291959367582376,0.5438546410685587
"NEURODEVELOPMENTAL DISORDER WITH MICROCEPHALY, ARTHROGRYPOSIS, AND STRUCTURAL BRAIN ANOMALIES; NEDMABA",125,20,18,0,0,70,3.312659118326219,0.7649983744516432
BECKWITH-WIEDEMANN SYNDROME; BWS,375,12,13,0,0,120,3.304300836334269,0.4701528329923692
Tuberous sclerosis,125,6,6,0,0,36,3.295961721072154,0.46424861200787854
CAREY-FINEMAN-ZITER SYNDROME; CFZS,125,9,9,0,0,59,3.2919761705499506,0.7507604721625689
Galloway-Mowat syndrome,125,9,9,0,0,54,3.2604669068176433,0.987081109224045
VAN DER WOUDE SYNDROME 1; VWS1,125,23,18,0,0,57,3.257466402859791,0.9263662797006218
DESANTO-SHINAWI SYNDROME; DESSH,375,36,27,0,0,158,3.224942131841691,0.5218091283512526
"INTELLECTUAL DEVELOPMENTAL DISORDER, AUTOSOMAL DOMINANT 50, WITH BEHAVIORAL ABNORMALITIES; MRD50",375,23,23,0,0,156,3.2170010383608574,0.5863581582395926
ARBOLEDA-THAM SYNDROME; ARTHS,125,49,27,0,0,37,3.2100689284063835,0.701451264520401
"Hypotonia, infantile, with psychomotor retardation and characteristic facies",750,42,42,0,0,317,3.175063417918955,0.6058494805941383
Stickler syndrome,375,13,16,0,0,132,3.13813555053557,0.44080572353982334
NICOLAIDES-BARAITSER SYNDROME; NCBRS,750,5,7,0,0,258,3.1075182935842873,0.4031234869548401
"DEAFNESS, CATARACT, IMPAIRED INTELLECTUAL DEVELOPMENT, AND POLYNEUROPATHY; DCIDP",125,2,4,0,0,42,3.085346725393797,0.43977192810238275
Pontocerebellar hypoplasia,125,12,11,0,0,44,3.0763408364548237,0.552447137214507
"Leukodystrophy, hypomyelinating",125,1,1,0,0,35,3.049230923424685,0.3557783427686882
RETT SYNDROME; RTT,125,46,30,0,0,77,3.0195397268474276,0.8486788396681845
LARSEN SYNDROME; LRS,375,41,28,0,0,144,2.9980214359372113,0.5680397801537955
PETERS-PLUS SYNDROME; PTRPLS,125,11,8,0,0,53,2.9710273194606933,0.6394716747302939
BEAULIEU-BOYCOTT-INNES SYNDROME; BBIS,125,12,12,0,0,61,2.9696694088069577,0.62756654412124
NEURODEVELOPMENTAL DISORDER WITH HYPOTONIA AND DYSMORPHIC FACIES; NEDHYDF,125,8,8,0,0,54,2.9646940673269113,0.6913268914282262
ACHONDROPLASIA; ACH,125,15,13,0,0,53,2.9241604760029216,0.7069612483994971
3MC syndrome,125,31,28,0,0,62,2.9219920843046836,0.8467558744131567
INTELLECTUAL DEVELOPMENTAL DISORDER WITH HYPOTONIA AND BEHAVIORAL ABNORMALITIES; IDDHBA,125,15,10,0,0,53,2.9169303693007804,0.6843098302678009
SMITH-LEMLI-OPITZ SYNDROME; SLOS,750,68,55,0,0,264,2.9088148630270902,0.47420465818397256
Osteogenesis imperfecta,125,52,37,0,0,49,2.8881461451058943,0.5494408624458984
"MENTAL RETARDATION, AUTOSOMAL DOMINANT 48; MRD48",125,3,3,0,0,48,2.8862401529882593,0.6133286139904314
HELSMOORTEL-VAN DER AA SYNDROME; HVDAS,375,21,21,0,0,104,2.8752543248806486,0.4291321543854928
WHITE-SUTTON SYNDROME; WHSUS,375,11,11,0,0,114,2.8628004136272938,0.36927129294954925
"INTELLECTUAL DEVELOPMENTAL DISORDER, X-LINKED, SYNDROMIC, LUBS TYPE; MRXSL",125,56,47,0,0,66,2.847412865932279,0.8696670339009517
TAKENOUCHI-KOSAKI SYNDROME; TKS,375,18,18,0,0,164,2.813865385809615,0.6022865663936785
"NEURODEVELOPMENTAL DISORDER WITH EPILEPSY, CATARACTS, FEEDING DIFFICULTIES, AND DELAYED BRAIN MYELINATION; NECFM",125,5,6,0,0,78,2.813745376547349,0.7293200889025744
Hennekam lymphangiectasia-lymphedema syndrome,125,1,3,0,0,39,2.7967535181164687,0.4529950850188008
"INTELLECTUAL DEVELOPMENTAL DISORDER, AUTOSOMAL DOMINANT 7; MRD7",375,18,18,0,0,148,2.788174531784222,0.417668681639605
"NEUROFIBROMATOSIS, TYPE I; NF1",125,6,6,0,0,30,2.741507748958321,0.5178156350070942
GERODERMA OSTEODYSPLASTICUM; GO,125,20,16,0,0,40,2.705561451899035,0.4288777736029844
Three M syndrome,375,4,7,0,0,98,2.6628799783812536,0.4497812614707316
NEURODEVELOPMENTAL DISORDER AND STRUCTURAL BRAIN ANOMALIES WITH OR WITHOUT SEIZURES AND SPASTICITY; NEDBASS,125,4,4,0,0,46,2.6415737643670054,0.5254374960075632
BOSCH-BOONSTRA-SCHAAF OPTIC ATROPHY SYNDROME; BBSOAS,125,4,4,0,0,51,2.640979994322674,0.6313626995925818
SHORT SYNDROME,125,5,5,0,0,17,2.6076566683120315,0.4102213894005232
"CEREBELLAR, OCULAR, CRANIOFACIAL, AND GENITAL SYNDROME; COFG",125,5,5,0,0,53,2.5866917258714954,0.5634694571922471
Baraitser-Winter syndrome,125,0,1,0,0,50,2.5845543724982853,0.3488345257123539
"Arthrogryposis, distal",375,14,15,0,0,156,2.5755144925942437,0.4627026765763386
BRUNET-WAGNER NEURODEVELOPMENTAL SYNDROME; BRUWAG,125,2,3,0,0,62,2.5593952316349537,0.6023222651594594
DEVELOPMENTAL AND EPILEPTIC ENCEPHALOPATHY 87; DEE87,125,3,5,0,0,52,2.5338133341378994,0.6940730752502473
Holoprosencephaly,125,10,6,0,0,69,2.531941718357347,0.510315715429083
Opitz GBBB syndrome,125,7,6,0,0,25,2.5244860378841727,0.49949310271719394
"INTELLECTUAL DEVELOPMENTAL DISORDER, AUTOSOMAL DOMINANT 21; MRD21",125,0,0,0,0,36,2.513513040001742,0.2593780193386235
FRAGILE X SYNDROME; FXS,125,14,11,0,0,31,2.4968421043991054,0.5643675461975993
Cold-induced sweating syndrome,125,0,0,0,0,27,2.4965991357532373,0.44212042874422636
ACROMICRIC DYSPLASIA; ACMICD,125,10,9,0,0,47,2.492293678635781,0.3715377446044735
LIG4 SYNDROME,375,13,14,0,0,184,2.4887022780144465,0.5318657367350316
"SHORT STATURE, ONYCHODYSPLASIA, FACIAL DYSMORPHISM, AND HYPOTRICHOSIS; SOFT",125,22,16,0,0,36,2.4841396976657513,0.42549215512771443
"ACROFACIAL DYSOSTOSIS 1, NAGER TYPE; AFD1",125,5,6,0,0,51,2.481707449693043,0.47494292685264733
"DIABETES MELLITUS, NEONATAL, WITH CONGENITAL HYPOTHYROIDISM; NDH",375,7,10,0,0,142,2.4662750352731897,0.44410421086925567
IMPAIRED INTELLECTUAL DEVELOPMENT AND DISTINCTIVE FACIAL FEATURES WITH OR WITHOUT CARDIAC DEFECTS; MRFACD,125,16,11,0,0,37,2.446477972018576,0.5319562608289946
DEVELOPMENTAL DELAY WITH VARIABLE INTELLECTUAL IMPAIRMENT AND BEHAVIORAL ABNORMALITIES; DDVIBA,375,16,17,0,0,114,2.443217346344711,0.45358376212435125
CLEIDOCRANIAL DYSPLASIA; CCD,375,3,7,0,0,118,2.4204510353193776,0.4449641788824438
GENITOPATELLAR SYNDROME; GTPTS,125,1,1,0,0,42,2.4080137951436247,0.6279507289049873
"INTELLECTUAL DEVELOPMENTAL DISORDER WITH SPEECH DELAY, DYSMORPHIC FACIES, AND T-CELL ABNORMALITIES; IDDSFTA",375,3,4,0,0,172,2.401158302950517,0.5835565711196411
SHASHI-PENA SYNDROME; SHAPNS,125,3,3,0,0,45,2.3798769267857978,0.6444220908363243
BOSMA ARHINIA MICROPHTHALMIA SYNDROME; BAMS,375,3,6,0,0,136,2.366651745113731,0.45603065834111867
GAPO SYNDROME; GAPOS,125,0,1,0,0,33,2.345027414243757,0.4008150839903837
Cutis laxa,750,1,10,0,0,258,2.3272145644773117,0.41785982660891985
PRIMROSE SYNDROME; PRIMS,375,9,12,0,0,162,2.322041456796613,0.45052530475629715
KBG SYNDROME; KBGS,375,1,5,0,0,170,2.3197997678123543,0.3382018155667213
TCEAL1,125,0,0,0,0,65,2.3083081807537003,0.37116832046831827
"POIKILODERMA, HEREDITARY FIBROSING, WITH TENDON CONTRACTURES, MYOPATHY, AND PULMONARY FIBROSIS; POIKTMP",125,18,17,0,0,66,2.273850254576266,0.5733397915554307
Silver-Russell syndrome,125,1,2,0,0,48,2.2712503239366155,0.608850851349502
ALAZAMI SYNDROME; ALAZS,375,37,32,0,0,180,2.2619857001363357,0.7120656393245961
KDM2B,125,5,6,0,0,59,2.2505251198161265,0.6321475572339504
COSTELLO SYNDROME; CSTLO,375,7,9,0,0,128,2.243817812055701,0.4215836477427423
CHOPS SYNDROME; CHOPS,125,3,4,0,0,31,2.2392782208292354,0.5978554773445649
WEAVER SYNDROME; WVS,375,23,22,0,0,156,2.2376735763875257,0.4959814518237755
Joubert syndrome,375,4,12,0,0,116,2.234013207873286,0.44477949991969096
PFEIFFER SYNDROME,125,6,6,0,0,62,2.2272637899442733,0.5112247261195013
"SHORT STATURE, BRACHYDACTYLY, IMPAIRED INTELLECTUAL DEVELOPMENT, AND SEIZURES; SBIDDS",125,2,4,0,0,58,2.211570714229624,0.633449270854062
"Microcephaly, growth restriction and increased sister chromatid exchange",125,0,0,0,0,24,2.211462228799268,0.304705654623661
Oculocutaneous albinism,125,13,7,0,0,48,2.201119282303232,0.472883166212086
INTELLECTUAL DEVELOPMENTAL DISORDER WITH DYSMORPHIC FACIES AND BEHAVIORAL ABNORMALITIES; IDDFBA,125,0,2,0,0,38,2.179267313968771,0.4740132509328712
"ALPHA-THALASSEMIA/MENTAL RETARDATION SYNDROME, X-LINKED; ATRX",125,2,2,0,0,38,2.176700626098249,0.3104726563420342
"INTELLECTUAL DEVELOPMENTAL DISORDER, X-LINKED, SYNDROMIC, NASCIMENTO TYPE; MRXSN",125,0,0,0,0,48,2.1672046591546046,0.5409091222041398
"INTELLECTUAL DEVELOPMENTAL DISORDER, X-LINKED, SYNDROMIC 33; MRXS33",375,21,20,0,0,180,2.159056773888749,0.5441811113005925
Noonan syndrome-like disorder with loose anagen hair,375,2,6,0,0,122,2.1505012860734616,0.48141544438284634
PITT-HOPKINS SYNDROME; PTHS,125,1,2,0,0,57,2.1382395587771645,0.3961079849790412
OCULODENTODIGITAL DYSPLASIA; ODDD,375,1,4,0,0,158,2.104476029232618,0.38654132252574125
STEEL SYNDROME; STLS,125,3,3,0,0,34,2.08921338739449,0.5188578332252332
COHEN SYNDROME; COH1,375,28,27,0,0,144,2.084911786468236,0.5248726088060746
SMITH-KINGSMORE SYNDROME; SKS,125,1,1,0,0,49,2.0782563493155277,0.5198439628993305
BURN-MCKEOWN SYNDROME; BMKS,125,10,8,0,0,53,2.058237091112278,0.39087287798556697
Meier-Gorlin syndrome,375,0,6,0,0,116,2.04766262685979,0.32852535890497087
"INTELLECTUAL DEVELOPMENTAL DISORDER, X-LINKED, SYNDROMIC, HACKMANN-DI DONATO TYPE; MRXSHD",125,0,1,0,0,48,2.0398996820354176,0.47664833286388286
VICI SYNDROME; VICIS,375,2,5,0,0,146,2.0338166702684495,0.5267654438992186
FG syndrome,125,0,3,0,0,56,2.0258525101998455,0.49419765780885455
BRANCHIOOCULOFACIAL SYNDROME; BOFS,125,0,1,0,0,23,1.975300977803406,0.36743883642343006
"NEURODEVELOPMENTAL DISORDER WITH HEARING LOSS, SEIZURES, AND BRAIN ABNORMALITIES; NEDHSB",125,9,8,0,0,67,1.9734277550764245,0.5025688214975075
AU-KLINE SYNDROME; AUKS,125,14,11,0,0,36,1.9684218381074954,0.5069810100537753
H4C5,125,1,2,0,0,56,1.964642908941089,0.48930556585985463
CLARK-BARAITSER SYNDROME; CLABARS,125,7,7,0,0,53,1.95985996593642,0.5259088127069844
PHELAN-MCDERMID SYNDROME; PHMDS,125,7,6,0,0,77,1.9091138119450997,0.627116721684623
BAINBRIDGE-ROPERS SYNDROME; BRPS,375,0,3,0,0,108,1.9047460627886486,0.3337626645473336
Hyper-IgE recurrent infection syndrome,125,0,1,0,0,28,1.8411254355639175,0.3932109280179559
"INTELLECTUAL DEVELOPMENTAL DISORDER, AUTOSOMAL DOMINANT 62; MRD62",125,19,13,0,0,44,1.8346936971561303,0.49247008297390815
Kabuki syndrome,750,0,12,0,0,158,1.7994634037639068,0.29123662319652616
"SIMPSON-GOLABI-BEHMEL SYNDROME, TYPE 1; SGBS1",125,2,3,0,0,45,1.7701006746783952,0.435739057049344
SCHAAF-YANG SYNDROME; SHFYNG,125,11,11,0,0,48,1.7516322065376142,0.43859838380698657
GLASS SYNDROME; GLASS,125,10,7,0,0,60,1.7413108278019944,0.5548228753839126
SAUL-WILSON SYNDROME; SWILS,125,0,0,0,0,34,1.7404383591536283,0.22893352112947765
MUCOLIPIDOSIS II ALPHA/BETA,375,5,10,0,0,136,1.6877822361308046,0.4592376480379035
"Autism, susceptiblity to",125,2,4,0,0,31,1.6701082818626838,0.4044665894074315
Alagille syndrome,125,9,8,0,0,40,1.6667731972208193,0.45345205820299334
TATTON-BROWN-RAHMAN SYNDROME; TBRS,125,3,4,0,0,53,1.6368845780378423,0.29765823368334404
NEURODEVELOPMENTAL DISORDER WITH SPASTIC DIPLEGIA AND VISUAL DEFECTS; NEDSDV,125,0,1,0,0,43,1.6320520931408502,0.5079841669065486
"CONGENITAL HEART DEFECTS, MULTIPLE TYPES, 2; CHTD2",125,0,2,0,0,21,1.6256540852286756,0.2554273086863104
Menke-Hennekam syndrome,125,0,3,0,0,43,1.5826077258175486,0.44752898127246277
DEVELOPMENTAL AND EPILEPTIC ENCEPHALOPATHY 28; DEE28,125,0,0,0,0,48,1.5804645874038061,0.41543601667131663
BOHRING-OPITZ SYNDROME; BOPS,125,0,0,0,0,47,1.565145265002794,0.6371982864556394
Rothmund-Thomson syndrome,125,1,2,0,0,36,1.5630222050827642,0.5258025091409189
FOCAL DERMAL HYPOPLASIA; FDH,125,0,0,0,0,56,1.5627821452016644,0.41287561629083624
KAUFMAN OCULOCEREBROFACIAL SYNDROME; KOS,375,0,2,0,0,136,1.5429739331861783,0.38663884160706274
Seckel syndrome,125,0,1,0,0,24,1.5320925250831237,0.2635070508326356
SCHUURS-HOEIJMAKERS SYNDROME; SHMS,125,0,1,0,0,19,1.5272971787174265,0.2504472630543949
MOEBIUS SYNDROME; MBS,125,0,0,0,0,26,1.5232884946440526,0.3441180322679178
CEBALID SYNDROME; CEBALID,125,0,3,0,0,23,1.5201214180674762,0.18709117711687795
POIKILODERMA WITH NEUTROPENIA; PN,125,19,16,0,0,62,1.4889022514475094,0.5569907974605046
"CHROMOSOME 22q11.2 DELETION SYNDROME, DISTAL",375,0,0,0,0,80,1.448588359683661,0.32461483784045475
WOLF-HIRSCHHORN SYNDROME; WHS,125,0,1,0,0,25,1.4151313121897755,0.26359072887765217
RAHMAN SYNDROME; RMNS,125,8,8,0,0,63,1.3929389265848422,0.4020123307610628
DIGEORGE SYNDROME; DGS,125,5,5,0,0,33,1.3651381646026874,0.21488017549158875
BASILICATA-AKHTAR SYNDROME; MRXSBA,125,0,2,0,0,37,1.3576156507905879,0.32798629209051244
ZTTK SYNDROME; ZTTKS,125,1,2,0,0,37,1.3517311449684197,0.4067641537829043
Cardiofaciocutaneous syndrome,125,0,4,0,0,30,1.3064421370912713,0.45446164122559785
NIJMEGEN BREAKAGE SYNDROME; NBS,125,0,0,0,0,30,1.3006221934258788,0.2780968424863266
NEURODEVELOPMENTAL DISORDER WITH DYSMORPHIC FACIES AND DISTAL SKELETAL ANOMALIES; NEDDFSA,125,0,2,0,0,42,1.2803584732903097,0.3140863800551157
"HYPOTONIA, ATAXIA, AND DELAYED DEVELOPMENT SYNDROME; HADDS",125,0,0,0,0,32,1.079167522489666,0.24107313269484887
Robinow syndrome,125,0,1,0,0,27,1.0677048506040774,0.19207401790215195
