shortlist_rank,demographic_layer,syndrome,feature,group,n_disease,n_healthy_matched,hedges_g,hedges_g_ci_lower,hedges_g_ci_upper,global_fdr_q_value,within_group_fdr_q_value,evidence_level,global_significant_fdr,direction_agrees_with_pooled
1,broad,WILLIAMS-BEUREN SYNDROME; WBS,eb_thickness_mean,African,14.0,136.0,1.728979058255363,1.2356823549739882,2.349206229419863,0.0005921822377234,3.378229883656916e-05,moderate,True,True
1,broad,WILLIAMS-BEUREN SYNDROME; WBS,eb_thickness_mean,Asian,25.0,532.0,1.320634813372231,0.8685223497902603,1.7734679318823234,0.0002945889228555,2.429335735354277e-06,primary,True,True
1,broad,WILLIAMS-BEUREN SYNDROME; WBS,eb_thickness_mean,European,7.0,137.0,0.8311237895373919,0.4765111296470806,1.3073246895066202,0.2094745558402822,0.1265037631104124,exploratory,False,True
1,broad,WILLIAMS-BEUREN SYNDROME; WBS,eb_thickness_mean,Others,21.0,137.0,1.0126162466907616,0.5391204207381307,1.5574733835523251,0.0239921903208989,0.0017327693009538,primary,True,True
2,broad,Cornelia de Lange syndrome,philtrum_length,African,2.0,136.0,0.8003019158727498,-0.3269514987720742,2.010985733447434,0.7265667165511361,0.8210976600344894,insufficient,False,True
2,broad,Cornelia de Lange syndrome,philtrum_length,Asian,11.0,532.0,0.8501470658539835,0.2239875543067254,1.4741677821627512,0.1859070925068613,0.0829673505926842,moderate,False,True
2,broad,Cornelia de Lange syndrome,philtrum_length,European,29.0,137.0,1.1376622106484973,0.6525187364078596,1.619129839067694,0.0008342843984999,6.014085146176258e-05,primary,True,True
2,broad,Cornelia de Lange syndrome,philtrum_length,Others,21.0,137.0,1.4386590753594637,0.8901172165654516,1.963037756313707,0.0013665422433158,3.321456841392598e-05,primary,True,True
3,broad,WILLIAMS-BEUREN SYNDROME; WBS,outer_canthal_distance,African,14.0,136.0,1.346851909971312,0.8021909071421622,1.9790165224744776,0.0146636629276956,0.0004612344956832,moderate,True,True
3,broad,WILLIAMS-BEUREN SYNDROME; WBS,outer_canthal_distance,Asian,25.0,532.0,1.213014714134729,0.7093290404459857,1.712687427792142,0.0010814835593029,1.0796059836791388e-05,primary,True,True
3,broad,WILLIAMS-BEUREN SYNDROME; WBS,outer_canthal_distance,European,7.0,137.0,1.2894555055392936,0.3194785817408667,2.1735582337404953,0.1415289990469685,0.110815240573234,exploratory,False,True
3,broad,WILLIAMS-BEUREN SYNDROME; WBS,outer_canthal_distance,Others,21.0,137.0,0.8482982816226657,0.4369813418954551,1.3437996238857757,0.0458246130227491,0.0038293253012065,primary,True,True
4,broad,Cornelia de Lange syndrome,philtrum_width,African,2.0,136.0,-0.2445873671162158,-0.5026540469789019,0.0198932945732946,0.908688250526396,1.0,insufficient,False,True
4,broad,Cornelia de Lange syndrome,philtrum_width,Asian,11.0,532.0,-0.7390525949953731,-1.159040833898572,-0.2839152839518804,0.1984779780874477,0.0919166678035185,moderate,False,True
4,broad,Cornelia de Lange syndrome,philtrum_width,European,29.0,137.0,-1.3413222746911886,-1.669581027709028,-1.0607656158088,5.719383256174405e-06,3.971793927898893e-08,primary,True,True
4,broad,Cornelia de Lange syndrome,philtrum_width,Others,21.0,137.0,-0.5198105212747337,-0.9223522948329348,-0.1694598978985458,0.2242324998876583,0.0558106157213683,primary,False,True
5,broad,Noonan syndrome,inter_pupillary_distance,African,6.0,136.0,1.9058922910826244,0.963722546822542,2.793336088025259,0.0647291013509552,0.0156457925225409,exploratory,False,True
5,broad,Noonan syndrome,inter_pupillary_distance,Asian,9.0,532.0,1.7302193088701316,0.6409932303163578,2.8026074410124244,0.0978720091445455,0.0186455239643428,exploratory,False,True
5,broad,Noonan syndrome,inter_pupillary_distance,European,9.0,137.0,1.1650690162342594,0.5454068602277701,2.0217294416222344,0.0857238633733183,0.1007604452434157,exploratory,False,True
5,broad,Noonan syndrome,inter_pupillary_distance,Others,2.0,137.0,1.888129286253409,1.1954857697460377,2.815299800318683,0.1636354161557357,0.1368470441038473,insufficient,False,True
6,broad,Mucopolysaccharidoses,chin_pointedness_angle,African,2.0,136.0,0.8816222575702188,0.4100202462158596,1.4032380822794488,0.5099832812579659,0.4735278911148726,insufficient,False,True
6,broad,Mucopolysaccharidoses,chin_pointedness_angle,Asian,7.0,532.0,1.412828618726218,0.7316764900084864,2.0213114026828425,0.0815941698804247,0.0200702761218077,exploratory,False,True
6,broad,Mucopolysaccharidoses,chin_pointedness_angle,European,11.0,137.0,1.3920837297816513,0.8415448302879058,1.9660832251828435,0.0195233384727493,0.0122020865454683,moderate,True,True
6,broad,Mucopolysaccharidoses,chin_pointedness_angle,Others,3.0,137.0,1.3037222217158082,0.0267765674134131,2.3931675846561293,0.3825131007928491,0.6761853943954809,insufficient,False,True
7,broad,Noonan syndrome,nose_bridge_width,African,6.0,136.0,1.598933469128495,0.4354629362687622,2.553363790978055,0.1425236650382821,0.0301353633564031,exploratory,False,True
7,broad,Noonan syndrome,nose_bridge_width,Asian,9.0,532.0,1.5622499086890205,0.7437766220895621,2.307526989302038,0.0528177620872045,0.0075191952971367,exploratory,False,True
7,broad,Noonan syndrome,nose_bridge_width,European,9.0,137.0,0.8652774163141205,0.3823100073037405,1.5212902491576223,0.1598022738772276,0.1263515994842762,exploratory,False,True
7,broad,Noonan syndrome,nose_bridge_width,Others,2.0,137.0,2.246303073537134,1.4740324933394666,3.2551199450548127,0.1153345174737203,0.1368470441038473,insufficient,False,True
8,broad,KBG SYNDROME; KBGS,jaw_bigonial_width,Asian,2.0,532.0,-2.384138607350603,-2.566076355011353,-2.204951793015358,0.2235088017218799,0.4485981229340331,insufficient,False,True
8,broad,KBG SYNDROME; KBGS,jaw_bigonial_width,European,24.0,137.0,-1.7151135097404069,-2.260679879383368,-1.265567978356357,7.359638420055082e-06,7.666290020890712e-08,primary,True,True
8,broad,KBG SYNDROME; KBGS,jaw_bigonial_width,Others,4.0,137.0,-1.0288980729157189,-2.3577816971594623,0.2352828378895623,0.462625394003393,0.957056136424921,insufficient,False,True
9,broad,WIEDEMANN-STEINER SYNDROME; WDSTS,inter_canthal_distance,Asian,11.0,532.0,2.1807338137462127,1.5661301713516538,2.8960591891517957,0.0010883487884955,0.0001813914647492,moderate,True,True
9,broad,WIEDEMANN-STEINER SYNDROME; WDSTS,inter_canthal_distance,European,2.0,137.0,1.7111457277995838,1.302221640611939,2.207982049455569,0.1859070925068613,0.955441180652316,insufficient,False,True
10,broad,Kabuki syndrome,outer_canthal_distance,Asian,19.0,532.0,1.0061200451128471,0.6025376186998943,1.4269960032724502,0.0136947897105148,0.0011729333779839,moderate,True,True
10,broad,Kabuki syndrome,outer_canthal_distance,European,13.0,137.0,1.5212706210047515,0.9883812317352408,2.117951403816545,0.003627758870548,0.0012218493418165,moderate,True,True
11,broad,Holoprosencephaly,mouth_opening,Others,2.0,137.0,1.3028301827571922,0.8814145003313915,1.797547466078256,0.3727061389436599,0.5473881764153895,insufficient,False,True
12,broad,Coffin-Siris syndrome,philtrum_length,Asian,4.0,532.0,-0.356565473502291,-0.8913933466555474,0.2427869865738079,0.7373136636636317,0.667320609274283,insufficient,False,False
12,broad,Coffin-Siris syndrome,philtrum_length,European,33.0,137.0,0.8078513746366839,0.3586264830918691,1.2590969345023153,0.1007656086977514,0.0215724462574669,primary,False,True
13,broad,KBG SYNDROME; KBGS,jaw_to_forehead_ratio,Asian,2.0,532.0,-2.204367482137086,-2.5188168424021034,-1.9021025642250449,0.2246656290295847,0.4485981229340331,insufficient,False,True
13,broad,KBG SYNDROME; KBGS,jaw_to_forehead_ratio,European,24.0,137.0,-1.5493530135543956,-2.122923429344175,-1.0969244397049067,0.0001178395397829,1.636660274763771e-06,primary,True,True
13,broad,KBG SYNDROME; KBGS,jaw_to_forehead_ratio,Others,4.0,137.0,-0.9712256126599316,-2.3197852090415494,0.3842819535666189,0.4780849018477984,0.957056136424921,insufficient,False,True
14,broad,SOTOS SYNDROME; SOTOS,forehead_width_mid,African,2.0,136.0,2.296378798568491,1.6963358834991027,2.976341520467596,0.2308279488617777,0.2681151067560691,insufficient,False,True
14,broad,SOTOS SYNDROME; SOTOS,forehead_width_mid,European,20.0,137.0,1.2187383995708378,0.7781400209593652,1.751286701342602,0.0040454387751042,0.0002380434567092,primary,True,True
15,broad,Kabuki syndrome,inter_canthal_distance,Asian,19.0,532.0,0.935909856377175,0.4316070517918874,1.4450814220156862,0.0444598734037898,0.0053567972469149,moderate,True,True
15,broad,Kabuki syndrome,inter_canthal_distance,European,13.0,137.0,1.0294090110278007,0.5095724012967932,1.6079479900651077,0.0888455857322516,0.0145794730773522,moderate,False,True
16,broad,Mucopolysaccharidoses,philtrum_length,African,2.0,136.0,-0.4219691323755146,-0.6341253232459779,-0.2388726710231805,0.734559824285465,0.5913982196080007,insufficient,False,False
16,broad,Mucopolysaccharidoses,philtrum_length,Asian,7.0,532.0,0.6914330744694921,0.1783453129784437,1.3097417184316975,0.3648029006162215,0.1905885072748535,exploratory,False,True
16,broad,Mucopolysaccharidoses,philtrum_length,European,11.0,137.0,0.8596773653039291,0.3366284528488181,1.4192836947170917,0.2246656290295847,0.2462480479271791,moderate,False,True
16,broad,Mucopolysaccharidoses,philtrum_length,Others,3.0,137.0,1.457702147139868,0.4993132525531206,2.8020662672294003,0.3119544165341197,0.6761853943954809,insufficient,False,True
17,broad,AU-KLINE SYNDROME; AUKS,nose_ala_height_l,Asian,2.0,532.0,2.241450696623795,1.5937185660465838,2.9566442069496564,0.2447110900165298,0.2236344605265512,insufficient,False,True
17,broad,AU-KLINE SYNDROME; AUKS,nose_ala_height_l,European,8.0,137.0,1.702839330944802,1.2901684240548017,2.190201704478319,0.0018758338682465,0.000275071862489,exploratory,True,True
18,broad,NICOLAIDES-BARAITSER SYNDROME; NCBRS,forehead_width_mid,Asian,2.0,532.0,2.360827507413703,1.7158671176540214,3.019450485443512,0.2289900430651573,0.2726145001558037,insufficient,False,True
18,broad,NICOLAIDES-BARAITSER SYNDROME; NCBRS,forehead_width_mid,European,17.0,137.0,1.3165232666095028,0.7679702566968428,2.0092488869471143,0.0110693415183905,0.0007400050278758,moderate,True,True
19,broad,NICOLAIDES-BARAITSER SYNDROME; NCBRS,jaw_to_forehead_ratio,Asian,2.0,532.0,-1.841666927378946,-1.9710280829034992,-1.7252173506182542,0.2353272743356688,0.2726145001558037,insufficient,False,True
19,broad,NICOLAIDES-BARAITSER SYNDROME; NCBRS,jaw_to_forehead_ratio,European,17.0,137.0,-1.472566702524298,-2.035140759021236,-0.9835023204376772,0.0013665422433158,9.147928768865377e-05,moderate,True,True
20,broad,Rubinstein-Taybi syndrome,inter_canthal_distance,African,6.0,136.0,1.664290975288065,0.9473245551332844,2.412814324309841,0.0819333573120703,0.0318629722880273,exploratory,False,True
20,broad,Rubinstein-Taybi syndrome,inter_canthal_distance,Asian,8.0,532.0,1.314778706525061,0.806644874897048,1.8333536114652815,0.0449190716258724,0.0468549198508111,exploratory,True,True
20,broad,Rubinstein-Taybi syndrome,inter_canthal_distance,European,4.0,137.0,-0.1250139638886677,-0.7406461080676462,0.5214665811456977,0.9510914147412268,0.9412136982252822,insufficient,False,False
20,broad,Rubinstein-Taybi syndrome,inter_canthal_distance,Others,6.0,137.0,1.86388459456356,0.8774356709829468,2.889920622192372,0.0386625428946832,0.0420186664098467,exploratory,True,True
21,broad,SOTOS SYNDROME; SOTOS,face_triangularity,African,2.0,136.0,1.6287775858156606,0.8565089406037675,2.516473084566038,0.3013411751947094,0.2681151067560691,insufficient,False,True
21,broad,SOTOS SYNDROME; SOTOS,face_triangularity,European,20.0,137.0,1.474447462018518,1.0800250274157592,1.9070532593832104,0.0002394741211749,9.978088382290685e-06,primary,True,True
22,broad,"MANNOSIDOSIS, ALPHA B, LYSOSOMAL; MANSA",eb_inter_distance,Asian,6.0,532.0,2.991403525725679,1.702973877926843,4.190275106228636,0.031116241340699,0.0098069433732001,exploratory,True,True
22,broad,"MANNOSIDOSIS, ALPHA B, LYSOSOMAL; MANSA",eb_inter_distance,European,6.0,137.0,0.380635205860002,-0.3285363250058491,1.18707506838238,0.7056046373346948,0.6534086421212285,exploratory,False,True
23,broad,Holoprosencephaly,chin_height,Others,2.0,137.0,-1.0300665856510032,-1.7842142782932255,-0.3384742896466857,0.5475400723476392,0.6958201554698275,insufficient,False,True
24,broad,"MANNOSIDOSIS, ALPHA B, LYSOSOMAL; MANSA",inter_pupillary_distance,Asian,6.0,532.0,2.387858301488499,1.4582497224309252,3.318113361574182,0.0365618083039695,0.0098069433732001,exploratory,True,True
24,broad,"MANNOSIDOSIS, ALPHA B, LYSOSOMAL; MANSA",inter_pupillary_distance,European,6.0,137.0,0.9617920476655888,0.3433064317724808,1.6407069586296674,0.2106348094130672,0.3816045408524836,exploratory,False,True
25,broad,Rubinstein-Taybi syndrome,malar_bulge_mean,African,6.0,136.0,-1.261090925675001,-1.9213636682547657,-0.6260966529328676,0.1425236650382821,0.0671811852470693,exploratory,False,True
25,broad,Rubinstein-Taybi syndrome,malar_bulge_mean,Asian,8.0,532.0,-0.2461927589351591,-0.863755241033044,0.4276691693265795,0.7981047588118112,0.6980765243591874,exploratory,False,True
25,broad,Rubinstein-Taybi syndrome,malar_bulge_mean,European,4.0,137.0,-1.0922741487382417,-2.2216764863754332,-0.2389692045574103,0.3130325561420504,0.3386563248410126,insufficient,False,True
25,broad,Rubinstein-Taybi syndrome,malar_bulge_mean,Others,6.0,137.0,-1.4396963105241565,-2.7153890772459324,-0.4721254787157287,0.1859070925068613,0.0752858212084619,exploratory,False,True
1,detailed,WILLIAMS-BEUREN SYNDROME; WBS,eb_thickness_mean,African,14.0,136.0,1.728979058255363,1.2077376703533294,2.343816367274332,0.0009552463477562,3.378229883656916e-05,moderate,True,True
1,detailed,WILLIAMS-BEUREN SYNDROME; WBS,eb_thickness_mean,East Asian,4.0,140.0,0.2926015839004672,-0.4151228223433815,1.0028701779682183,0.8215591445407022,0.9597374539687994,insufficient,False,True
1,detailed,WILLIAMS-BEUREN SYNDROME; WBS,eb_thickness_mean,European,7.0,137.0,0.8311237895373919,0.4177877022624676,1.2971425542778394,0.1945674802903128,0.1265037631104124,exploratory,False,True
1,detailed,WILLIAMS-BEUREN SYNDROME; WBS,eb_thickness_mean,Latino/Hispanic,15.0,137.0,1.0395024958876338,0.3847588514959805,1.7454411155749292,0.0669915855018652,0.0116946107754108,moderate,False,True
1,detailed,WILLIAMS-BEUREN SYNDROME; WBS,eb_thickness_mean,Middle Eastern,3.0,122.0,0.7165357610749897,-0.1176091655823446,1.5301036294210844,0.5814789456006497,0.5135180909560457,insufficient,False,True
1,detailed,WILLIAMS-BEUREN SYNDROME; WBS,eb_thickness_mean,SE Asian,3.0,137.0,0.877029775182571,0.4489132957485941,1.4388419822477136,0.4477284841601702,0.2908480668881044,insufficient,False,True
1,detailed,WILLIAMS-BEUREN SYNDROME; WBS,eb_thickness_mean,South Asian,15.0,133.0,1.8225050749550105,1.2857913169485935,2.454769024771656,0.0006972363624944,4.64516550860764e-05,moderate,True,True
2,detailed,Cornelia de Lange syndrome,philtrum_length,African,2.0,136.0,0.8003019158727498,-0.3038620368044499,2.045017208177291,0.7317562355018727,0.8210976600344894,insufficient,False,True
2,detailed,Cornelia de Lange syndrome,philtrum_length,East Asian,2.0,140.0,1.237690618713247,0.1334920266471261,2.451233840665696,0.5364233825312111,0.723117614102748,insufficient,False,True
2,detailed,Cornelia de Lange syndrome,philtrum_length,European,29.0,137.0,1.1376622106484973,0.6622274735013068,1.6118615424064493,0.0012502464114866,6.014085146176258e-05,primary,True,True
2,detailed,Cornelia de Lange syndrome,philtrum_length,Latino/Hispanic,21.0,137.0,1.4386590753594637,0.919539950565042,1.9906598341261983,0.0018411439173083,3.321456841392598e-05,primary,True,True
2,detailed,Cornelia de Lange syndrome,philtrum_length,Middle Eastern,3.0,122.0,0.6788940794077031,-0.090351743623963,1.8540646149399176,0.6761733298810457,0.8160411353382466,insufficient,False,True
2,detailed,Cornelia de Lange syndrome,philtrum_length,South Asian,4.0,133.0,0.5881386372872174,-0.7175075651812671,1.815920185028579,0.7118523902119275,0.9821804196731232,insufficient,False,True
3,detailed,WILLIAMS-BEUREN SYNDROME; WBS,outer_canthal_distance,African,14.0,136.0,1.346851909971312,0.8055365741547821,1.9619608806963165,0.0159767467790426,0.0004612344956832,moderate,True,True
3,detailed,WILLIAMS-BEUREN SYNDROME; WBS,outer_canthal_distance,East Asian,4.0,140.0,0.1210977507065319,-0.9850553804602532,1.28182938316965,0.9681850296953712,1.0,insufficient,False,True
3,detailed,WILLIAMS-BEUREN SYNDROME; WBS,outer_canthal_distance,European,7.0,137.0,1.2894555055392936,0.326140395758923,2.238570647574454,0.1260039029175374,0.110815240573234,exploratory,False,True
3,detailed,WILLIAMS-BEUREN SYNDROME; WBS,outer_canthal_distance,Latino/Hispanic,15.0,137.0,0.945808075307742,0.4543382686250228,1.5233998270693512,0.0617471863478134,0.0110130338343268,moderate,False,True
3,detailed,WILLIAMS-BEUREN SYNDROME; WBS,outer_canthal_distance,Middle Eastern,3.0,122.0,1.5242823683822992,0.7024061087069551,2.3659958604494347,0.2406266296749959,0.3902586469527798,insufficient,False,True
3,detailed,WILLIAMS-BEUREN SYNDROME; WBS,outer_canthal_distance,SE Asian,3.0,137.0,1.0118343066140518,0.5047564323006857,1.5757532185282206,0.3129491495189479,0.1770982282496983,insufficient,False,True
3,detailed,WILLIAMS-BEUREN SYNDROME; WBS,outer_canthal_distance,South Asian,15.0,133.0,1.171524160533131,0.5716979482889295,1.807037986539959,0.0440673949016733,0.0021558980245908,moderate,True,True
4,detailed,Cornelia de Lange syndrome,philtrum_width,African,2.0,136.0,-0.2445873671162158,-0.5056209717050517,0.0262357419537248,0.9093312688602788,1.0,insufficient,False,True
4,detailed,Cornelia de Lange syndrome,philtrum_width,East Asian,2.0,140.0,-0.7500200268692024,-0.9883303878503,-0.5488464010033433,0.5997786321302493,0.723117614102748,insufficient,False,True
4,detailed,Cornelia de Lange syndrome,philtrum_width,European,29.0,137.0,-1.3413222746911886,-1.7023958156130856,-1.0441042466146344,1.0387822978306912e-05,3.971793927898893e-08,primary,True,True
4,detailed,Cornelia de Lange syndrome,philtrum_width,Latino/Hispanic,21.0,137.0,-0.5198105212747337,-0.8663350088828159,-0.1706557137698789,0.2126116938368309,0.0558106157213683,primary,False,True
4,detailed,Cornelia de Lange syndrome,philtrum_width,Middle Eastern,3.0,122.0,-0.2801300922764636,-1.0208600451836964,0.4198759803369635,0.8801165613214655,0.9029215766365144,insufficient,False,True
4,detailed,Cornelia de Lange syndrome,philtrum_width,South Asian,4.0,133.0,-0.7526399979470827,-1.8762400415669769,0.357536169641498,0.6437556407243041,0.9044960541503164,insufficient,False,True
5,detailed,Noonan syndrome,inter_pupillary_distance,African,6.0,136.0,1.9058922910826244,0.9906356445660672,2.8999079106049597,0.0569431899423491,0.0156457925225409,exploratory,False,True
5,detailed,Noonan syndrome,inter_pupillary_distance,East Asian,2.0,140.0,0.7935823145199763,0.0736964187221019,1.6309052596018156,0.5597889123457048,0.5401035605020525,insufficient,False,True
5,detailed,Noonan syndrome,inter_pupillary_distance,European,9.0,137.0,1.1650690162342594,0.5395434517351182,2.0311685327001956,0.0744179866819164,0.1007604452434157,exploratory,False,True
5,detailed,Noonan syndrome,inter_pupillary_distance,Latino/Hispanic,2.0,137.0,1.888129286253409,1.1865907393644026,2.792422881198734,0.1472199117925376,0.1368470441038473,insufficient,False,True
5,detailed,Noonan syndrome,inter_pupillary_distance,SE Asian,2.0,137.0,3.7619922030488313,2.456110583708131,5.4429496513277025,0.0375740110963957,0.0104264414555312,insufficient,True,True
5,detailed,Noonan syndrome,inter_pupillary_distance,South Asian,2.0,133.0,2.141838997297409,1.6971357591087732,2.7026384400654364,0.078387134096957,0.0414593698175787,insufficient,False,True
6,detailed,Mucopolysaccharidoses,chin_pointedness_angle,African,2.0,136.0,0.8816222575702188,0.409677336446646,1.391427403830164,0.5160430272355181,0.4735278911148726,insufficient,False,True
6,detailed,Mucopolysaccharidoses,chin_pointedness_angle,European,11.0,137.0,1.3920837297816513,0.8365046442614653,1.9189694858084765,0.0209288952773539,0.0122020865454683,moderate,True,True
6,detailed,Mucopolysaccharidoses,chin_pointedness_angle,Latino/Hispanic,3.0,137.0,1.3037222217158082,0.0227361034248048,2.3876856608491788,0.387424646671179,0.6761853943954809,insufficient,False,True
6,detailed,Mucopolysaccharidoses,chin_pointedness_angle,Middle Eastern,3.0,122.0,1.3859371158994742,-0.2156281303186119,2.516968974157563,0.423777188407017,0.4823666499865175,insufficient,False,True
7,detailed,Noonan syndrome,nose_bridge_width,African,6.0,136.0,1.598933469128495,0.4411978464201994,2.587276842402479,0.1269602594278647,0.0301353633564031,exploratory,False,True
7,detailed,Noonan syndrome,nose_bridge_width,East Asian,2.0,140.0,0.3594794985386537,-0.3673444484887445,1.1829398088574343,0.8110864472193089,0.7525812515324054,insufficient,False,True
7,detailed,Noonan syndrome,nose_bridge_width,European,9.0,137.0,0.8652774163141205,0.3567335365796044,1.528876509405248,0.1443040242153353,0.1263515994842762,exploratory,False,True
7,detailed,Noonan syndrome,nose_bridge_width,Latino/Hispanic,2.0,137.0,2.246303073537134,1.513313495047017,3.208653470377867,0.1000898821583445,0.1368470441038473,insufficient,False,True
7,detailed,Noonan syndrome,nose_bridge_width,SE Asian,2.0,137.0,2.7728350871144896,2.056650789493899,3.663741824341496,0.0634483301148719,0.0223423745475669,insufficient,False,True
7,detailed,Noonan syndrome,nose_bridge_width,South Asian,2.0,133.0,2.225649700897625,1.7350566347874397,2.8115432541749947,0.078387134096957,0.0414593698175787,insufficient,False,True
8,detailed,KBG SYNDROME; KBGS,jaw_bigonial_width,European,24.0,137.0,-1.7151135097404069,-2.254913967939051,-1.2670549040372845,1.0387822978306912e-05,7.666290020890712e-08,primary,True,True
8,detailed,KBG SYNDROME; KBGS,jaw_bigonial_width,Latino/Hispanic,3.0,137.0,-1.1780750035260756,-2.672657469157331,0.7671848241071528,0.5664015664632498,0.9005251915130059,insufficient,False,True
8,detailed,KBG SYNDROME; KBGS,jaw_bigonial_width,Middle Eastern,2.0,122.0,-2.8912616051041296,-3.3456310889414937,-2.5418416160049575,0.2117040590303381,0.4134272050361713,insufficient,False,True
9,detailed,WIEDEMANN-STEINER SYNDROME; WDSTS,inter_canthal_distance,East Asian,2.0,140.0,2.963560380020149,1.820799881414784,4.354759659597719,0.0634483301148719,0.0249725302167615,insufficient,False,True
9,detailed,WIEDEMANN-STEINER SYNDROME; WDSTS,inter_canthal_distance,European,2.0,137.0,1.7111457277995838,1.2588504219001082,2.198244000553814,0.1699021738988061,0.955441180652316,insufficient,False,True
9,detailed,WIEDEMANN-STEINER SYNDROME; WDSTS,inter_canthal_distance,Middle Eastern,3.0,122.0,1.0801511551227856,0.6008209828089076,1.5713944866058094,0.2922131298816239,0.7031284434797942,insufficient,False,True
10,detailed,Kabuki syndrome,outer_canthal_distance,East Asian,16.0,140.0,1.7577973060273944,1.2532707120764015,2.409562880308175,0.0006972363624944,2.4441865105892713e-05,moderate,True,True
10,detailed,Kabuki syndrome,outer_canthal_distance,European,13.0,137.0,1.5212706210047515,0.9918712719383084,2.1963390763124853,0.0041390146454034,0.0012218493418165,moderate,True,True
10,detailed,Kabuki syndrome,outer_canthal_distance,Middle Eastern,2.0,122.0,0.585021790428511,0.3712581283605412,0.8437987577061369,0.6630865294056664,0.8457634204738997,insufficient,False,True
11,detailed,Holoprosencephaly,mouth_opening,,,,,,,,,,,False
12,detailed,Coffin-Siris syndrome,philtrum_length,East Asian,3.0,140.0,-0.5065121162301209,-1.227826996924611,0.6226964216165295,0.6765877408685251,0.6929624376748329,insufficient,False,False
12,detailed,Coffin-Siris syndrome,philtrum_length,European,33.0,137.0,0.8078513746366839,0.3495272105817347,1.266705692721255,0.086940481059968,0.0215724462574669,primary,False,True
13,detailed,KBG SYNDROME; KBGS,jaw_to_forehead_ratio,European,24.0,137.0,-1.5493530135543956,-2.1188393787711903,-1.0484913883632192,0.0001774139737843,1.636660274763771e-06,primary,True,True
13,detailed,KBG SYNDROME; KBGS,jaw_to_forehead_ratio,Latino/Hispanic,3.0,137.0,-0.8137906220673177,-2.7830969110141837,1.1019327995176105,0.7163817665815754,0.9005251915130059,insufficient,False,True
13,detailed,KBG SYNDROME; KBGS,jaw_to_forehead_ratio,Middle Eastern,2.0,122.0,-2.6654770604326323,-3.1888579973016795,-2.22114827350641,0.215859754333441,0.4134272050361713,insufficient,False,True
14,detailed,SOTOS SYNDROME; SOTOS,forehead_width_mid,African,2.0,136.0,2.296378798568491,1.723170170567969,2.966897514995539,0.2234085574346878,0.2681151067560691,insufficient,False,True
14,detailed,SOTOS SYNDROME; SOTOS,forehead_width_mid,European,20.0,137.0,1.2187383995708378,0.7576158409257748,1.7621698985511351,0.0044701714399266,0.0002380434567092,primary,True,True
15,detailed,Kabuki syndrome,inter_canthal_distance,East Asian,16.0,140.0,1.0117375557592705,0.4638620015467106,1.575483521832553,0.0617471863478134,0.0090175086323618,moderate,False,True
15,detailed,Kabuki syndrome,inter_canthal_distance,European,13.0,137.0,1.0294090110278007,0.4353772828479378,1.6313187866761274,0.0772632289881755,0.0145794730773522,moderate,False,True
15,detailed,Kabuki syndrome,inter_canthal_distance,Middle Eastern,2.0,122.0,-0.0797994336428705,-0.8157528019853237,0.6662618706108354,0.9995468580401085,0.992086942290862,insufficient,False,False
16,detailed,Mucopolysaccharidoses,philtrum_length,African,2.0,136.0,-0.4219691323755146,-0.6313940434451334,-0.2272868494093959,0.7389294685091327,0.5913982196080007,insufficient,False,False
16,detailed,Mucopolysaccharidoses,philtrum_length,European,11.0,137.0,0.8596773653039291,0.3487193864061295,1.4770754436762734,0.2131306418305338,0.2462480479271791,moderate,False,True
16,detailed,Mucopolysaccharidoses,philtrum_length,Latino/Hispanic,3.0,137.0,1.457702147139868,0.4693381623396773,2.8703682713836876,0.3129491495189479,0.6761853943954809,insufficient,False,True
16,detailed,Mucopolysaccharidoses,philtrum_length,Middle Eastern,3.0,122.0,1.0180664843802758,0.1590601275304826,1.7944549877789842,0.3932150419850262,0.4666807831400773,insufficient,False,True
17,detailed,AU-KLINE SYNDROME; AUKS,nose_ala_height_l,East Asian,2.0,140.0,2.0859617892271847,1.4062741281436344,2.9220557737339243,0.1347248855434018,0.0936469883128558,insufficient,False,True
17,detailed,AU-KLINE SYNDROME; AUKS,nose_ala_height_l,European,8.0,137.0,1.702839330944802,1.2651976102783822,2.1760309091286993,0.0025266990149642,0.000275071862489,exploratory,True,True
18,detailed,NICOLAIDES-BARAITSER SYNDROME; NCBRS,forehead_width_mid,European,17.0,137.0,1.3165232666095028,0.7344328192226846,2.0168283293887193,0.0120183956389577,0.0007400050278758,moderate,True,True
19,detailed,NICOLAIDES-BARAITSER SYNDROME; NCBRS,jaw_to_forehead_ratio,European,17.0,137.0,-1.472566702524298,-2.068922069124067,-0.9742871829276926,0.0018411439173083,9.147928768865377e-05,moderate,True,True
20,detailed,Rubinstein-Taybi syndrome,inter_canthal_distance,African,6.0,136.0,1.664290975288065,0.9512234350942051,2.4262453511273008,0.0704886978780034,0.0318629722880273,exploratory,False,True
20,detailed,Rubinstein-Taybi syndrome,inter_canthal_distance,East Asian,5.0,140.0,1.0737706631885628,0.3768433641807335,1.9283766374635605,0.2777676859272869,0.3762675922653395,exploratory,False,True
20,detailed,Rubinstein-Taybi syndrome,inter_canthal_distance,European,4.0,137.0,-0.1250139638886677,-0.9174424504450112,0.5218125269530446,0.9504830372815334,0.9412136982252822,insufficient,False,False
20,detailed,Rubinstein-Taybi syndrome,inter_canthal_distance,Latino/Hispanic,6.0,137.0,1.86388459456356,0.8938475295395738,2.8954646553593566,0.0346111203558312,0.0420186664098467,exploratory,True,True
20,detailed,Rubinstein-Taybi syndrome,inter_canthal_distance,South Asian,2.0,133.0,1.8442441976474648,1.460935596554465,2.292791301210671,0.2004938826477307,0.2155887230514095,insufficient,False,True
21,detailed,SOTOS SYNDROME; SOTOS,face_triangularity,African,2.0,136.0,1.6287775858156606,0.8618468925046271,2.515706148056235,0.3007934071967065,0.2681151067560691,insufficient,False,True
21,detailed,SOTOS SYNDROME; SOTOS,face_triangularity,European,20.0,137.0,1.474447462018518,1.0766070620941988,1.929738816998975,0.0003862945645143,9.978088382290685e-06,primary,True,True
22,detailed,"MANNOSIDOSIS, ALPHA B, LYSOSOMAL; MANSA",eb_inter_distance,European,6.0,137.0,0.380635205860002,-0.3885565297391208,1.2392082513303015,0.7106018494256632,0.6534086421212285,exploratory,False,True
22,detailed,"MANNOSIDOSIS, ALPHA B, LYSOSOMAL; MANSA",eb_inter_distance,Middle Eastern,4.0,122.0,2.4567988936519902,0.7560753459610848,4.5970901627799865,0.1663083602093883,0.1313283730066757,insufficient,False,True
22,detailed,"MANNOSIDOSIS, ALPHA B, LYSOSOMAL; MANSA",eb_inter_distance,South Asian,2.0,133.0,3.7822293910880314,2.988925497078538,4.721606118840294,0.0267785221240335,0.0069098949695964,insufficient,True,True
23,detailed,Holoprosencephaly,chin_height,,,,,,,,,,,False
24,detailed,"MANNOSIDOSIS, ALPHA B, LYSOSOMAL; MANSA",inter_pupillary_distance,European,6.0,137.0,0.9617920476655888,0.3757199189701302,1.6907251994620438,0.1959907597318829,0.3816045408524836,exploratory,False,True
24,detailed,"MANNOSIDOSIS, ALPHA B, LYSOSOMAL; MANSA",inter_pupillary_distance,Middle Eastern,4.0,122.0,2.066404781831644,0.7394133181756284,3.510450240471978,0.1592896307413101,0.1313283730066757,insufficient,False,True
24,detailed,"MANNOSIDOSIS, ALPHA B, LYSOSOMAL; MANSA",inter_pupillary_distance,South Asian,2.0,133.0,3.0051434376460713,2.6743208284841327,3.4616368258498613,0.0267785221240335,0.0069098949695964,insufficient,True,True
25,detailed,Rubinstein-Taybi syndrome,malar_bulge_mean,African,6.0,136.0,-1.261090925675001,-1.970437938218376,-0.5998365374891073,0.1269602594278647,0.0671811852470693,exploratory,False,True
25,detailed,Rubinstein-Taybi syndrome,malar_bulge_mean,East Asian,5.0,140.0,-0.1544126427910244,-1.0385584623591,0.6684858444823991,0.889429116175107,0.8823864348277796,exploratory,False,True
25,detailed,Rubinstein-Taybi syndrome,malar_bulge_mean,European,4.0,137.0,-1.0922741487382417,-2.263556248784714,-0.2688131757729608,0.3139548888478622,0.3386563248410126,insufficient,False,True
25,detailed,Rubinstein-Taybi syndrome,malar_bulge_mean,Latino/Hispanic,6.0,137.0,-1.4396963105241565,-2.707840419265497,-0.4460685031706649,0.1699021738988061,0.0752858212084619,exploratory,False,True
25,detailed,Rubinstein-Taybi syndrome,malar_bulge_mean,South Asian,2.0,133.0,-1.0142382813201656,-1.2451557377568931,-0.8211195723291728,0.4908470607498402,0.4145936981757875,insufficient,False,True
