syndrome,anatomical_region,total_tested_comparisons,number_significant,number_significant_large,eligible_syndromes,fraction_significant,fraction_significant_large
ANGELMAN SYNDROME; AS,global face shape / proportions,6,1,1,1,0.16666666666666666,0.16666666666666666
ANGELMAN SYNDROME; AS,philtrum / mouth / lips,18,8,1,1,0.4444444444444444,0.05555555555555555
ANGELMAN SYNDROME; AS,nose,18,2,0,1,0.1111111111111111,0.0
ANGELMAN SYNDROME; AS,forehead,5,2,2,1,0.4,0.4
ANGELMAN SYNDROME; AS,ocular position / iris / gaze,16,2,0,1,0.125,0.0
ANGELMAN SYNDROME; AS,cheeks / malar region,8,1,0,1,0.125,0.0
ANGELMAN SYNDROME; AS,chin / jaw,5,0,0,1,0.0,0.0
ANGELMAN SYNDROME; AS,eyes / orbital dimensions,29,0,0,1,0.0,0.0
ANGELMAN SYNDROME; AS,eyebrows,20,0,0,1,0.0,0.0
AU-KLINE SYNDROME; AUKS,nose,18,9,8,1,0.5,0.4444444444444444
AU-KLINE SYNDROME; AUKS,global face shape / proportions,6,1,1,1,0.16666666666666666,0.16666666666666666
AU-KLINE SYNDROME; AUKS,ocular position / iris / gaze,16,7,2,1,0.4375,0.125
AU-KLINE SYNDROME; AUKS,philtrum / mouth / lips,18,10,10,1,0.5555555555555556,0.5555555555555556
AU-KLINE SYNDROME; AUKS,eyebrows,20,4,4,1,0.2,0.2
AU-KLINE SYNDROME; AUKS,chin / jaw,5,1,1,1,0.2,0.2
AU-KLINE SYNDROME; AUKS,cheeks / malar region,8,0,0,1,0.0,0.0
AU-KLINE SYNDROME; AUKS,eyes / orbital dimensions,29,0,0,1,0.0,0.0
AU-KLINE SYNDROME; AUKS,forehead,5,0,0,1,0.0,0.0
"Arthrogryposis, distal",philtrum / mouth / lips,18,1,1,1,0.05555555555555555,0.05555555555555555
"Arthrogryposis, distal",nose,18,0,0,1,0.0,0.0
"Arthrogryposis, distal",global face shape / proportions,6,0,0,1,0.0,0.0
"Arthrogryposis, distal",eyes / orbital dimensions,29,0,0,1,0.0,0.0
"Arthrogryposis, distal",cheeks / malar region,8,0,0,1,0.0,0.0
"Arthrogryposis, distal",eyebrows,20,0,0,1,0.0,0.0
"Arthrogryposis, distal",ocular position / iris / gaze,16,0,0,1,0.0,0.0
"Arthrogryposis, distal",chin / jaw,5,0,0,1,0.0,0.0
"Arthrogryposis, distal",forehead,5,0,0,1,0.0,0.0
"Autism, susceptiblity to",nose,18,3,3,1,0.16666666666666666,0.16666666666666666
"Autism, susceptiblity to",eyebrows,20,4,2,1,0.2,0.1
"Autism, susceptiblity to",global face shape / proportions,6,1,1,1,0.16666666666666666,0.16666666666666666
"Autism, susceptiblity to",eyes / orbital dimensions,29,1,1,1,0.034482758620689655,0.034482758620689655
"Autism, susceptiblity to",chin / jaw,5,0,0,1,0.0,0.0
"Autism, susceptiblity to",philtrum / mouth / lips,18,0,0,1,0.0,0.0
"Autism, susceptiblity to",forehead,5,0,0,1,0.0,0.0
"Autism, susceptiblity to",cheeks / malar region,8,0,0,1,0.0,0.0
"Autism, susceptiblity to",ocular position / iris / gaze,16,0,0,1,0.0,0.0
CEBALID SYNDROME; CEBALID,ocular position / iris / gaze,16,1,1,1,0.0625,0.0625
CEBALID SYNDROME; CEBALID,eyes / orbital dimensions,29,2,2,1,0.06896551724137931,0.06896551724137931
CEBALID SYNDROME; CEBALID,eyebrows,20,3,2,1,0.15,0.1
CEBALID SYNDROME; CEBALID,cheeks / malar region,8,2,1,1,0.25,0.125
CEBALID SYNDROME; CEBALID,nose,18,0,0,1,0.0,0.0
CEBALID SYNDROME; CEBALID,chin / jaw,5,0,0,1,0.0,0.0
CEBALID SYNDROME; CEBALID,philtrum / mouth / lips,18,0,0,1,0.0,0.0
CEBALID SYNDROME; CEBALID,global face shape / proportions,6,0,0,1,0.0,0.0
CEBALID SYNDROME; CEBALID,forehead,5,0,0,1,0.0,0.0
CLARK-BARAITSER SYNDROME; CLABARS,ocular position / iris / gaze,16,2,2,1,0.125,0.125
CLARK-BARAITSER SYNDROME; CLABARS,philtrum / mouth / lips,18,4,2,1,0.2222222222222222,0.1111111111111111
CLARK-BARAITSER SYNDROME; CLABARS,chin / jaw,5,1,1,1,0.2,0.2
CLARK-BARAITSER SYNDROME; CLABARS,nose,18,3,0,1,0.16666666666666666,0.0
CLARK-BARAITSER SYNDROME; CLABARS,forehead,5,2,2,1,0.4,0.4
CLARK-BARAITSER SYNDROME; CLABARS,eyebrows,20,0,0,1,0.0,0.0
CLARK-BARAITSER SYNDROME; CLABARS,global face shape / proportions,6,0,0,1,0.0,0.0
CLARK-BARAITSER SYNDROME; CLABARS,eyes / orbital dimensions,29,0,0,1,0.0,0.0
CLARK-BARAITSER SYNDROME; CLABARS,cheeks / malar region,8,0,0,1,0.0,0.0
"CONGENITAL HEART DEFECTS, DYSMORPHIC FACIAL FEATURES, AND INTELLECTUAL DEVELOPMENTAL DISORDER; CHDFIDD",nose,18,5,2,1,0.2777777777777778,0.1111111111111111
"CONGENITAL HEART DEFECTS, DYSMORPHIC FACIAL FEATURES, AND INTELLECTUAL DEVELOPMENTAL DISORDER; CHDFIDD",philtrum / mouth / lips,18,3,2,1,0.16666666666666666,0.1111111111111111
"CONGENITAL HEART DEFECTS, DYSMORPHIC FACIAL FEATURES, AND INTELLECTUAL DEVELOPMENTAL DISORDER; CHDFIDD",forehead,5,2,2,1,0.4,0.4
"CONGENITAL HEART DEFECTS, DYSMORPHIC FACIAL FEATURES, AND INTELLECTUAL DEVELOPMENTAL DISORDER; CHDFIDD",global face shape / proportions,6,2,2,1,0.3333333333333333,0.3333333333333333
"CONGENITAL HEART DEFECTS, DYSMORPHIC FACIAL FEATURES, AND INTELLECTUAL DEVELOPMENTAL DISORDER; CHDFIDD",ocular position / iris / gaze,16,8,1,1,0.5,0.0625
"CONGENITAL HEART DEFECTS, DYSMORPHIC FACIAL FEATURES, AND INTELLECTUAL DEVELOPMENTAL DISORDER; CHDFIDD",cheeks / malar region,8,1,1,1,0.125,0.125
"CONGENITAL HEART DEFECTS, DYSMORPHIC FACIAL FEATURES, AND INTELLECTUAL DEVELOPMENTAL DISORDER; CHDFIDD",eyebrows,20,2,2,1,0.1,0.1
"CONGENITAL HEART DEFECTS, DYSMORPHIC FACIAL FEATURES, AND INTELLECTUAL DEVELOPMENTAL DISORDER; CHDFIDD",chin / jaw,5,1,1,1,0.2,0.2
"CONGENITAL HEART DEFECTS, DYSMORPHIC FACIAL FEATURES, AND INTELLECTUAL DEVELOPMENTAL DISORDER; CHDFIDD",eyes / orbital dimensions,29,2,0,1,0.06896551724137931,0.0
COSTELLO SYNDROME; CSTLO,forehead,5,2,2,1,0.4,0.4
COSTELLO SYNDROME; CSTLO,nose,18,4,1,1,0.2222222222222222,0.05555555555555555
COSTELLO SYNDROME; CSTLO,eyebrows,20,5,1,1,0.25,0.05
COSTELLO SYNDROME; CSTLO,chin / jaw,5,1,1,1,0.2,0.2
COSTELLO SYNDROME; CSTLO,philtrum / mouth / lips,18,1,1,1,0.05555555555555555,0.05555555555555555
COSTELLO SYNDROME; CSTLO,global face shape / proportions,6,2,2,1,0.3333333333333333,0.3333333333333333
COSTELLO SYNDROME; CSTLO,cheeks / malar region,8,2,0,1,0.25,0.0
COSTELLO SYNDROME; CSTLO,eyes / orbital dimensions,29,0,0,1,0.0,0.0
COSTELLO SYNDROME; CSTLO,ocular position / iris / gaze,16,0,0,1,0.0,0.0
Coffin-Siris syndrome,ocular position / iris / gaze,16,5,2,1,0.3125,0.125
Coffin-Siris syndrome,chin / jaw,5,2,0,1,0.4,0.0
Coffin-Siris syndrome,philtrum / mouth / lips,18,2,1,1,0.1111111111111111,0.05555555555555555
Coffin-Siris syndrome,forehead,5,3,0,1,0.6,0.0
Coffin-Siris syndrome,nose,18,3,0,1,0.16666666666666666,0.0
Coffin-Siris syndrome,global face shape / proportions,6,1,0,1,0.16666666666666666,0.0
Coffin-Siris syndrome,eyebrows,20,2,0,1,0.1,0.0
Coffin-Siris syndrome,eyes / orbital dimensions,29,0,0,1,0.0,0.0
Coffin-Siris syndrome,cheeks / malar region,8,0,0,1,0.0,0.0
Cornelia de Lange syndrome,philtrum / mouth / lips,18,5,2,1,0.2777777777777778,0.1111111111111111
Cornelia de Lange syndrome,chin / jaw,5,3,0,1,0.6,0.0
Cornelia de Lange syndrome,nose,18,13,0,1,0.7222222222222222,0.0
Cornelia de Lange syndrome,ocular position / iris / gaze,16,10,0,1,0.625,0.0
Cornelia de Lange syndrome,eyebrows,20,8,0,1,0.4,0.0
Cornelia de Lange syndrome,forehead,5,2,0,1,0.4,0.0
Cornelia de Lange syndrome,global face shape / proportions,6,2,0,1,0.3333333333333333,0.0
Cornelia de Lange syndrome,cheeks / malar region,8,1,0,1,0.125,0.0
Cornelia de Lange syndrome,eyes / orbital dimensions,29,3,0,1,0.10344827586206896,0.0
FBXW7,forehead,5,3,3,1,0.6,0.6
FBXW7,nose,18,2,2,1,0.1111111111111111,0.1111111111111111
FBXW7,ocular position / iris / gaze,16,3,2,1,0.1875,0.125
FBXW7,global face shape / proportions,6,1,1,1,0.16666666666666666,0.16666666666666666
FBXW7,philtrum / mouth / lips,18,1,1,1,0.05555555555555555,0.05555555555555555
FBXW7,eyes / orbital dimensions,29,2,1,1,0.06896551724137931,0.034482758620689655
FBXW7,eyebrows,20,1,0,1,0.05,0.0
FBXW7,chin / jaw,5,2,2,1,0.4,0.4
FBXW7,cheeks / malar region,8,0,0,1,0.0,0.0
FLOATING-HARBOR SYNDROME; FLHS,philtrum / mouth / lips,18,3,1,1,0.16666666666666666,0.05555555555555555
FLOATING-HARBOR SYNDROME; FLHS,chin / jaw,5,1,1,1,0.2,0.2
FLOATING-HARBOR SYNDROME; FLHS,ocular position / iris / gaze,16,1,0,1,0.0625,0.0
FLOATING-HARBOR SYNDROME; FLHS,global face shape / proportions,6,1,1,1,0.16666666666666666,0.16666666666666666
FLOATING-HARBOR SYNDROME; FLHS,eyes / orbital dimensions,29,1,0,1,0.034482758620689655,0.0
FLOATING-HARBOR SYNDROME; FLHS,nose,18,0,0,1,0.0,0.0
FLOATING-HARBOR SYNDROME; FLHS,forehead,5,0,0,1,0.0,0.0
FLOATING-HARBOR SYNDROME; FLHS,eyebrows,20,0,0,1,0.0,0.0
FLOATING-HARBOR SYNDROME; FLHS,cheeks / malar region,8,0,0,1,0.0,0.0
HELSMOORTEL-VAN DER AA SYNDROME; HVDAS,philtrum / mouth / lips,18,1,1,1,0.05555555555555555,0.05555555555555555
HELSMOORTEL-VAN DER AA SYNDROME; HVDAS,forehead,5,0,0,1,0.0,0.0
HELSMOORTEL-VAN DER AA SYNDROME; HVDAS,eyebrows,20,0,0,1,0.0,0.0
HELSMOORTEL-VAN DER AA SYNDROME; HVDAS,ocular position / iris / gaze,16,0,0,1,0.0,0.0
HELSMOORTEL-VAN DER AA SYNDROME; HVDAS,nose,18,0,0,1,0.0,0.0
HELSMOORTEL-VAN DER AA SYNDROME; HVDAS,eyes / orbital dimensions,29,0,0,1,0.0,0.0
HELSMOORTEL-VAN DER AA SYNDROME; HVDAS,chin / jaw,5,0,0,1,0.0,0.0
HELSMOORTEL-VAN DER AA SYNDROME; HVDAS,global face shape / proportions,6,0,0,1,0.0,0.0
HELSMOORTEL-VAN DER AA SYNDROME; HVDAS,cheeks / malar region,8,0,0,1,0.0,0.0
Holoprosencephaly,ocular position / iris / gaze,16,2,2,1,0.125,0.125
Holoprosencephaly,chin / jaw,5,1,1,1,0.2,0.2
Holoprosencephaly,philtrum / mouth / lips,18,2,1,1,0.1111111111111111,0.05555555555555555
Holoprosencephaly,nose,18,3,3,1,0.16666666666666666,0.16666666666666666
Holoprosencephaly,global face shape / proportions,6,2,2,1,0.3333333333333333,0.3333333333333333
Holoprosencephaly,eyebrows,20,2,2,1,0.1,0.1
Holoprosencephaly,forehead,5,1,1,1,0.2,0.2
Holoprosencephaly,eyes / orbital dimensions,29,0,0,1,0.0,0.0
Holoprosencephaly,cheeks / malar region,8,0,0,1,0.0,0.0
Hutchinson-Gilford progeria,forehead,5,2,2,1,0.4,0.4
Hutchinson-Gilford progeria,eyes / orbital dimensions,29,16,15,1,0.5517241379310345,0.5172413793103449
Hutchinson-Gilford progeria,chin / jaw,5,2,2,1,0.4,0.4
Hutchinson-Gilford progeria,global face shape / proportions,6,1,1,1,0.16666666666666666,0.16666666666666666
Hutchinson-Gilford progeria,nose,18,4,2,1,0.2222222222222222,0.1111111111111111
Hutchinson-Gilford progeria,ocular position / iris / gaze,16,3,0,1,0.1875,0.0
Hutchinson-Gilford progeria,eyebrows,20,1,1,1,0.05,0.05
Hutchinson-Gilford progeria,philtrum / mouth / lips,18,1,0,1,0.05555555555555555,0.0
Hutchinson-Gilford progeria,cheeks / malar region,8,0,0,1,0.0,0.0
Hyperphosphatasia with mental retardation syndrome,nose,18,6,1,1,0.3333333333333333,0.05555555555555555
Hyperphosphatasia with mental retardation syndrome,philtrum / mouth / lips,18,8,0,1,0.4444444444444444,0.0
Hyperphosphatasia with mental retardation syndrome,eyes / orbital dimensions,29,13,0,1,0.4482758620689655,0.0
Hyperphosphatasia with mental retardation syndrome,forehead,5,2,0,1,0.4,0.0
Hyperphosphatasia with mental retardation syndrome,eyebrows,20,2,0,1,0.1,0.0
Hyperphosphatasia with mental retardation syndrome,chin / jaw,5,1,0,1,0.2,0.0
Hyperphosphatasia with mental retardation syndrome,global face shape / proportions,6,1,0,1,0.16666666666666666,0.0
Hyperphosphatasia with mental retardation syndrome,cheeks / malar region,8,0,0,1,0.0,0.0
Hyperphosphatasia with mental retardation syndrome,ocular position / iris / gaze,16,0,0,1,0.0,0.0
INTELLECTUAL DEVELOPMENTAL DISORDER WITH DYSMORPHIC FACIES AND BEHAVIORAL ABNORMALITIES; IDDFBA,philtrum / mouth / lips,18,1,1,1,0.05555555555555555,0.05555555555555555
INTELLECTUAL DEVELOPMENTAL DISORDER WITH DYSMORPHIC FACIES AND BEHAVIORAL ABNORMALITIES; IDDFBA,forehead,5,2,2,1,0.4,0.4
INTELLECTUAL DEVELOPMENTAL DISORDER WITH DYSMORPHIC FACIES AND BEHAVIORAL ABNORMALITIES; IDDFBA,ocular position / iris / gaze,16,2,1,1,0.125,0.0625
INTELLECTUAL DEVELOPMENTAL DISORDER WITH DYSMORPHIC FACIES AND BEHAVIORAL ABNORMALITIES; IDDFBA,global face shape / proportions,6,0,0,1,0.0,0.0
INTELLECTUAL DEVELOPMENTAL DISORDER WITH DYSMORPHIC FACIES AND BEHAVIORAL ABNORMALITIES; IDDFBA,eyebrows,20,0,0,1,0.0,0.0
INTELLECTUAL DEVELOPMENTAL DISORDER WITH DYSMORPHIC FACIES AND BEHAVIORAL ABNORMALITIES; IDDFBA,chin / jaw,5,0,0,1,0.0,0.0
INTELLECTUAL DEVELOPMENTAL DISORDER WITH DYSMORPHIC FACIES AND BEHAVIORAL ABNORMALITIES; IDDFBA,nose,18,0,0,1,0.0,0.0
INTELLECTUAL DEVELOPMENTAL DISORDER WITH DYSMORPHIC FACIES AND BEHAVIORAL ABNORMALITIES; IDDFBA,eyes / orbital dimensions,29,0,0,1,0.0,0.0
INTELLECTUAL DEVELOPMENTAL DISORDER WITH DYSMORPHIC FACIES AND BEHAVIORAL ABNORMALITIES; IDDFBA,cheeks / malar region,8,0,0,1,0.0,0.0
INTELLECTUAL DEVELOPMENTAL DISORDER WITH PERSISTENCE OF FETAL HEMOGLOBIN,ocular position / iris / gaze,16,1,1,1,0.0625,0.0625
INTELLECTUAL DEVELOPMENTAL DISORDER WITH PERSISTENCE OF FETAL HEMOGLOBIN,forehead,5,2,2,1,0.4,0.4
INTELLECTUAL DEVELOPMENTAL DISORDER WITH PERSISTENCE OF FETAL HEMOGLOBIN,philtrum / mouth / lips,18,1,1,1,0.05555555555555555,0.05555555555555555
INTELLECTUAL DEVELOPMENTAL DISORDER WITH PERSISTENCE OF FETAL HEMOGLOBIN,cheeks / malar region,8,1,0,1,0.125,0.0
INTELLECTUAL DEVELOPMENTAL DISORDER WITH PERSISTENCE OF FETAL HEMOGLOBIN,chin / jaw,5,1,1,1,0.2,0.2
INTELLECTUAL DEVELOPMENTAL DISORDER WITH PERSISTENCE OF FETAL HEMOGLOBIN,eyes / orbital dimensions,29,1,0,1,0.034482758620689655,0.0
INTELLECTUAL DEVELOPMENTAL DISORDER WITH PERSISTENCE OF FETAL HEMOGLOBIN,global face shape / proportions,6,0,0,1,0.0,0.0
INTELLECTUAL DEVELOPMENTAL DISORDER WITH PERSISTENCE OF FETAL HEMOGLOBIN,nose,18,0,0,1,0.0,0.0
INTELLECTUAL DEVELOPMENTAL DISORDER WITH PERSISTENCE OF FETAL HEMOGLOBIN,eyebrows,20,0,0,1,0.0,0.0
"INTELLECTUAL DEVELOPMENTAL DISORDER, AUTOSOMAL DOMINANT 21; MRD21",philtrum / mouth / lips,18,2,1,1,0.1111111111111111,0.05555555555555555
"INTELLECTUAL DEVELOPMENTAL DISORDER, AUTOSOMAL DOMINANT 21; MRD21",ocular position / iris / gaze,16,1,0,1,0.0625,0.0
"INTELLECTUAL DEVELOPMENTAL DISORDER, AUTOSOMAL DOMINANT 21; MRD21",chin / jaw,5,0,0,1,0.0,0.0
"INTELLECTUAL DEVELOPMENTAL DISORDER, AUTOSOMAL DOMINANT 21; MRD21",cheeks / malar region,8,0,0,1,0.0,0.0
"INTELLECTUAL DEVELOPMENTAL DISORDER, AUTOSOMAL DOMINANT 21; MRD21",forehead,5,0,0,1,0.0,0.0
"INTELLECTUAL DEVELOPMENTAL DISORDER, AUTOSOMAL DOMINANT 21; MRD21",eyebrows,20,0,0,1,0.0,0.0
"INTELLECTUAL DEVELOPMENTAL DISORDER, AUTOSOMAL DOMINANT 21; MRD21",eyes / orbital dimensions,29,0,0,1,0.0,0.0
"INTELLECTUAL DEVELOPMENTAL DISORDER, AUTOSOMAL DOMINANT 21; MRD21",nose,18,0,0,1,0.0,0.0
"INTELLECTUAL DEVELOPMENTAL DISORDER, AUTOSOMAL DOMINANT 21; MRD21",global face shape / proportions,6,0,0,1,0.0,0.0
"INTELLECTUAL DEVELOPMENTAL DISORDER, AUTOSOMAL DOMINANT 50, WITH BEHAVIORAL ABNORMALITIES; MRD50",forehead,5,2,2,1,0.4,0.4
"INTELLECTUAL DEVELOPMENTAL DISORDER, AUTOSOMAL DOMINANT 50, WITH BEHAVIORAL ABNORMALITIES; MRD50",eyebrows,20,5,3,1,0.25,0.15
"INTELLECTUAL DEVELOPMENTAL DISORDER, AUTOSOMAL DOMINANT 50, WITH BEHAVIORAL ABNORMALITIES; MRD50",philtrum / mouth / lips,18,1,1,1,0.05555555555555555,0.05555555555555555
"INTELLECTUAL DEVELOPMENTAL DISORDER, AUTOSOMAL DOMINANT 50, WITH BEHAVIORAL ABNORMALITIES; MRD50",chin / jaw,5,1,0,1,0.2,0.0
"INTELLECTUAL DEVELOPMENTAL DISORDER, AUTOSOMAL DOMINANT 50, WITH BEHAVIORAL ABNORMALITIES; MRD50",global face shape / proportions,6,0,0,1,0.0,0.0
"INTELLECTUAL DEVELOPMENTAL DISORDER, AUTOSOMAL DOMINANT 50, WITH BEHAVIORAL ABNORMALITIES; MRD50",ocular position / iris / gaze,16,0,0,1,0.0,0.0
"INTELLECTUAL DEVELOPMENTAL DISORDER, AUTOSOMAL DOMINANT 50, WITH BEHAVIORAL ABNORMALITIES; MRD50",eyes / orbital dimensions,29,0,0,1,0.0,0.0
"INTELLECTUAL DEVELOPMENTAL DISORDER, AUTOSOMAL DOMINANT 50, WITH BEHAVIORAL ABNORMALITIES; MRD50",cheeks / malar region,8,0,0,1,0.0,0.0
"INTELLECTUAL DEVELOPMENTAL DISORDER, AUTOSOMAL DOMINANT 50, WITH BEHAVIORAL ABNORMALITIES; MRD50",nose,18,0,0,1,0.0,0.0
"INTELLECTUAL DEVELOPMENTAL DISORDER, AUTOSOMAL DOMINANT 5; MRD5",global face shape / proportions,6,2,1,1,0.3333333333333333,0.16666666666666666
"INTELLECTUAL DEVELOPMENTAL DISORDER, AUTOSOMAL DOMINANT 5; MRD5",forehead,5,4,4,1,0.8,0.8
"INTELLECTUAL DEVELOPMENTAL DISORDER, AUTOSOMAL DOMINANT 5; MRD5",nose,18,3,1,1,0.16666666666666666,0.05555555555555555
"INTELLECTUAL DEVELOPMENTAL DISORDER, AUTOSOMAL DOMINANT 5; MRD5",ocular position / iris / gaze,16,6,2,1,0.375,0.125
"INTELLECTUAL DEVELOPMENTAL DISORDER, AUTOSOMAL DOMINANT 5; MRD5",chin / jaw,5,3,3,1,0.6,0.6
"INTELLECTUAL DEVELOPMENTAL DISORDER, AUTOSOMAL DOMINANT 5; MRD5",eyes / orbital dimensions,29,1,0,1,0.034482758620689655,0.0
"INTELLECTUAL DEVELOPMENTAL DISORDER, AUTOSOMAL DOMINANT 5; MRD5",philtrum / mouth / lips,18,1,1,1,0.05555555555555555,0.05555555555555555
"INTELLECTUAL DEVELOPMENTAL DISORDER, AUTOSOMAL DOMINANT 5; MRD5",eyebrows,20,1,0,1,0.05,0.0
"INTELLECTUAL DEVELOPMENTAL DISORDER, AUTOSOMAL DOMINANT 5; MRD5",cheeks / malar region,8,1,0,1,0.125,0.0
"INTELLECTUAL DEVELOPMENTAL DISORDER, X-LINKED, SYNDROMIC, SNIJDERS BLOK TYPE; MRXSSB",philtrum / mouth / lips,18,3,3,1,0.16666666666666666,0.16666666666666666
"INTELLECTUAL DEVELOPMENTAL DISORDER, X-LINKED, SYNDROMIC, SNIJDERS BLOK TYPE; MRXSSB",ocular position / iris / gaze,16,2,2,1,0.125,0.125
"INTELLECTUAL DEVELOPMENTAL DISORDER, X-LINKED, SYNDROMIC, SNIJDERS BLOK TYPE; MRXSSB",global face shape / proportions,6,1,1,1,0.16666666666666666,0.16666666666666666
"INTELLECTUAL DEVELOPMENTAL DISORDER, X-LINKED, SYNDROMIC, SNIJDERS BLOK TYPE; MRXSSB",nose,18,1,1,1,0.05555555555555555,0.05555555555555555
"INTELLECTUAL DEVELOPMENTAL DISORDER, X-LINKED, SYNDROMIC, SNIJDERS BLOK TYPE; MRXSSB",chin / jaw,5,3,2,1,0.6,0.4
"INTELLECTUAL DEVELOPMENTAL DISORDER, X-LINKED, SYNDROMIC, SNIJDERS BLOK TYPE; MRXSSB",eyebrows,20,3,1,1,0.15,0.05
"INTELLECTUAL DEVELOPMENTAL DISORDER, X-LINKED, SYNDROMIC, SNIJDERS BLOK TYPE; MRXSSB",forehead,5,2,2,1,0.4,0.4
"INTELLECTUAL DEVELOPMENTAL DISORDER, X-LINKED, SYNDROMIC, SNIJDERS BLOK TYPE; MRXSSB",eyes / orbital dimensions,29,1,1,1,0.034482758620689655,0.034482758620689655
"INTELLECTUAL DEVELOPMENTAL DISORDER, X-LINKED, SYNDROMIC, SNIJDERS BLOK TYPE; MRXSSB",cheeks / malar region,8,0,0,1,0.0,0.0
Joubert syndrome,chin / jaw,5,0,0,1,0.0,0.0
Joubert syndrome,eyes / orbital dimensions,29,0,0,1,0.0,0.0
Joubert syndrome,ocular position / iris / gaze,16,0,0,1,0.0,0.0
Joubert syndrome,nose,18,0,0,1,0.0,0.0
Joubert syndrome,eyebrows,20,0,0,1,0.0,0.0
Joubert syndrome,philtrum / mouth / lips,18,0,0,1,0.0,0.0
Joubert syndrome,forehead,5,0,0,1,0.0,0.0
Joubert syndrome,global face shape / proportions,6,0,0,1,0.0,0.0
Joubert syndrome,cheeks / malar region,8,0,0,1,0.0,0.0
KBG SYNDROME; KBGS,chin / jaw,5,4,2,1,0.8,0.4
KBG SYNDROME; KBGS,forehead,5,2,2,1,0.4,0.4
KBG SYNDROME; KBGS,philtrum / mouth / lips,18,2,2,1,0.1111111111111111,0.1111111111111111
KBG SYNDROME; KBGS,global face shape / proportions,6,2,1,1,0.3333333333333333,0.16666666666666666
KBG SYNDROME; KBGS,ocular position / iris / gaze,16,4,0,1,0.25,0.0
KBG SYNDROME; KBGS,eyebrows,20,4,0,1,0.2,0.0
KBG SYNDROME; KBGS,cheeks / malar region,8,2,0,1,0.25,0.0
KBG SYNDROME; KBGS,eyes / orbital dimensions,29,3,0,1,0.10344827586206896,0.0
KBG SYNDROME; KBGS,nose,18,4,0,1,0.2222222222222222,0.0
Kabuki syndrome,eyes / orbital dimensions,29,5,2,1,0.1724137931034483,0.06896551724137931
Kabuki syndrome,chin / jaw,5,4,3,1,0.8,0.6
Kabuki syndrome,global face shape / proportions,6,2,1,1,0.3333333333333333,0.16666666666666666
Kabuki syndrome,eyebrows,20,5,0,1,0.25,0.0
Kabuki syndrome,ocular position / iris / gaze,16,3,0,1,0.1875,0.0
Kabuki syndrome,philtrum / mouth / lips,18,1,0,1,0.05555555555555555,0.0
Kabuki syndrome,forehead,5,2,0,1,0.4,0.0
Kabuki syndrome,cheeks / malar region,8,2,0,1,0.25,0.0
Kabuki syndrome,nose,18,3,0,1,0.16666666666666666,0.0
Kleefstra syndrome,chin / jaw,5,1,1,1,0.2,0.2
Kleefstra syndrome,philtrum / mouth / lips,18,2,1,1,0.1111111111111111,0.05555555555555555
Kleefstra syndrome,global face shape / proportions,6,1,1,1,0.16666666666666666,0.16666666666666666
Kleefstra syndrome,forehead,5,2,2,1,0.4,0.4
Kleefstra syndrome,nose,18,1,1,1,0.05555555555555555,0.05555555555555555
Kleefstra syndrome,eyebrows,20,0,0,1,0.0,0.0
Kleefstra syndrome,eyes / orbital dimensions,29,0,0,1,0.0,0.0
Kleefstra syndrome,ocular position / iris / gaze,16,0,0,1,0.0,0.0
Kleefstra syndrome,cheeks / malar region,8,0,0,1,0.0,0.0
"MANNOSIDOSIS, ALPHA B, LYSOSOMAL; MANSA",ocular position / iris / gaze,16,1,1,1,0.0625,0.0625
"MANNOSIDOSIS, ALPHA B, LYSOSOMAL; MANSA",eyes / orbital dimensions,29,4,4,1,0.13793103448275862,0.13793103448275862
"MANNOSIDOSIS, ALPHA B, LYSOSOMAL; MANSA",eyebrows,20,2,2,1,0.1,0.1
"MANNOSIDOSIS, ALPHA B, LYSOSOMAL; MANSA",global face shape / proportions,6,1,1,1,0.16666666666666666,0.16666666666666666
"MANNOSIDOSIS, ALPHA B, LYSOSOMAL; MANSA",nose,18,4,3,1,0.2222222222222222,0.16666666666666666
"MANNOSIDOSIS, ALPHA B, LYSOSOMAL; MANSA",forehead,5,2,2,1,0.4,0.4
"MANNOSIDOSIS, ALPHA B, LYSOSOMAL; MANSA",philtrum / mouth / lips,18,3,1,1,0.16666666666666666,0.05555555555555555
"MANNOSIDOSIS, ALPHA B, LYSOSOMAL; MANSA",cheeks / malar region,8,1,0,1,0.125,0.0
"MANNOSIDOSIS, ALPHA B, LYSOSOMAL; MANSA",chin / jaw,5,0,0,1,0.0,0.0
MOWAT-WILSON SYNDROME; MOWS,eyes / orbital dimensions,29,5,5,1,0.1724137931034483,0.1724137931034483
MOWAT-WILSON SYNDROME; MOWS,cheeks / malar region,8,1,1,1,0.125,0.125
MOWAT-WILSON SYNDROME; MOWS,nose,18,3,3,1,0.16666666666666666,0.16666666666666666
MOWAT-WILSON SYNDROME; MOWS,ocular position / iris / gaze,16,2,1,1,0.125,0.0625
MOWAT-WILSON SYNDROME; MOWS,forehead,5,2,2,1,0.4,0.4
MOWAT-WILSON SYNDROME; MOWS,eyebrows,20,3,1,1,0.15,0.05
MOWAT-WILSON SYNDROME; MOWS,global face shape / proportions,6,2,1,1,0.3333333333333333,0.16666666666666666
MOWAT-WILSON SYNDROME; MOWS,philtrum / mouth / lips,18,0,0,1,0.0,0.0
MOWAT-WILSON SYNDROME; MOWS,chin / jaw,5,0,0,1,0.0,0.0
Meier-Gorlin syndrome,chin / jaw,5,1,1,1,0.2,0.2
Meier-Gorlin syndrome,forehead,5,2,2,1,0.4,0.4
Meier-Gorlin syndrome,ocular position / iris / gaze,16,2,1,1,0.125,0.0625
Meier-Gorlin syndrome,global face shape / proportions,6,1,1,1,0.16666666666666666,0.16666666666666666
Meier-Gorlin syndrome,philtrum / mouth / lips,18,1,1,1,0.05555555555555555,0.05555555555555555
Meier-Gorlin syndrome,eyes / orbital dimensions,29,0,0,1,0.0,0.0
Meier-Gorlin syndrome,nose,18,0,0,1,0.0,0.0
Meier-Gorlin syndrome,eyebrows,20,0,0,1,0.0,0.0
Meier-Gorlin syndrome,cheeks / malar region,8,0,0,1,0.0,0.0
Menke-Hennekam syndrome,philtrum / mouth / lips,18,1,1,1,0.05555555555555555,0.05555555555555555
Menke-Hennekam syndrome,nose,18,2,2,1,0.1111111111111111,0.1111111111111111
Menke-Hennekam syndrome,eyes / orbital dimensions,29,0,0,1,0.0,0.0
Menke-Hennekam syndrome,global face shape / proportions,6,0,0,1,0.0,0.0
Menke-Hennekam syndrome,chin / jaw,5,0,0,1,0.0,0.0
Menke-Hennekam syndrome,eyebrows,20,0,0,1,0.0,0.0
Menke-Hennekam syndrome,forehead,5,0,0,1,0.0,0.0
Menke-Hennekam syndrome,ocular position / iris / gaze,16,0,0,1,0.0,0.0
Menke-Hennekam syndrome,cheeks / malar region,8,0,0,1,0.0,0.0
Mucopolysaccharidoses,chin / jaw,5,2,1,1,0.4,0.2
Mucopolysaccharidoses,philtrum / mouth / lips,18,2,1,1,0.1111111111111111,0.05555555555555555
Mucopolysaccharidoses,nose,18,7,2,1,0.3888888888888889,0.1111111111111111
Mucopolysaccharidoses,global face shape / proportions,6,1,0,1,0.16666666666666666,0.0
Mucopolysaccharidoses,eyebrows,20,4,0,1,0.2,0.0
Mucopolysaccharidoses,eyes / orbital dimensions,29,3,0,1,0.10344827586206896,0.0
Mucopolysaccharidoses,cheeks / malar region,8,0,0,1,0.0,0.0
Mucopolysaccharidoses,ocular position / iris / gaze,16,0,0,1,0.0,0.0
Mucopolysaccharidoses,forehead,5,0,0,1,0.0,0.0
Multiple congenital anomalies-hypotonia-seizures syndrome,nose,18,5,5,1,0.2777777777777778,0.2777777777777778
Multiple congenital anomalies-hypotonia-seizures syndrome,philtrum / mouth / lips,18,1,1,1,0.05555555555555555,0.05555555555555555
Multiple congenital anomalies-hypotonia-seizures syndrome,eyebrows,20,0,0,1,0.0,0.0
Multiple congenital anomalies-hypotonia-seizures syndrome,ocular position / iris / gaze,16,0,0,1,0.0,0.0
Multiple congenital anomalies-hypotonia-seizures syndrome,chin / jaw,5,0,0,1,0.0,0.0
Multiple congenital anomalies-hypotonia-seizures syndrome,global face shape / proportions,6,0,0,1,0.0,0.0
Multiple congenital anomalies-hypotonia-seizures syndrome,eyes / orbital dimensions,29,0,0,1,0.0,0.0
Multiple congenital anomalies-hypotonia-seizures syndrome,cheeks / malar region,8,0,0,1,0.0,0.0
Multiple congenital anomalies-hypotonia-seizures syndrome,forehead,5,0,0,1,0.0,0.0
"NEURODEVELOPMENTAL DISORDER WITH NEONATAL RESPIRATORY INSUFFICIENCY, HYPOTONIA, AND FEEDING DIFFICULTIES; NEDRIHF",eyes / orbital dimensions,29,1,0,1,0.034482758620689655,0.0
"NEURODEVELOPMENTAL DISORDER WITH NEONATAL RESPIRATORY INSUFFICIENCY, HYPOTONIA, AND FEEDING DIFFICULTIES; NEDRIHF",ocular position / iris / gaze,16,2,0,1,0.125,0.0
"NEURODEVELOPMENTAL DISORDER WITH NEONATAL RESPIRATORY INSUFFICIENCY, HYPOTONIA, AND FEEDING DIFFICULTIES; NEDRIHF",philtrum / mouth / lips,18,0,0,1,0.0,0.0
"NEURODEVELOPMENTAL DISORDER WITH NEONATAL RESPIRATORY INSUFFICIENCY, HYPOTONIA, AND FEEDING DIFFICULTIES; NEDRIHF",eyebrows,20,1,0,1,0.05,0.0
"NEURODEVELOPMENTAL DISORDER WITH NEONATAL RESPIRATORY INSUFFICIENCY, HYPOTONIA, AND FEEDING DIFFICULTIES; NEDRIHF",chin / jaw,5,0,0,1,0.0,0.0
"NEURODEVELOPMENTAL DISORDER WITH NEONATAL RESPIRATORY INSUFFICIENCY, HYPOTONIA, AND FEEDING DIFFICULTIES; NEDRIHF",forehead,5,0,0,1,0.0,0.0
"NEURODEVELOPMENTAL DISORDER WITH NEONATAL RESPIRATORY INSUFFICIENCY, HYPOTONIA, AND FEEDING DIFFICULTIES; NEDRIHF",global face shape / proportions,6,0,0,1,0.0,0.0
"NEURODEVELOPMENTAL DISORDER WITH NEONATAL RESPIRATORY INSUFFICIENCY, HYPOTONIA, AND FEEDING DIFFICULTIES; NEDRIHF",nose,18,0,0,1,0.0,0.0
"NEURODEVELOPMENTAL DISORDER WITH NEONATAL RESPIRATORY INSUFFICIENCY, HYPOTONIA, AND FEEDING DIFFICULTIES; NEDRIHF",cheeks / malar region,8,0,0,1,0.0,0.0
NEURODEVELOPMENTAL DISORDER WITH SEVERE MOTOR IMPAIRMENT AND ABSENT LANGUAGE; NEDMIAL,chin / jaw,5,4,4,1,0.8,0.8
NEURODEVELOPMENTAL DISORDER WITH SEVERE MOTOR IMPAIRMENT AND ABSENT LANGUAGE; NEDMIAL,global face shape / proportions,6,1,1,1,0.16666666666666666,0.16666666666666666
NEURODEVELOPMENTAL DISORDER WITH SEVERE MOTOR IMPAIRMENT AND ABSENT LANGUAGE; NEDMIAL,forehead,5,4,4,1,0.8,0.8
NEURODEVELOPMENTAL DISORDER WITH SEVERE MOTOR IMPAIRMENT AND ABSENT LANGUAGE; NEDMIAL,eyes / orbital dimensions,29,15,10,1,0.5172413793103449,0.3448275862068966
NEURODEVELOPMENTAL DISORDER WITH SEVERE MOTOR IMPAIRMENT AND ABSENT LANGUAGE; NEDMIAL,ocular position / iris / gaze,16,2,2,1,0.125,0.125
NEURODEVELOPMENTAL DISORDER WITH SEVERE MOTOR IMPAIRMENT AND ABSENT LANGUAGE; NEDMIAL,eyebrows,20,3,3,1,0.15,0.15
NEURODEVELOPMENTAL DISORDER WITH SEVERE MOTOR IMPAIRMENT AND ABSENT LANGUAGE; NEDMIAL,cheeks / malar region,8,0,0,1,0.0,0.0
NEURODEVELOPMENTAL DISORDER WITH SEVERE MOTOR IMPAIRMENT AND ABSENT LANGUAGE; NEDMIAL,philtrum / mouth / lips,18,0,0,1,0.0,0.0
NEURODEVELOPMENTAL DISORDER WITH SEVERE MOTOR IMPAIRMENT AND ABSENT LANGUAGE; NEDMIAL,nose,18,0,0,1,0.0,0.0
NEURODEVELOPMENTAL DISORDER WITH SPASTIC DIPLEGIA AND VISUAL DEFECTS; NEDSDV,philtrum / mouth / lips,18,1,1,1,0.05555555555555555,0.05555555555555555
NEURODEVELOPMENTAL DISORDER WITH SPASTIC DIPLEGIA AND VISUAL DEFECTS; NEDSDV,eyebrows,20,2,2,1,0.1,0.1
NEURODEVELOPMENTAL DISORDER WITH SPASTIC DIPLEGIA AND VISUAL DEFECTS; NEDSDV,ocular position / iris / gaze,16,0,0,1,0.0,0.0
NEURODEVELOPMENTAL DISORDER WITH SPASTIC DIPLEGIA AND VISUAL DEFECTS; NEDSDV,global face shape / proportions,6,0,0,1,0.0,0.0
NEURODEVELOPMENTAL DISORDER WITH SPASTIC DIPLEGIA AND VISUAL DEFECTS; NEDSDV,eyes / orbital dimensions,29,0,0,1,0.0,0.0
NEURODEVELOPMENTAL DISORDER WITH SPASTIC DIPLEGIA AND VISUAL DEFECTS; NEDSDV,nose,18,0,0,1,0.0,0.0
NEURODEVELOPMENTAL DISORDER WITH SPASTIC DIPLEGIA AND VISUAL DEFECTS; NEDSDV,chin / jaw,5,0,0,1,0.0,0.0
NEURODEVELOPMENTAL DISORDER WITH SPASTIC DIPLEGIA AND VISUAL DEFECTS; NEDSDV,forehead,5,0,0,1,0.0,0.0
NEURODEVELOPMENTAL DISORDER WITH SPASTIC DIPLEGIA AND VISUAL DEFECTS; NEDSDV,cheeks / malar region,8,0,0,1,0.0,0.0
NICOLAIDES-BARAITSER SYNDROME; NCBRS,chin / jaw,5,4,3,1,0.8,0.6
NICOLAIDES-BARAITSER SYNDROME; NCBRS,forehead,5,2,2,1,0.4,0.4
NICOLAIDES-BARAITSER SYNDROME; NCBRS,philtrum / mouth / lips,18,4,3,1,0.2222222222222222,0.16666666666666666
NICOLAIDES-BARAITSER SYNDROME; NCBRS,global face shape / proportions,6,2,1,1,0.3333333333333333,0.16666666666666666
NICOLAIDES-BARAITSER SYNDROME; NCBRS,ocular position / iris / gaze,16,4,1,1,0.25,0.0625
NICOLAIDES-BARAITSER SYNDROME; NCBRS,nose,18,4,1,1,0.2222222222222222,0.05555555555555555
NICOLAIDES-BARAITSER SYNDROME; NCBRS,cheeks / malar region,8,2,1,1,0.25,0.125
NICOLAIDES-BARAITSER SYNDROME; NCBRS,eyebrows,20,4,2,1,0.2,0.1
NICOLAIDES-BARAITSER SYNDROME; NCBRS,eyes / orbital dimensions,29,2,0,1,0.06896551724137931,0.0
NIJMEGEN BREAKAGE SYNDROME; NBS,philtrum / mouth / lips,18,5,4,1,0.2777777777777778,0.2222222222222222
NIJMEGEN BREAKAGE SYNDROME; NBS,chin / jaw,5,2,2,1,0.4,0.4
NIJMEGEN BREAKAGE SYNDROME; NBS,global face shape / proportions,6,1,1,1,0.16666666666666666,0.16666666666666666
NIJMEGEN BREAKAGE SYNDROME; NBS,eyebrows,20,0,0,1,0.0,0.0
NIJMEGEN BREAKAGE SYNDROME; NBS,nose,18,0,0,1,0.0,0.0
NIJMEGEN BREAKAGE SYNDROME; NBS,eyes / orbital dimensions,29,0,0,1,0.0,0.0
NIJMEGEN BREAKAGE SYNDROME; NBS,ocular position / iris / gaze,16,0,0,1,0.0,0.0
NIJMEGEN BREAKAGE SYNDROME; NBS,cheeks / malar region,8,0,0,1,0.0,0.0
NIJMEGEN BREAKAGE SYNDROME; NBS,forehead,5,0,0,1,0.0,0.0
Noonan syndrome,eyebrows,20,7,4,1,0.35,0.2
Noonan syndrome,eyes / orbital dimensions,29,18,2,1,0.6206896551724138,0.06896551724137931
Noonan syndrome,global face shape / proportions,6,4,1,1,0.6666666666666666,0.16666666666666666
Noonan syndrome,ocular position / iris / gaze,16,8,2,1,0.5,0.125
Noonan syndrome,forehead,5,5,2,1,1.0,0.4
Noonan syndrome,cheeks / malar region,8,2,2,1,0.25,0.25
Noonan syndrome,chin / jaw,5,5,3,1,1.0,0.6
Noonan syndrome,nose,18,10,4,1,0.5555555555555556,0.2222222222222222
Noonan syndrome,philtrum / mouth / lips,18,6,3,1,0.3333333333333333,0.16666666666666666
OGDEN SYNDROME; OGDNS,philtrum / mouth / lips,18,3,1,1,0.16666666666666666,0.05555555555555555
OGDEN SYNDROME; OGDNS,chin / jaw,5,1,0,1,0.2,0.0
OGDEN SYNDROME; OGDNS,eyebrows,20,0,0,1,0.0,0.0
OGDEN SYNDROME; OGDNS,forehead,5,0,0,1,0.0,0.0
OGDEN SYNDROME; OGDNS,eyes / orbital dimensions,29,0,0,1,0.0,0.0
OGDEN SYNDROME; OGDNS,ocular position / iris / gaze,16,0,0,1,0.0,0.0
OGDEN SYNDROME; OGDNS,nose,18,0,0,1,0.0,0.0
OGDEN SYNDROME; OGDNS,global face shape / proportions,6,0,0,1,0.0,0.0
OGDEN SYNDROME; OGDNS,cheeks / malar region,8,0,0,1,0.0,0.0
OKUR-CHUNG NEURODEVELOPMENTAL SYNDROME; OCNDS,forehead,5,0,0,1,0.0,0.0
OKUR-CHUNG NEURODEVELOPMENTAL SYNDROME; OCNDS,chin / jaw,5,0,0,1,0.0,0.0
OKUR-CHUNG NEURODEVELOPMENTAL SYNDROME; OCNDS,global face shape / proportions,6,0,0,1,0.0,0.0
OKUR-CHUNG NEURODEVELOPMENTAL SYNDROME; OCNDS,ocular position / iris / gaze,16,0,0,1,0.0,0.0
OKUR-CHUNG NEURODEVELOPMENTAL SYNDROME; OCNDS,cheeks / malar region,8,0,0,1,0.0,0.0
OKUR-CHUNG NEURODEVELOPMENTAL SYNDROME; OCNDS,nose,18,0,0,1,0.0,0.0
OKUR-CHUNG NEURODEVELOPMENTAL SYNDROME; OCNDS,eyebrows,20,0,0,1,0.0,0.0
OKUR-CHUNG NEURODEVELOPMENTAL SYNDROME; OCNDS,eyes / orbital dimensions,29,0,0,1,0.0,0.0
OKUR-CHUNG NEURODEVELOPMENTAL SYNDROME; OCNDS,philtrum / mouth / lips,18,0,0,1,0.0,0.0
PITT-HOPKINS SYNDROME; PTHS,eyebrows,20,4,1,1,0.2,0.05
PITT-HOPKINS SYNDROME; PTHS,forehead,5,2,0,1,0.4,0.0
PITT-HOPKINS SYNDROME; PTHS,eyes / orbital dimensions,29,1,0,1,0.034482758620689655,0.0
PITT-HOPKINS SYNDROME; PTHS,ocular position / iris / gaze,16,1,1,1,0.0625,0.0625
PITT-HOPKINS SYNDROME; PTHS,philtrum / mouth / lips,18,0,0,1,0.0,0.0
PITT-HOPKINS SYNDROME; PTHS,cheeks / malar region,8,0,0,1,0.0,0.0
PITT-HOPKINS SYNDROME; PTHS,global face shape / proportions,6,0,0,1,0.0,0.0
PITT-HOPKINS SYNDROME; PTHS,chin / jaw,5,0,0,1,0.0,0.0
PITT-HOPKINS SYNDROME; PTHS,nose,18,0,0,1,0.0,0.0
RAHMAN SYNDROME; RMNS,chin / jaw,5,1,1,1,0.2,0.2
RAHMAN SYNDROME; RMNS,forehead,5,1,1,1,0.2,0.2
RAHMAN SYNDROME; RMNS,global face shape / proportions,6,1,1,1,0.16666666666666666,0.16666666666666666
RAHMAN SYNDROME; RMNS,nose,18,1,1,1,0.05555555555555555,0.05555555555555555
RAHMAN SYNDROME; RMNS,eyebrows,20,0,0,1,0.0,0.0
RAHMAN SYNDROME; RMNS,ocular position / iris / gaze,16,0,0,1,0.0,0.0
RAHMAN SYNDROME; RMNS,philtrum / mouth / lips,18,0,0,1,0.0,0.0
RAHMAN SYNDROME; RMNS,eyes / orbital dimensions,29,0,0,1,0.0,0.0
RAHMAN SYNDROME; RMNS,cheeks / malar region,8,0,0,1,0.0,0.0
Rubinstein-Taybi syndrome,chin / jaw,5,3,1,1,0.6,0.2
Rubinstein-Taybi syndrome,eyes / orbital dimensions,29,2,1,1,0.06896551724137931,0.034482758620689655
Rubinstein-Taybi syndrome,global face shape / proportions,6,3,1,1,0.5,0.16666666666666666
Rubinstein-Taybi syndrome,ocular position / iris / gaze,16,5,3,1,0.3125,0.1875
Rubinstein-Taybi syndrome,cheeks / malar region,8,2,1,1,0.25,0.125
Rubinstein-Taybi syndrome,forehead,5,2,2,1,0.4,0.4
Rubinstein-Taybi syndrome,philtrum / mouth / lips,18,7,4,1,0.3888888888888889,0.2222222222222222
Rubinstein-Taybi syndrome,eyebrows,20,3,0,1,0.15,0.0
Rubinstein-Taybi syndrome,nose,18,2,0,1,0.1111111111111111,0.0
SMITH-MAGENIS SYNDROME; SMS,forehead,5,2,2,1,0.4,0.4
SMITH-MAGENIS SYNDROME; SMS,eyebrows,20,3,0,1,0.15,0.0
SMITH-MAGENIS SYNDROME; SMS,ocular position / iris / gaze,16,1,0,1,0.0625,0.0
SMITH-MAGENIS SYNDROME; SMS,eyes / orbital dimensions,29,0,0,1,0.0,0.0
SMITH-MAGENIS SYNDROME; SMS,philtrum / mouth / lips,18,0,0,1,0.0,0.0
SMITH-MAGENIS SYNDROME; SMS,nose,18,0,0,1,0.0,0.0
SMITH-MAGENIS SYNDROME; SMS,chin / jaw,5,0,0,1,0.0,0.0
SMITH-MAGENIS SYNDROME; SMS,global face shape / proportions,6,0,0,1,0.0,0.0
SMITH-MAGENIS SYNDROME; SMS,cheeks / malar region,8,0,0,1,0.0,0.0
SOTOS SYNDROME; SOTOS,global face shape / proportions,6,2,1,1,0.3333333333333333,0.16666666666666666
SOTOS SYNDROME; SOTOS,chin / jaw,5,4,3,1,0.8,0.6
SOTOS SYNDROME; SOTOS,forehead,5,4,2,1,0.8,0.4
SOTOS SYNDROME; SOTOS,nose,18,6,1,1,0.3333333333333333,0.05555555555555555
SOTOS SYNDROME; SOTOS,ocular position / iris / gaze,16,3,0,1,0.1875,0.0
SOTOS SYNDROME; SOTOS,eyebrows,20,4,3,1,0.2,0.15
SOTOS SYNDROME; SOTOS,eyes / orbital dimensions,29,15,0,1,0.5172413793103449,0.0
SOTOS SYNDROME; SOTOS,philtrum / mouth / lips,18,3,0,1,0.16666666666666666,0.0
SOTOS SYNDROME; SOTOS,cheeks / malar region,8,0,0,1,0.0,0.0
WHITE-SUTTON SYNDROME; WHSUS,global face shape / proportions,6,2,1,1,0.3333333333333333,0.16666666666666666
WHITE-SUTTON SYNDROME; WHSUS,chin / jaw,5,2,2,1,0.4,0.4
WHITE-SUTTON SYNDROME; WHSUS,nose,18,0,0,1,0.0,0.0
WHITE-SUTTON SYNDROME; WHSUS,eyes / orbital dimensions,29,0,0,1,0.0,0.0
WHITE-SUTTON SYNDROME; WHSUS,cheeks / malar region,8,0,0,1,0.0,0.0
WHITE-SUTTON SYNDROME; WHSUS,forehead,5,0,0,1,0.0,0.0
WHITE-SUTTON SYNDROME; WHSUS,philtrum / mouth / lips,18,0,0,1,0.0,0.0
WHITE-SUTTON SYNDROME; WHSUS,eyebrows,20,0,0,1,0.0,0.0
WHITE-SUTTON SYNDROME; WHSUS,ocular position / iris / gaze,16,0,0,1,0.0,0.0
WIEDEMANN-STEINER SYNDROME; WDSTS,eyes / orbital dimensions,29,3,2,1,0.10344827586206896,0.06896551724137931
WIEDEMANN-STEINER SYNDROME; WDSTS,eyebrows,20,3,3,1,0.15,0.15
WIEDEMANN-STEINER SYNDROME; WDSTS,nose,18,3,3,1,0.16666666666666666,0.16666666666666666
WIEDEMANN-STEINER SYNDROME; WDSTS,cheeks / malar region,8,2,1,1,0.25,0.125
WIEDEMANN-STEINER SYNDROME; WDSTS,philtrum / mouth / lips,18,1,1,1,0.05555555555555555,0.05555555555555555
WIEDEMANN-STEINER SYNDROME; WDSTS,ocular position / iris / gaze,16,0,0,1,0.0,0.0
WIEDEMANN-STEINER SYNDROME; WDSTS,global face shape / proportions,6,0,0,1,0.0,0.0
WIEDEMANN-STEINER SYNDROME; WDSTS,chin / jaw,5,0,0,1,0.0,0.0
WIEDEMANN-STEINER SYNDROME; WDSTS,forehead,5,0,0,1,0.0,0.0
WILLIAMS-BEUREN SYNDROME; WBS,chin / jaw,5,4,3,1,0.8,0.6
WILLIAMS-BEUREN SYNDROME; WBS,cheeks / malar region,8,4,1,1,0.5,0.125
WILLIAMS-BEUREN SYNDROME; WBS,eyebrows,20,12,3,1,0.6,0.15
WILLIAMS-BEUREN SYNDROME; WBS,forehead,5,5,2,1,1.0,0.4
WILLIAMS-BEUREN SYNDROME; WBS,global face shape / proportions,6,5,2,1,0.8333333333333334,0.3333333333333333
WILLIAMS-BEUREN SYNDROME; WBS,nose,18,12,6,1,0.6666666666666666,0.3333333333333333
WILLIAMS-BEUREN SYNDROME; WBS,eyes / orbital dimensions,29,26,6,1,0.896551724137931,0.20689655172413793
WILLIAMS-BEUREN SYNDROME; WBS,philtrum / mouth / lips,18,8,2,1,0.4444444444444444,0.1111111111111111
WILLIAMS-BEUREN SYNDROME; WBS,ocular position / iris / gaze,16,6,0,1,0.375,0.0
ZTTK SYNDROME; ZTTKS,forehead,5,2,1,1,0.4,0.2
ZTTK SYNDROME; ZTTKS,eyes / orbital dimensions,29,2,0,1,0.06896551724137931,0.0
ZTTK SYNDROME; ZTTKS,eyebrows,20,1,1,1,0.05,0.05
ZTTK SYNDROME; ZTTKS,philtrum / mouth / lips,18,0,0,1,0.0,0.0
ZTTK SYNDROME; ZTTKS,global face shape / proportions,6,0,0,1,0.0,0.0
ZTTK SYNDROME; ZTTKS,ocular position / iris / gaze,16,0,0,1,0.0,0.0
ZTTK SYNDROME; ZTTKS,chin / jaw,5,0,0,1,0.0,0.0
ZTTK SYNDROME; ZTTKS,cheeks / malar region,8,0,0,1,0.0,0.0
ZTTK SYNDROME; ZTTKS,nose,18,0,0,1,0.0,0.0
