disease,row_count
Cornelia de Lange syndrome__fb4a389d,446
OGDEN SYNDROME; OGDNS__32400320,319
WILLIAMS-BEUREN SYNDROME; WBS__93e4a782,273
Noonan syndrome__c2df3f82,207
Kabuki syndrome__fa463433,206
Coffin-Siris syndrome__46fda5b4,179
KBG SYNDROME; KBGS__4b10cf71,179
ANGELMAN SYNDROME; AS__471b9572,158
SCHAAF-YANG SYNDROME; SHFYNG__ec4c0f98,156
Mucopolysaccharidoses__dad2c2d0,140
SOTOS SYNDROME; SOTOS__bf015147,128
WIEDEMANN-STEINER SYNDROME; WDSTS__12a717b2,125
Rubinstein-Taybi syndrome__ad6c2718,116
SMITH-MAGENIS SYNDROME; SMS__211f4178,102
"Arthrogryposis, distal__b1e822eb",99
SMITH-LEMLI-OPITZ SYNDROME; SLOS__a7cc6ffd,99
NICOLAIDES-BARAITSER SYNDROME; NCBRS__78ac980b,97
Hutchinson-Gilford progeria__054d7fbd,96
Baraitser-Winter syndrome__9ab96026,90
FLOATING-HARBOR SYNDROME; FLHS__04847afa,89
Hyperphosphatasia with mental retardation syndrome__adb3373e,88
PITT-HOPKINS SYNDROME; PTHS__d527d01d,87
HELSMOORTEL-VAN DER AA SYNDROME; HVDAS__93d27023,82
Alagille syndrome__0e695d36,76
MOWAT-WILSON SYNDROME; MOWS__1bc115aa,75
Kleefstra syndrome__6635f40a,73
Treacher Collins syndrome__0338c5ad,70
Cutis laxa__acec665e,69
"INTELLECTUAL DEVELOPMENTAL DISORDER, AUTOSOMAL DOMINANT 50, WITH BEHAVIORAL ABNORMALITIES; MRD50__3950766c",65
PRADER-WILLI SYNDROME; PWS__38702d4d,64
COHEN SYNDROME; COH1__982d7c55,61
CROUZON SYNDROME__021fccb9,61
MUCOLIPIDOSIS II ALPHA_BETA__08661f5b,61
Menke-Hennekam syndrome__2b0b5cd9,61
CHARGE SYNDROME__c6048c09,60
Joubert syndrome__db50c810,59
"OHDO SYNDROME, SBBYS VARIANT; SBBYSS__0420737d",59
COSTELLO SYNDROME; CSTLO__b18c56a4,58
Cardiofaciocutaneous syndrome__16c02f0d,57
KOOLEN-DE VRIES SYNDROME; KDVS__3fd32be5,57
"INTELLECTUAL DEVELOPMENTAL DISORDER, AUTOSOMAL DOMINANT 5; MRD5__2b4fdd88",56
"INTELLECTUAL DEVELOPMENTAL DISORDER, X-LINKED, SYNDROMIC 33; MRXS33__fc2385fe",56
Ehlers-Danlos syndrome__26e9618d,55
BECKWITH-WIEDEMANN SYNDROME; BWS__3e4601cf,54
Holoprosencephaly__2104e049,54
WEAVER SYNDROME; WVS__7c74ac9e,53
Trichorhinophalangeal syndrome__c65055aa,53
CRANIOFRONTONASAL SYNDROME; CFNS__55d125ba,53
ARBOLEDA-THAM SYNDROME; ARTHS__a6d0bf95,53
RAHMAN SYNDROME; RMNS__8f57e066,52
Robinow syndrome__3fa0c0ae,52
WHITE-SUTTON SYNDROME; WHSUS__4d3fc142,50
AU-KLINE SYNDROME; AUKS__e3f12848,49
HAO-FOUNTAIN SYNDROME; HAFOUS__593e62cd,49
FRAGILE X SYNDROME; FXS__0bf4ba77,48
TATTON-BROWN-RAHMAN SYNDROME; TBRS__2b9aac0d,47
SAETHRE-CHOTZEN SYNDROME; SCS__287d8e35,46
INTELLECTUAL DEVELOPMENTAL DISORDER WITH PERSISTENCE OF FETAL HEMOGLOBIN__553e60cb,45
"CONGENITAL HEART DEFECTS, DYSMORPHIC FACIAL FEATURES, AND INTELLECTUAL DEVELOPMENTAL DISORDER; CHDFIDD__95be67b6",43
PRIMROSE SYNDROME; PRIMS__93a5aedc,43
"SIMPSON-GOLABI-BEHMEL SYNDROME, TYPE 1; SGBS1__95724a7b",43
"INTELLECTUAL DEVELOPMENTAL DISORDER, AUTOSOMAL DOMINANT 7; MRD7__89ede939",42
WEISS-KRUSZKA SYNDROME; WSKA__295192ca,41
CHUNG-JANSEN SYNDROME; CHUJANS__0001ca13,40
MYHRE SYNDROME; MYHRS__9c537410,39
NEURODEVELOPMENTAL DISORDER WITH SEVERE MOTOR IMPAIRMENT AND ABSENT LANGUAGE; NEDMIAL__163528b1,38
Hyper-IgE recurrent infection syndrome__482f9cfe,38
Bardet-Biedl syndrome__0e816837,37
GLASS SYNDROME; GLASS__de3d0f8a,37
"MENTAL RETARDATION, AUTOSOMAL DOMINANT 57; MRD57__ca726d42",37
ZTTK SYNDROME; ZTTKS__f1c57fa5,37
BASILICATA-AKHTAR SYNDROME; MRXSBA__50b015d4,36
"INTELLECTUAL DEVELOPMENTAL DISORDER, X-LINKED, SYNDROMIC, SNIJDERS BLOK TYPE; MRXSSB__0a95390a",36
Osteogenesis imperfecta__0821762f,36
WITTEVEEN-KOLK SYNDROME; WITKOS__5fc3555f,35
Opitz GBBB syndrome__534c3422,35
"INTELLECTUAL DEVELOPMENTAL DISORDER, X-LINKED, SYNDROMIC, LUBS TYPE; MRXSL__c65e4e12",35
"Autism, susceptiblity to__98424777",35
INTELLECTUAL DEVELOPMENTAL DISORDER WITH DYSMORPHIC FACIES AND BEHAVIORAL ABNORMALITIES; IDDFBA__e5d7df20,34
Multiple congenital anomalies-hypotonia-seizures syndrome__8d671c88,34
SCHUURS-HOEIJMAKERS SYNDROME; SHMS__b6fc8f8b,34
CANTU SYNDROME__a133f1e1,33
COFFIN-LOWRY SYNDROME; CLS__d63ef1d1,33
IMPAIRED INTELLECTUAL DEVELOPMENT AND DISTINCTIVE FACIAL FEATURES WITH OR WITHOUT CARDIAC DEFECTS; MRFACD__d0ea4e66,33
Meier-Gorlin syndrome__5fc08b77,32
"CHROMOSOME 22q11.2 DELETION SYNDROME, DISTAL__191d996d",32
BAINBRIDGE-ROPERS SYNDROME; BRPS__dbbc187d,31
"BLEPHAROPHIMOSIS, PTOSIS, AND EPICANTHUS INVERSUS; BPES__1f4558cc",31
CLARK-BARAITSER SYNDROME; CLABARS__7a43248e,31
OCULODENTODIGITAL DYSPLASIA; ODDD__b6c748b5,31
Orofaciodigital syndrome__59aa02a5,31
"MANNOSIDOSIS, ALPHA B, LYSOSOMAL; MANSA__fd9c20a9",30
RENPENNING SYNDROME 1; RENS1__2310d1fa,30
OKUR-CHUNG NEURODEVELOPMENTAL SYNDROME; OCNDS__24883506,30
"INTELLECTUAL DEVELOPMENTAL DISORDER, X-LINKED, SYNDROMIC, CABEZAS TYPE; MRXSC__7e00eb09",30
CEBALID SYNDROME; CEBALID__922186ad,30
BLEPHAROPHIMOSIS-IMPAIRED INTELLECTUAL DEVELOPMENT SYNDROME; BIS__3ca55639,30
ALSTROM SYNDROME; ALMS__ed7a4d89,29
"INTELLECTUAL DEVELOPMENTAL DISORDER, AUTOSOMAL DOMINANT 21; MRD21__641905ad",29
"NEURODEVELOPMENTAL DISORDER WITH NEONATAL RESPIRATORY INSUFFICIENCY, HYPOTONIA, AND FEEDING DIFFICULTIES; NEDRIHF__93d45d69",29
"ALPHA-THALASSEMIA_MENTAL RETARDATION SYNDROME, X-LINKED; ATRX__63ddb3db",28
BOHRING-OPITZ SYNDROME; BOPS__93656394,28
FOCAL DERMAL HYPOPLASIA; FDH__b990afae,28
"INTELLECTUAL DEVELOPMENTAL DISORDER, AUTOSOMAL DOMINANT 6, WITH OR WITHOUT SEIZURES; MRD6__9c001fbd",28
LARSEN SYNDROME; LRS__daa54e4f,28
VERHEIJ SYNDROME; VRJS__bce524fa,28
BORJESON-FORSSMAN-LEHMANN SYNDROME; BFLS__f4c833d9,27
MARSHALL-SMITH SYNDROME; MRSHSS__3d8024b0,27
Seckel syndrome__470d9540,27
Rothmund-Thomson syndrome__ae78139b,26
SKRABAN-DEARDORFF SYNDROME; SKDEAS__ec19b863,26
RAUCH-STEINDL SYNDROME; RAUST__26c31f00,26
INTELLECTUAL DEVELOPMENTAL DISORDER WITH DYSMORPHIC FACIES AND PTOSIS; IDDDFP__1c9966dd,26
CLEIDOCRANIAL DYSPLASIA; CCD__a103618e,26
ACROMICRIC DYSPLASIA; ACMICD__3cc21408,26
NIJMEGEN BREAKAGE SYNDROME; NBS__9c43478a,25
PSMC5__499deb40,25
Oculocutaneous albinism__94a78bdc,25
TAKENOUCHI-KOSAKI SYNDROME; TKS__2c308aac,25
KAUFMAN OCULOCEREBROFACIAL SYNDROME; KOS__f879521f,25
FBXW7__cbba0000,25
DIGEORGE SYNDROME; DGS__9be90297,25
"INTELLECTUAL DEVELOPMENTAL DISORDER, X-LINKED, SYNDROMIC, TURNER TYPE; MRXST__d3b5a39a",24
Stickler syndrome__b5106665,24
Waardenburg syndrome__9ce6c173,24
DEVELOPMENTAL DELAY WITH OR WITHOUT DYSMORPHIC FACIES AND AUTISM; DEDDFA__bf123572,23
DOWN SYNDROME__9402613d,23
GAND SYNDROME; GAND__99b4d765,23
GENITOPATELLAR SYNDROME; GTPTS__ff92aaf1,23
"INTELLECTUAL DEVELOPMENTAL DISORDER, AUTOSOMAL DOMINANT 62; MRD62__2689ee2a",23
DESANTO-SHINAWI SYNDROME; DESSH__39dfc617,22
AYME-GRIPP SYNDROME; AYGRP__bfbc8d98,22
BOSCH-BOONSTRA-SCHAAF OPTIC ATROPHY SYNDROME; BBSOAS__6ec92290,21
"CONGENITAL HEART DEFECTS, MULTIPLE TYPES, 2; CHTD2__581e43e6",21
"DEAFNESS, CATARACT, IMPAIRED INTELLECTUAL DEVELOPMENT, AND POLYNEUROPATHY; DCIDP__f582842c",21
DEVELOPMENTAL DELAY WITH VARIABLE INTELLECTUAL IMPAIRMENT AND BEHAVIORAL ABNORMALITIES; DDVIBA__62f14118,21
"Hypotonia, infantile, with psychomotor retardation and characteristic facies__2d46ffa5",21
NEURODEVELOPMENTAL DISORDER WITH DYSMORPHIC FACIES AND DISTAL LIMB ANOMALIES; NEDDFL__48f67376,21
"INTELLECTUAL DEVELOPMENTAL DISORDER, AUTOSOMAL DOMINANT 40; MRD40__637a7bce",20
"INTELLECTUAL DEVELOPMENTAL DISORDER, X-LINKED 93; XLID93__fca47eb0",20
"INTELLECTUAL DEVELOPMENTAL DISORDER, X-LINKED 99, SYNDROMIC, FEMALE-RESTRICTED; MRXS99F__04a5773b",20
LIG4 SYNDROME__12dd80e6,20
NEURODEVELOPMENTAL DISORDER WITH DYSMORPHIC FACIES AND DISTAL SKELETAL ANOMALIES; NEDDFSA__5e1d7546,20
NEURODEVELOPMENTAL DISORDER WITH SPASTIC DIPLEGIA AND VISUAL DEFECTS; NEDSDV__ef12cf11,20
POIKILODERMA WITH NEUTROPENIA; PN__c6b79fcf,20
LUSCAN-LUMISH SYNDROME; LLS__6e719817,19
Trichohepatoenteric syndrome__355e14a3,19
Pontocerebellar hypoplasia__3965ecc3,18
NEURODEVELOPMENTAL DISORDER WITH HYPOTONIA AND VARIABLE INTELLECTUAL AND BEHAVIORAL ABNORMALITIES; NEDHIB__1887682d,18
"Leukodystrophy, hypomyelinating__3e3948ce",18
RETT SYNDROME; RTT__796e1ab7,18
Teebi hypertelorism syndrome__2ef765f6,18
MEGALENCEPHALY-CAPILLARY MALFORMATION-POLYMICROGYRIA SYNDROME; MCAP__b25f16a6,18
Hennekam lymphangiectasia-lymphedema syndrome__97a48fb8,18
LESSEL-KREIENKAMP SYNDROME; LESKRES__2790b7ef,18
"INTELLECTUAL DEVELOPMENTAL DISORDER WITH SPEECH DELAY, DYSMORPHIC FACIES, AND T-CELL ABNORMALITIES; IDDSFTA__36118dec",18
3MC syndrome__6c005aa8,18
CDH8__93c2de42,18
"INTELLECTUAL DEVELOPMENTAL DISORDER, AUTOSOMAL DOMINANT 23; MRD23__f7b673c7",18
"FACIAL PALSY, CONGENITAL, WITH PTOSIS AND VELOPHARYNGEAL DYSFUNCTION; FPVEPD__b7893387",17
"MANDIBULOFACIAL DYSOSTOSIS, GUION-ALMEIDA TYPE; MFDGA__e6c924d6",17
"Microcephaly, primary__00922ad1",17
"CEREBELLAR, OCULAR, CRANIOFACIAL, AND GENITAL SYNDROME; COFG__4e0ec9d8",17
"ACROFACIAL DYSOSTOSIS 1, NAGER TYPE; AFD1__cff6e3a6",17
BURN-MCKEOWN SYNDROME; BMKS__94b306c7,16
CHOPS SYNDROME; CHOPS__11ffffc1,16
"COGNITIVE FUNCTION 1, SOCIAL; CGF1__59cdb587",16
PFEIFFER SYNDROME__0d67235b,16
SAUL-WILSON SYNDROME; SWILS__59b9d9d3,16
TMEM147__051c779b,16
XIA-GIBBS SYNDROME; XIGIS__a0a692fc,16
"NEURODEVELOPMENTAL DISORDER WITH OR WITHOUT HYPERKINETIC MOVEMENTS AND SEIZURES, AUTOSOMAL DOMINANT; NDHMSD__e0c2f543",15
SHASHI-PENA SYNDROME; SHAPNS__653d2a99,15
"NEURODEVELOPMENTAL DISORDER WITH HEARING LOSS, SEIZURES, AND BRAIN ABNORMALITIES; NEDHSB__05ebc2f0",15
"CLEFT PALATE, CARDIAC DEFECTS, AND MENTAL RETARDATION; CPCMR__7f765b74",15
"DEVELOPMENTAL DELAY, HYPOTONIA, MUSCULOSKELETAL DEFECTS, AND BEHAVIORAL ABNORMALITIES; DEHMBA__5e881bdf",15
Hermansky-Pudlak syndrome__e5ac2d1d,15
JOHANSON-BLIZZARD SYNDROME; JBS__25d28c27,14
WOLF-HIRSCHHORN SYNDROME; WHS__f94cc3ea,14
SNIJDERS BLOK-CAMPEAU SYNDROME; SNIBCPS__6ce67b1f,14
PIERPONT SYNDROME; PRPTS__59c08023,14
MOEBIUS SYNDROME; MBS__78b15e27,14
"MENTAL RETARDATION, AUTOSOMAL DOMINANT 54; MRD54__b075f83b",14
KDM2B__f01c6c4c,14
GERODERMA OSTEODYSPLASTICUM; GO__d2f7b6e5,14
FG syndrome__a82c5f04,14
DEVELOPMENTAL AND EPILEPTIC ENCEPHALOPATHY 94; DEE94__b1a1679a,14
DEVELOPMENTAL AND EPILEPTIC ENCEPHALOPATHY 28; DEE28__cda55692,14
Cold-induced sweating syndrome__948f48b8,14
H3-3B__7c81fade,14
Three M syndrome__7b34cefc,13
"SHORT STATURE, ONYCHODYSPLASIA, FACIAL DYSMORPHISM, AND HYPOTRICHOSIS; SOFT__71dae9cd",13
Zimmermann-Laband syndrome__4e6cd104,13
SHORT SYNDROME__ae39926d,13
"Microphthalmia, syndromic__040ece8c",13
SCHINZEL-GIEDION MIDFACE RETRACTION SYNDROME__ccd82c43,13
"MACROCEPHALY, ACQUIRED, WITH IMPAIRED INTELLECTUAL DEVELOPMENT; MACID__5db04503",13
GAPO SYNDROME; GAPOS__50fdd0c7,13
"NEURODEVELOPMENTAL DISORDER WITH DYSMORPHIC FACIES, IMPAIRED SPEECH, AND HYPOTONIA; NEDDISH__7a96c3df",12
VICI SYNDROME; VICIS__c7d0327b,12
TURNPENNY-FRY SYNDROME; TPFS__78f557d7,12
Silver-Russell syndrome__7aea26cd,12
"Short stature, facial dysmorphism, and skeletal anomalies with or without cardiac anomalies__7fc1a263",12
O'DONNELL-LURIA-RODAN SYNDROME; ODLURO__73fe3256,12
NEURODEVELOPMENTAL DISORDER WITH SPEECH IMPAIRMENT AND DYSMORPHIC FACIES; NEDSID__7a46feed,12
"NEUROFIBROMATOSIS, TYPE I; NF1__f75bf71f",12
"INTELLECTUAL DEVELOPMENTAL DISORDER WITH DYSMORPHIC FACIES, SEIZURES, AND DISTAL LIMB ANOMALIES; IDDFSDA__879295cb",12
"HYPOTONIA, ATAXIA, AND DELAYED DEVELOPMENT SYNDROME; HADDS__000969a8",12
Galloway-Mowat syndrome__ca7a8a42,12
"DEVELOPMENTAL DELAY, IMPAIRED GROWTH, DYSMORPHIC FACIES, AND AXONAL NEUROPATHY; DIGFAN__d5e92d52",12
"Congenital disorders of glycosylation, type II__36f28646",12
BOSMA ARHINIA MICROPHTHALMIA SYNDROME; BAMS__91c02067,12
BEAULIEU-BOYCOTT-INNES SYNDROME; BBIS__e1210636,12
"INTELLECTUAL DEVELOPMENTAL DISORDER WITH AUTISTIC FEATURES AND LANGUAGE DELAY, WITH OR WITHOUT SEIZURES; IDDALDS__35255618",11
SMITH-KINGSMORE SYNDROME; SKS__26669e54,11
PHELAN-MCDERMID SYNDROME; PHMDS__56c03ccc,11
"OTOPALATODIGITAL SYNDROME, TYPE I; OPD1__bf48aeee",11
MARSHALL SYNDROME; MRSHS__54ced86e,11
"INTELLECTUAL DEVELOPMENTAL DISORDER, X-LINKED, SYNDROMIC, NASCIMENTO TYPE; MRXSN__de6bcf04",11
BRANCHIOOCULOFACIAL SYNDROME; BOFS__df6f21e9,11
HYPOPARATHYROIDISM-RETARDATION-DYSMORPHISM SYNDROME; HRDS__0c3b430c,11
H4C5__3d3281db,11
H3-3A__c6b632c2,11
Frontometaphyseal dysplasia__022337fa,11
FONTAINE PROGEROID SYNDROME; FPS__251a3813,11
Noonan syndrome-like disorder with loose anagen hair__13a2213d,10
"INTELLECTUAL DEVELOPMENTAL DISORDER WITH SPEECH DELAY, AUTISM, AND DYSMORPHIC FACIES; IDDSADF__5d7fe27e",10
NEUROOCULOCARDIOGENITOURINARY SYNDROME; NOCGUS__4ca82618,10
MARFANOID-PROGEROID-LIPODYSTROPHY SYNDROME; MFLS__e82eee1d,10
LATERAL MENINGOCELE SYNDROME; LMNS__d1805985,10
"INTRAUTERINE GROWTH RETARDATION, METAPHYSEAL DYSPLASIA, ADRENAL HYPOPLASIA CONGENITA, GENITAL ANOMALIES, AND IMMUNODEFIC__7efffc8e",10
BECK-FAHRNER SYNDROME; BEFAHRS__535246fd,10
INTELLECTUAL DEVELOPMENTAL DISORDER WITH CARDIAC DEFECTS AND DYSMORPHIC FACIES; IDDCDF__2c3a31f6,10
FRANK-TER HAAR SYNDROME; FTHS__a8d3e9dd,10
DEVELOPMENTAL AND EPILEPTIC ENCEPHALOPATHY 87; DEE87__afffc407,10
Craniosynostosis__14868c16,10
"AGENESIS OF CORPUS CALLOSUM, CARDIAC, OCULAR, AND GENITAL SYNDROME; ACOGS__511292b2",10
GNAI1__65585e29,10
"Microcephaly, growth restriction and increased sister chromatid exchange__4044d9f8",9
Linear skin defects with multiple congenital anomalies__46e88bd2,9
"MICROCEPHALIC OSTEODYSPLASTIC PRIMORDIAL DWARFISM, TYPE II; MOPD2__77f2cd03",9
"MICROCEPHALY WITH OR WITHOUT CHORIORETINOPATHY, LYMPHEDEMA, OR MENTAL RETARDATION; MCLMR__5be44a5b",9
"MULTIPLE CONGENITAL ANOMALIES-NEURODEVELOPMENTAL SYNDROME, X-LINKED; MCAND__52ec68b1",9
ROBIN SEQUENCE WITH CLEFT MANDIBLE AND LIMB ANOMALIES__7c86f619,9
NABLUS MASK-LIKE FACIAL SYNDROME; NMLFS__f5885ad5,9
OPITZ-KAVEGGIA SYNDROME; OKS__1a308d58,9
"INTELLECTUAL DEVELOPMENTAL DISORDER, X-LINKED, SYNDROMIC, ARMFIELD TYPE; MRXSA__36c313f9",9
SHPRINTZEN-GOLDBERG CRANIOSYNOSTOSIS SYNDROME; SGS__24611c2f,9
"Skin creases, congenital symmetric circumferential__06a4c7e2",9
Immunodeficiency-centromeric instability-facial anomalies__6d8ff5a8,9
"INTELLECTUAL DEVELOPMENTAL DISORDER, X-LINKED, SYNDROMIC, BILLUART TYPE; MRXSBL__7fc6a7bd",9
"INTELLECTUAL DEVELOPMENTAL DISORDER, AUTOSOMAL DOMINANT 26; MRD26__8df6e56f",9
"CONGENITAL HYPOTONIA, EPILEPSY, DEVELOPMENTAL DELAY, AND DIGITAL ANOMALIES; CHEDDA__6d204179",9
3-Methylglutaconic aciduria__fae4ed41,9
BIRK-BAREL SYNDROME; BIBARS__c009054c,9
CAREY-FINEMAN-ZITER SYNDROME; CFZS__b07fb2e2,9
CEREBROCOSTOMANDIBULAR SYNDROME; CCMS__0487686f,9
"CONGENITAL CATARACTS, FACIAL DYSMORPHISM, AND NEUROPATHY; CCFDN__10acfffb",9
CEREBELLOFACIODENTAL SYNDROME; CFDS__2870c0ef,9
DEVELOPMENTAL DELAY WITH OR WITHOUT INTELLECTUAL IMPAIRMENT OR BEHAVIORAL ABNORMALITIES; DDIB__26eb0a7c,9
"DIABETES MELLITUS, NEONATAL, WITH CONGENITAL HYPOTHYROIDISM; NDH__f97a6ff0",9
DIETS-JONGMANS SYNDROME; DIJOS__a124415c,9
HEART AND BRAIN MALFORMATION SYNDROME; HBMS__7f6df58a,9
HIATT-NEU-COOPER NEURODEVELOPMENTAL SYNDROME; HINCONS__ec59dd02,9
LENZ-MAJEWSKI HYPEROSTOTIC DWARFISM; LMHD__2fccf75d,8
YOU-HOOVER-FONG SYNDROME; YHFS__73480d8a,8
TCEAL1__9a47ca54,8
STANKIEWICZ-ISIDOR SYNDROME; STISS__496fc6fe,8
PETERS-PLUS SYNDROME; PTRPLS__55215399,8
"OTITIS MEDIA, SUSCEPTIBILITY TO; OMS__08bea86e",8
NEURODEVELOPMENTAL DISORDER AND LANGUAGE DELAY WITH OR WITHOUT STRUCTURAL BRAIN ABNORMALITIES; NEDLBA__62ca776f,8
MACS SYNDROME__beebe5bf,8
"ECTODERMAL DYSPLASIA WITH FACIAL DYSMORPHISM AND ACRAL, OCULAR, AND BRAIN ANOMALIES; EDFAOB__f5e2a501",8
JANSEN-DE VRIES SYNDROME; JDVS__7a3a4326,8
"INTELLECTUAL DEVELOPMENTAL DISORDER, X-LINKED, SYNDROMIC, HACKMANN-DI DONATO TYPE; MRXSHD__ee7855d1",8
HARTSFIELD SYNDROME; HRTFDS__7f531d74,8
Fraser syndrome__a2a5c72f,8
Facioscapulohumeral muscular dystrophy__15b1ad31,8
ELSAHY-WATERS SYNDROME; ESWS__e0f82cf8,8
DEVELOPMENTAL AND EPILEPTIC ENCEPHALOPATHY 2; DEE2__6171adca,8
"INTELLECTUAL DEVELOPMENTAL DISORDER, X-LINKED, SYNDROMIC, SNYDER-ROBINSON TYPE; MRXSSR__aa0fc6e2",8
PROLIDASE DEFICIENCY__8d8e6ccb,7
MELNICK-NEEDLES SYNDROME; MNS__a4b6f2bd,7
"MENTAL RETARDATION, AUTOSOMAL DOMINANT 58; MRD58__a2a4b3aa",7
"MYOPATHY, CONGENITAL, BAILEY-BLOCH; MYPBB__d8939ac9",7
"NEURODEVELOPMENTAL DISORDER WITH HYPOTONIA, STEREOTYPIC HAND MOVEMENTS, AND IMPAIRED LANGUAGE; NEDHSIL__f8805041",7
"POIKILODERMA, HEREDITARY FIBROSING, WITH TENDON CONTRACTURES, MYOPATHY, AND PULMONARY FIBROSIS; POIKTMP__6d23a22f",7
POIRIER-BIENVENU NEURODEVELOPMENTAL SYNDROME; POBINDS__26bb18cc,7
Long QT syndrome__72e8008b,7
"SHORT STATURE, BRACHYDACTYLY, IMPAIRED INTELLECTUAL DEVELOPMENT, AND SEIZURES; SBIDDS__9c15138e",7
PROTEUS SYNDROME__63e99fb4,7
RAFIQ SYNDROME; RAFQS__70008cea,7
SANDESTIG-STEFANOVA SYNDROME; SANDSTEF__90de5492,7
SIFRIM-HITZ-WEISS SYNDROME; SIHIWES__6142fea6,7
"Spinocerebellar ataxia, autosomal recessive__31110058",7
TOLCHIN-LE CAIGNEC SYNDROME; TOLCAS__5f2e7f8a,7
Tuberous sclerosis__e3cfa39d,7
MACROCEPHALY_AUTISM SYNDROME__d6794a84,7
DEVELOPMENTAL AND EPILEPTIC ENCEPHALOPATHY 4; DEE4__1d6385dd,7
KOSAKI OVERGROWTH SYNDROME; KOGS__80e8a0e3,7
Blepharocheilodontic syndrome__179359ce,7
"INTELLECTUAL DEVELOPMENTAL DISORDER, X-LINKED, SYNDROMIC, CLAES-JENSEN TYPE; MRXSCJ__83e6e388",7
AL KAISSI SYNDROME; ALKAS__8db24ce8,7
AL-RAQAD SYNDROME; ARS__43273be7,7
ALAZAMI SYNDROME; ALAZS__ee8c5ef2,7
ALLAN-HERNDON-DUDLEY SYNDROME; AHDS__ed136682,7
ALZAHRANI-KUWAHARA SYNDROME; ALKUS__cb4191a1,7
ARPC4__780f575d,7
ACHONDROPLASIA; ACH__2f7c3c38,7
CHITAYAT SYNDROME; CHYTS__4d9ce288,7
DEVELOPMENTAL AND EPILEPTIC ENCEPHALOPATHY 80; DEE80__ff9fd11e,7
DEVELOPMENTAL AND EPILEPTIC ENCEPHALOPATHY 83; DEE83__a0ff7a62,7
"EPILEPSY, FOCAL, WITH SPEECH DISORDER AND WITH OR WITHOUT IMPAIRED INTELLECTUAL DEVELOPMENT; FESD__b455fad8",7
"INTELLECTUAL DEVELOPMENTAL DISORDER WITH MACROCEPHALY, SEIZURES, AND SPEECH DELAY; IDDMSSD__b5c52dae",7
INTELLECTUAL DEVELOPMENTAL DISORDER WITH SEVERE SPEECH AND AMBULATION DEFECTS; IDDSSAD__daa3e749,7
DEVELOPMENTAL AND EPILEPTIC ENCEPHALOPATHY 66; DEE66__3ce80432,7
SIX2__e58517dc,6
"MENTAL RETARDATION, AUTOSOMAL DOMINANT 48; MRD48__64967c96",6
"NEURODEVELOPMENTAL DISORDER WITH EPILEPSY, CATARACTS, FEEDING DIFFICULTIES, AND DELAYED BRAIN MYELINATION; NECFM__cacdd291",6
"NEURODEVELOPMENTAL DISORDER WITH EPILEPSY, SPASTICITY, AND BRAIN ATROPHY; NEDESBA__7d1698cc",6
"NEURODEVELOPMENTAL DISORDER WITH HYPOTONIA, SEIZURES, AND ABSENT LANGUAGE; NDHSAL__0599b171",6
"NEURODEVELOPMENTAL, JAW, EYE, AND DIGITAL SYNDROME; NEDJED__6279375d",6
REV3L__9cd868d0,6
STRUCTURAL BRAIN ANOMALIES WITH IMPAIRED INTELLECTUAL DEVELOPMENT AND CRANIOSYNOSTOSIS; BAIDCS__9bb1be86,6
"SPINOCEREBELLAR ATAXIA 42, EARLY-ONSET, SEVERE, WITH NEURODEVELOPMENTAL DEFICITS; SCA42ND__672012d2",6
SPONDYLOEPIPHYSEAL DYSPLASIA CONGENITA; SEDC__5ef56226,6
TAF4__e136707b,6
TONNE-KALSCHEUER SYNDROME; TOKAS__8bd5b15e,6
Van Maldergem syndrome__306683cb,6
LAMB-SHAFFER SYNDROME; LAMSHF__40c227d3,6
LEOPARD syndrome__e157501a,6
"Mitochondrial complex V (ATP synthase) deficiency, nuclear type__d364ac08",6
Klippel-Feil syndrome__c7bb7b7c,6
H4C3__b85d8d66,6
KEIPERT SYNDROME; KPTS__ec74a8be,6
APERT SYNDROME__246da1f3,6
BARBER-SAY SYNDROME; BBRSAY__de7d9aea,6
BRAIN MALFORMATIONS WITH OR WITHOUT URINARY TRACT DEFECTS; BRMUTD__dea565b9,6
DEVELOPMENTAL AND EPILEPTIC ENCEPHALOPATHY 70; DEE70__d41abf8f,6
Focal facial dermal dysplasia__3d651cdf,6
Cole-Carpenter syndrome__95c1e002,6
HAJDU-CHENEY SYNDROME; HJCYS__c1b1d1c0,6
INTELLECTUAL DEVELOPMENTAL DISORDER WITH HYPOTONIA AND BEHAVIORAL ABNORMALITIES; IDDHBA__1f9407c0,6
"INTELLECTUAL DEVELOPMENTAL DISORDER, AUTOSOMAL RECESSIVE 67; MRT67__af5e3839",6
"INTELLECTUAL DEVELOPMENTAL DISORDER, X-LINKED, SYNDROMIC 34; MRXS34__58aea021",6
"INTELLECTUAL DEVELOPMENTAL DISORDER, X-LINKED, SYNDROMIC, RAYMOND TYPE; MRXSR__d1f80503",6
KAGAMI-OGATA SYNDROME__74aae56d,6
"NEURODEVELOPMENTAL DISORDER WITH MICROCEPHALY, ARTHROGRYPOSIS, AND STRUCTURAL BRAIN ANOMALIES; NEDMABA__384c3e13",5
MANDIBULOFACIAL DYSOSTOSIS WITH ALOPECIA; MFDA__baca7ed3,5
MCCUNE-ALBRIGHT SYNDROME; MAS__473d9355,5
LI-CAMPEAU SYNDROME; LICAS__4d180bb7,5
MENTAL RETARDATION WITH LANGUAGE IMPAIRMENT AND WITH OR WITHOUT AUTISTIC FEATURES__6ecd2ec1,5
"MENTAL RETARDATION, AUTOSOMAL DOMINANT 51; MRD51__5691bf95",5
"MICROCEPHALIC OSTEODYSPLASTIC PRIMORDIAL DWARFISM, TYPE I; MOPD1__750138dc",5
"Myopathy, centronuclear__ef188f60",5
NEURODEVELOPMENTAL DISORDER WITH HYPOTONIA AND AUTISTIC FEATURES WITH OR WITHOUT HYPERKINETIC MOVEMENTS; NEDHAHM__a9ed43f1,5
"NEURODEVELOPMENTAL DISORDER WITH HYPOTONIA, FACIAL DYSMORPHISM, AND BRAIN ABNORMALITIES; NEDHFBA__51753bfe",5
TRICHOHEPATONEURODEVELOPMENTAL SYNDROME; THNS__ca2e27f5,5
"OHDO SYNDROME, X-LINKED; OHDOX__e6da3690",5
PLXND1__648a4358,5
SCAF4__368b9191,5
"SHORT STATURE, IMPAIRED INTELLECTUAL DEVELOPMENT, MICROCEPHALY, HYPOTONIA, AND OCULAR ANOMALIES; SIMHA__16778791",5
"SPASTIC PARAPLEGIA 50, AUTOSOMAL RECESSIVE; SPG50__f879b2ca",5
"SPONDYLOEPIMETAPHYSEAL DYSPLASIA, ISIDOR-TOUTAIN TYPE; SEMDIST__37283aa2",5
THUMPD1__a714a9bc,5
VAN DER WOUDE SYNDROME 1; VWS1__93efcd11,5
YWHAZ__b7724749,5
Infantile liver failure syndrome__5df372d4,5
KCTD3__d390a103,5
DUANE-RADIAL RAY SYNDROME; DRRS__30bbfa3b,5
"INTELLECTUAL DEVELOPMENTAL DISORDER, X-LINKED, SYNDROMIC, 35; MRXS35__5aa58c17",5
DONNAI-BARROW SYNDROME__4d7ff5bc,5
ABLEPHARON-MACROSTOMIA SYNDROME; AMS__0ee470df,5
"INTELLECTUAL DEVELOPMENTAL DISORDER, AUTOSOMAL RECESSIVE 46; MRT46__096007b3",5
BRUNET-WAGNER NEURODEVELOPMENTAL SYNDROME; BRUWAG__0dc824b9,5
"CARDIAC, FACIAL, AND DIGITAL ANOMALIES WITH DEVELOPMENTAL DELAY; CAFDADD__ec7182a6",5
"CEREBELLAR ATROPHY, VISUAL IMPAIRMENT, AND PSYCHOMOTOR RETARDATION; CAVIPMR__d69f137e",5
CHROMOSOME 2q37 DELETION SYNDROME__da58b76a,5
COHEN-GIBSON SYNDROME; COGIS__28c37e1f,5
DEVELOPMENTAL AND EPILEPTIC ENCEPHALOPATHY 23; DEE23__e1a3f133,5
DEVELOPMENTAL AND EPILEPTIC ENCEPHALOPATHY 76; DEE76__2757d70b,5
"DEVELOPMENTAL DELAY WITH SHORT STATURE, DYSMORPHIC FACIAL FEATURES, AND SPARSE HAIR; DEDSSH__06ac2b4a",5
CIMDAG SYNDROME; CIMDAG__c83dd446,5
DPH5__0b49fde6,5
"Facial paresis, hereditary congenital__9cf26d12",5
"INTELLECTUAL DEVELOPMENTAL DISORDER, AUTOSOMAL DOMINANT 53; MRD53__fb585755",5
INTELLECTUAL DEVELOPMENTAL DISORDER WITH HYPERTELORISM AND DISTINCTIVE FACIES; IDDHDF__d646cd9d,5
Glut1 deficiency syndrome__006d0109,5
"INTELLECTUAL DEVELOPMENTAL DISORDER WITH SHORT STATURE, FACIAL ANOMALIES, AND SPEECH DEFECTS; IDDSFAS__9366bcad",5
FRA10AC1__6118a2d4,5
FAUNDES-BANKA SYNDROME; FABAS__e1ab88ff,5
"FACIAL DYSMORPHISM, HYPERTRICHOSIS, EPILEPSY, INTELLECTUAL_DEVELOPMENTAL DELAY, AND GINGIVAL OVERGROWTH SYNDROME; FHEIG__fdc86ce3",5
"NEURODEVELOPMENTAL DISORDER WITH IMPAIRED INTELLECTUAL DEVELOPMENT, HYPOTONIA, AND ATAXIA; NEDIDHA__7f194027",4
MUENKE SYNDROME; MNKES__051ddad5,4
"MYASTHENIC SYNDROME, CONGENITAL, 19; CMS19__5f2506e0",4
MARFAN SYNDROME; MFS__f14dc6ac,4
"MYASTHENIC SYNDROME, CONGENITAL, 22; CMS22__c3e888d0",4
"Microcephaly, epilepsy, and diabetes syndrome__8e218601",4
Mitochondrial DNA depletion syndrome__476fb708,4
"NABAIS SA-DE VRIES SYNDROME, TYPE 2; NSDVS2__a61c568e",4
NAE1__c162e7d5,4
NEURODEVELOPMENTAL DISORDER AND STRUCTURAL BRAIN ANOMALIES WITH OR WITHOUT SEIZURES AND SPASTICITY; NEDBASS__23c4a335,4
"NEURODEVELOPMENTAL DISORDER WITH DYSMORPHIC FACIES, SLEEP DISTURBANCE, AND BRAIN ABNORMALITIES; NEDFASB__4120092f",4
NEURODEVELOPMENTAL DISORDER WITH HYPOTONIA AND DYSMORPHIC FACIES; NEDHYDF__08d35e43,4
"NEURODEVELOPMENTAL DISORDER WITH HYPOTONIA, NEONATAL RESPIRATORY INSUFFICIENCY, AND THERMODYSREGULATION; NEDHRIT__1cd8909a",4
Trichothiodystrophy__ad7c58c6,4
"NEURODEVELOPMENTAL DISORDER WITH OR WITHOUT ANOMALIES OF THE BRAIN, EYE, OR HEART; NEDBEH__462fbfbe",4
"NEURODEVELOPMENTAL DISORDER WITH OR WITHOUT HYPOTONIA, SEIZURES, AND CEREBELLAR ATROPHY; NEDHSCA__f1d85e9a",4
NEURODEVELOPMENTAL DISORDER WITH STRUCTURAL BRAIN ANOMALIES AND DYSMORPHIC FACIES; NEDBAF__5267c6eb,4
"Osteopetrosis, autosomal recessive__f65ee20e",4
"PACHYGYRIA, MICROCEPHALY, DEVELOPMENTAL DELAY, AND DYSMORPHIC FACIES, WITH OR WITHOUT SEIZURES; PAMDDFS__dfd919a5",4
PGM2L1__92be65c6,4
"SHORT STATURE, RHIZOMELIC, WITH MICROCEPHALY, MICROGNATHIA, AND DEVELOPMENTAL DELAY; SRMMD__d8cdde37",4
STEEL SYNDROME; STLS__f4e3c1f7,4
SULEIMAN-EL-HATTAB SYNDROME; SULEHS__c812c083,4
Urofacial syndrome__ab191038,4
VAN DEN ENDE-GUPTA SYNDROME; VDEGS__f9b5ccdc,4
"INTELLECTUAL DISABILITY-HYPOTONIC FACIES SYNDROME, X-LINKED, 1; MRXHF1__cb4aa3c4",4
MARBACH-RUSTAD PROGEROID SYNDROME; MARUPS__0ece02ad,4
RIDDLE SYNDROME; RIDL__592ca236,4
"INTELLECTUAL DEVELOPMENTAL DISORDER, AUTOSOMAL RECESSIVE 72; MRT72__d08757ea",4
DEGCAGS SYNDROME; DEGCAGS__8d383ebb,4
"INTELLECTUAL DEVELOPMENTAL DISORDER, AUTOSOMAL DOMINANT 59; MRD59__f1b3798d",4
ASPARAGINE SYNTHETASE DEFICIENCY; ASNSD__cac34c15,4
ATAXIA-TELANGIECTASIA; AT__d9228db4,4
CARDIOSPONDYLOCARPOFACIAL SYNDROME; CSCF__09e041a7,4
CHANARIN-DORFMAN SYNDROME; CDS__5924088d,4
"CHARCOT-MARIE-TOOTH DISEASE, TYPE 4B3; CMT4B3__5647be72",4
COCKAYNE SYNDROME A; CSA__9a125272,4
"CRANIOFACIAL DYSMORPHISM, SKELETAL ANOMALIES, AND MENTAL RETARDATION SYNDROME; CFSMR__d608a659",4
CRANIOFACIAL MICROSOMIA; CFM__8a1d2548,4
CSNK1G1__957ac5ab,4
CYSTIC FIBROSIS; CF__7fff2877,4
"DEAFNESS, ONYCHODYSTROPHY, OSTEODYSTROPHY, MENTAL RETARDATION, AND SEIZURES SYNDROME; DOORS__55d72104",4
"CONGENITAL CONTRACTURES OF THE LIMBS AND FACE, HYPOTONIA, AND DEVELOPMENTAL DELAY; CLIFAHDD__a79a9b22",4
DEVELOPMENTAL AND EPILEPTIC ENCEPHALOPATHY 7; DEE7__e4bbb232,4
"GLOBAL DEVELOPMENTAL DELAY, ABSENT OR HYPOPLASTIC CORPUS CALLOSUM, AND DYSMORPHIC FACIES; GDACCF__e5243c57",4
DEVELOPMENTAL AND EPILEPTIC ENCEPHALOPATHY 95; DEE95__f74b3f48,4
INTELLECTUAL DEVELOPMENTAL DISORDER WITH IMPAIRED LANGUAGE AND DYSMORPHIC FACIES; IDDILF__e3ef25df,4
IMMUNODEFICIENCY 23; IMD23__d98d765b,4
GOMEZ-LOPEZ-HERNANDEZ SYNDROME; GLHS__b3882490,4
"GONADAL DYSGENESIS, DYSMORPHIC FACIES, RETINAL DYSTROPHY, AND MYOPATHY; GDRM__b78493e0",4
GLOBAL DEVELOPMENTAL DELAY WITH SPEECH AND BEHAVIORAL ABNORMALITIES; GDSBA__65900b47,4
Ectodermal dysplasia (select examples)__b4a56494,4
Diamond-Blackfan anemia__454976d9,4
Desbuquois dysplasia__6192a45e,4
"INTELLECTUAL DEVELOPMENTAL DISORDER, AUTOSOMAL DOMINANT 38; MRD38__b1564555",4
NIZON-ISIDOR SYNDROME; NIZIDS__d32ad35d,3
NEURODEVELOPMENTAL DISORDER WITH NONSPECIFIC BRAIN ABNORMALITIES AND WITH OR WITHOUT SEIZURES; NEDBAS__f4d141f9,3
NEUROFACIOSKELETAL SYNDROME WITH OR WITHOUT RENAL AGENESIS; NFSRA__ff5da6ae,3
NEURODEVELOPMENTAL DISORDER WITH SEIZURES AND SPEECH AND WALKING IMPAIRMENT; NEDSSWI__b78ddcce,3
NEURODEVELOPMENTAL DISORDER WITH OR WITHOUT EARLY-ONSET GENERALIZED EPILEPSY; NEDEGE__d73bd326,3
NEURODEVELOPMENTAL DISORDER WITH OR WITHOUT AUTISTIC FEATURES AND_OR STRUCTURAL BRAIN ABNORMALITIES; NEDASB__5eb18dd7,3
"NEURODEVELOPMENTAL DISORDER WITH CATARACTS, POOR GROWTH, AND DYSMORPHIC FACIES; NDCAGF__b521eab1",3
NEURODEVELOPMENTAL DISORDER WITH MICROCEPHALY AND STRUCTURAL BRAIN ANOMALIES; NEDMIBA__d6ac6893,3
"NEURODEVELOPMENTAL DISORDER WITH HYPOTONIA, MICROCEPHALY, AND SEIZURES; NEDHYMS__e1bfb9ed",3
"NEURODEVELOPMENTAL DISORDER WITH HYPOTONIA AND CEREBELLAR ATROPHY, WITH OR WITHOUT SEIZURES; NEDHCAS__6d1cb7e7",3
NEURODEVELOPMENTAL DISORDER WITH CENTRAL AND PERIPHERAL MOTOR DYSFUNCTION; NEDCPMD__6cc55f46,3
NEURODEVELOPMENTAL DISORDER WITH BRAIN ANOMALIES AND WITH OR WITHOUT VERTEBRAL OR CARDIAC ANOMALIES; NEDBAVC__f9c001dd,3
PETTIGREW SYNDROME; PGS__544c4a5f,3
OCULOSKELETODENTAL SYNDROME; OCSKD__6bbe87b5,3
WRINKLY SKIN SYNDROME; WSS__572dbc73,3
"PINEAL HYPERPLASIA, INSULIN-RESISTANT DIABETES MELLITUS, AND SOMATIC ABNORMALITIES__4f470373",3
PPFIA3__7543902b,3
RADIO-TARTAGLIA SYNDROME; RATARS__43a2d10f,3
RECQL__f0416151,3
ROBINOW-SORAUF SYNDROME__30b2ec54,3
"SHORT STATURE, MICROCEPHALY, AND ENDOCRINE DYSFUNCTION; SSMED__754f8204",3
"SHORT STATURE, OLIGODONTIA, DYSMORPHIC FACIES, AND MOTOR DELAY; SOFM__8692a2b6",3
"SPASTIC PARAPLEGIA 47, AUTOSOMAL RECESSIVE; SPG47__4fc297cf",3
"SPONDYLOEPIMETAPHYSEAL DYSPLASIA, SPONASTRIME TYPE; SEMDSP__7d8f0bec",3
SWEENEY-COX SYNDROME; SWCOS__a88874bf,3
TRPM3__e917fe2e,3
VELOCARDIOFACIAL SYNDROME; VCFS__ef485e45,3
"Muscular dystrophy-dystroglycanopathy, type A__ee5ba88d",3
ZSCAN10__7d9fb978,3
NANCE-HORAN SYNDROME; NHS__fbc32100,3
"SKELETAL DYSPLASIA, MILD, WITH JOINT LAXITY AND ADVANCED BONE AGE; SDJLABA__51c5e5f4",3
Mandibuloacral dysplasia with lipodystrophy__0a88630f,3
"Cardiomyopathy, familial hypertrophic__8cd12214",3
"MULTIPLE PTERYGIUM SYNDROME, ESCOBAR VARIANT; EVMPS__f7e24667",3
"ACROFACIAL DYSOSTOSIS, CINCINNATI TYPE; AFDCIN__df3a03b4",3
ACTL6A__eb14bc3f,3
ALAZAMI-YUAN SYNDROME; ALYUS__d89cc1a3,3
Arthrogryposis multiplex congenita__57fe8c74,3
Auriculocondylar syndrome__39d99ece,3
CATEL-MANZKE SYNDROME; CATMANS__ec87f445,3
CK SYNDROME; CKS__8063b5b6,3
COCKAYNE SYNDROME B; CSB__008c9d49,3
"CONGENITAL ANOMALIES OF KIDNEY AND URINARY TRACT SYNDROME WITH OR WITHOUT HEARING LOSS, ABNORMAL EARS, OR DEVELOPMENTAL __2a467a80",3
"CORPUS CALLOSUM, AGENESIS OF, WITH FACIAL ANOMALIES AND ROBIN SEQUENCE__cc3a1bc4",3
CULLER-JONES SYNDROME; CJS__14633d92,3
CURRARINO SYNDROME__418ce1ec,3
"CHROMOSOME 1p36 DELETION SYNDROME, DISTAL__33a670a2",3
DEVELOPMENTAL AND EPILEPTIC ENCEPHALOPATHY 84; DEE84__92ab7337,3
"INTELLECTUAL DEVELOPMENTAL DISORDER, AUTOSOMAL RECESSIVE 13; MRT13__9b31f52c",3
MICROCEPHALY-CAPILLARY MALFORMATION SYNDROME; MICCAP__f822b08f,3
"Epilepsy, progressive myoclonic__8ea1d5e1",3
MAPKAPK5__1eee1f1b,3
Lissencephaly__08b4a0fa,3
KEPPEN-LUBINSKY SYNDROME; KPLBS__f365484d,3
"INTELLECTUAL DEVELOPMENTAL DISORDER, AUTOSOMAL RECESSIVE 65; MRT65__c33516d2",3
"INTELLECTUAL DEVELOPMENTAL DISORDER, X-LINKED, SYNDROMIC, LUJAN-FRYNS TYPE; MRXSLF__7eaf3509",3
INTELLECTUAL DEVELOPMENTAL DISORDER WITH BEHAVIORAL ABNORMALITIES AND CRANIOFACIAL DYSMORPHISM WITH OR WITHOUT SEIZURES;__c67a79d4,3
H4C9__2d342103,3
Growth hormone insensitivity syndrome with immune dysregulation__68695b44,3
FILIPPI SYNDROME; FLPIS__c9be4a0f,3
FAM20B__3298e12f,3
"OTOPALATODIGITAL SYNDROME, TYPE II; OPD2__25082ad3",2
"MICROCEPHALY, GROWTH DEFICIENCY, SEIZURES, AND BRAIN MALFORMATIONS; MIGSB__32d12b6f",2
Neu-Laxova syndrome__0041c801,2
"NEURODEVELOPMENTAL DISORDER WITH ATAXIC GAIT, ABSENT SPEECH, AND DECREASED CORTICAL WHITE MATTER; NDAGSCW__775b4c54",2
"NABAIS SA-DE VRIES SYNDROME, TYPE 1; NSDVS1__b94f159f",2
Myotonic dystrophy__a4837143,2
Methylmalonic aciduria and homocystinuria__9330e6fb,2
JARID2__2453534d,2
"MACROCEPHALY, DYSMORPHIC FACIES, AND PSYCHOMOTOR RETARDATION; MDFPMR__4e186a0f",2
LARON SYNDROME__702a7f94,2
LAMB4__1f309599,2
LACRIMOAURICULODENTODIGITAL SYNDROME; LADD__864b134f,2
Kenny-Caffey syndrome__6452232a,2
JAWAD SYNDROME; JWDS__bcffec93,2
"INTELLECTUAL DEVELOPMENTAL DISORDER, X-LINKED, SYNDROMIC, CHRISTIANSON TYPE; MRXSCH__7bb9da0c",2
Otofaciocervical syndrome__42db2f9a,2
Omodysplasia__5a90ab3d,2
Spondylometaphyseal dysplasia__0474ec8e,2
PAGANINI-MIOZZO SYNDROME; MRXSPM__22ba51ae,2
PITT-HOPKINS-LIKE SYNDROME 1; PTHSL1__46de4f8b,2
Warburg micro syndrome__9c505f69,2
WARSAW BREAKAGE SYNDROME; WABS__7918ac00,2
Usher syndrome__d8bd0e2a,2
"INTELLECTUAL DEVELOPMENTAL DISORDER, AUTOSOMAL RECESSIVE 7; MRT7__39924a69",2
Spondyloepimetaphyseal dysplasia with joint laxity__a8ecd4be,2
Spastic paraplegia__33f82337,2
SPINOCEREBELLAR ATAXIA 26; SCA26__5d7a2127,2
"SPASTIC PARAPLEGIA, INTELLECTUAL DISABILITY, NYSTAGMUS, AND OBESITY; SINO__9d7c4bc3",2
SIN3B__fe787741,2
SHUKLA-VERNON SYNDROME; SHUVER__6bffd3e6,2
SHORT STATURE WITH MICROCEPHALY AND DISTINCTIVE FACIES; SSMCF__520ab551,2
"SEIZURES, SCOLIOSIS, AND MACROCEPHALY_MICROCEPHALY SYNDROME; SSMS__d33ffac8",2
"SCHWARTZ-JAMPEL SYNDROME, TYPE 1; SJS1__a1de0dc4",2
SALT AND PEPPER DEVELOPMENTAL REGRESSION SYNDROME; SPDRS__d61199f9,2
"PREMATURE AGING SYNDROME, PENTTINEN TYPE; PENTT__13a60488",2
"INTELLECTUAL DEVELOPMENTAL DISORDER, X-LINKED 98; XLID98__fb2b6b21",2
"FACIAL DYSMORPHISM, IMMUNODEFICIENCY, LIVEDO, AND SHORT STATURE; FILS__d72fd173",2
"INTELLECTUAL DEVELOPMENTAL DISORDER, AUTOSOMAL RECESSIVE 5; MRT5__20bd5ad4",2
"INTELLECTUAL DEVELOPMENTAL DISORDER, AUTOSOMAL RECESSIVE 58; MRT58__bf23e96f",2
DDX23__2f96bd74,2
Craniometaphyseal dysplasia__c3b744f5,2
Cerebral creatine deficiency syndrome__1c5c44f4,2
"Central hypoventilation syndrome, congenital__7067945c",2
CONGENITAL HEART DEFECTS AND ECTODERMAL DYSPLASIA; CHDED__8d6102fc,2
CHROMOSOME 18q DELETION SYNDROME__b16f4535,2
CEREBELLAR DYSFUNCTION WITH VARIABLE COGNITIVE AND BEHAVIORAL ABNORMALITIES; CECBA__d98af59c,2
BASAL CELL NEVUS SYNDROME; BCNS__586ba947,2
BAKER-GORDON SYNDROME; BAGOS__e9d5cfae,2
"Arthrogryposis, renal dysfunction, and cholestasis__c609e7a9",2
Acromesomelic dysplasia__e6b8b46f,2
Acrodysostosis__49084ba7,2
ATP9A__9b1d8b86,2
ANTLEY-BIXLER SYNDROME WITH GENITAL ANOMALIES AND DISORDERED STEROIDOGENESIS; ABS1__8dd54a3a,2
"ALACRIMA, ACHALASIA, AND MENTAL RETARDATION SYNDROME; AAMR__6384cf75",2
"DEAFNESS, DYSTONIA, AND CEREBRAL HYPOMYELINATION; DDCH__54824d45",2
DEVELOPMENTAL AND EPILEPTIC ENCEPHALOPATHY 13; DEE13__c586aa7a,2
DEVELOPMENTAL AND EPILEPTIC ENCEPHALOPATHY 18; DEE18__061e4bd8,2
GLYCINE ENCEPHALOPATHY WITH NORMAL SERUM GLYCINE__f94484f0,2
"INTELLECTUAL DEVELOPMENTAL DISORDER, AUTOSOMAL RECESSIVE 39; MRT39__317e738d",2
"INTELLECTUAL DEVELOPMENTAL DISORDER WITH NASAL SPEECH, DYSMORPHIC FACIES, AND VARIABLE SKELETAL ANOMALIES; IDNADFS__ba7a9877",2
INSULIN-LIKE GROWTH FACTOR I DEFICIENCY__673052bc,2
Hypoplastic left heart syndrome__4a0adc65,2
HAREL-YOON SYNDROME; HAYOS__737800c9,2
Griscelli syndrome__eebe07fb,2
GABRIELE-DE VRIES SYNDROME; GADEVS__a91f692b,2
DEVELOPMENTAL AND EPILEPTIC ENCEPHALOPATHY 54; DEE54__72f20d8d,2
Fanconi anemia__82309df0,2
FRIAS SYNDROME__685cd448,2
FOXA2__a84d40d9,2
"FACIAL DYSMORPHISM, LENS DISLOCATION, ANTERIOR SEGMENT ABNORMALITIES, AND SPONTANEOUS FILTERING BLEBS; FDLAB__eda27202",2
EMANUEL SYNDROME__5bc03619,2
DEVELOPMENTAL AND EPILEPTIC ENCEPHALOPATHY 65; DEE65__d1067454,2
BARTSOCAS-PAPAS SYNDROME 1; BPS1__712537d8,1
