disease,European,Asian,African,Other
3-Methylglutaconic aciduria__fae4ed41,0,0,0,1
3MC syndrome__6c005aa8,1,15,0,2
ABLEPHARON-MACROSTOMIA SYNDROME; AMS__0ee470df,3,0,0,0
ACHONDROPLASIA; ACH__2f7c3c38,4,0,3,0
"ACROFACIAL DYSOSTOSIS 1, NAGER TYPE; AFD1__cff6e3a6",11,0,2,0
"ACROFACIAL DYSOSTOSIS, CINCINNATI TYPE; AFDCIN__df3a03b4",2,0,0,1
ACROMICRIC DYSPLASIA; ACMICD__3cc21408,1,20,0,5
ACTL6A__eb14bc3f,3,0,0,0
"AGENESIS OF CORPUS CALLOSUM, CARDIAC, OCULAR, AND GENITAL SYNDROME; ACOGS__511292b2",4,0,1,0
AL KAISSI SYNDROME; ALKAS__8db24ce8,0,4,2,1
AL-RAQAD SYNDROME; ARS__43273be7,1,6,0,0
"ALACRIMA, ACHALASIA, AND MENTAL RETARDATION SYNDROME; AAMR__6384cf75",0,0,0,2
ALAZAMI SYNDROME; ALAZS__ee8c5ef2,2,3,2,0
ALAZAMI-YUAN SYNDROME; ALYUS__d89cc1a3,0,3,0,0
ALLAN-HERNDON-DUDLEY SYNDROME; AHDS__ed136682,7,0,0,0
"ALPHA-THALASSEMIA_MENTAL RETARDATION SYNDROME, X-LINKED; ATRX__63ddb3db",5,7,0,0
ALSTROM SYNDROME; ALMS__ed7a4d89,0,29,0,0
ALZAHRANI-KUWAHARA SYNDROME; ALKUS__cb4191a1,0,7,0,0
ANGELMAN SYNDROME; AS__471b9572,125,19,7,7
ANTLEY-BIXLER SYNDROME WITH GENITAL ANOMALIES AND DISORDERED STEROIDOGENESIS; ABS1__8dd54a3a,2,0,0,0
APERT SYNDROME__246da1f3,4,1,1,0
ARBOLEDA-THAM SYNDROME; ARTHS__a6d0bf95,48,0,5,0
ASPARAGINE SYNTHETASE DEFICIENCY; ASNSD__cac34c15,0,1,1,1
ATAXIA-TELANGIECTASIA; AT__d9228db4,1,3,0,0
ATP9A__9b1d8b86,0,1,0,0
AU-KLINE SYNDROME; AUKS__e3f12848,26,2,0,0
AYME-GRIPP SYNDROME; AYGRP__bfbc8d98,20,1,0,0
Acrodysostosis__49084ba7,2,0,0,0
Acromesomelic dysplasia__e6b8b46f,0,0,2,0
Alagille syndrome__0e695d36,10,40,0,1
Arthrogryposis multiplex congenita__57fe8c74,3,0,0,0
"Arthrogryposis, distal__b1e822eb",38,19,5,3
"Arthrogryposis, renal dysfunction, and cholestasis__c609e7a9",1,0,0,0
Auriculocondylar syndrome__39d99ece,0,0,2,0
"Autism, susceptiblity to__98424777",26,5,0,0
BAINBRIDGE-ROPERS SYNDROME; BRPS__dbbc187d,12,8,1,3
BAKER-GORDON SYNDROME; BAGOS__e9d5cfae,2,0,0,0
BARBER-SAY SYNDROME; BBRSAY__de7d9aea,4,0,0,0
BARTSOCAS-PAPAS SYNDROME 1; BPS1__712537d8,1,0,0,0
BASAL CELL NEVUS SYNDROME; BCNS__586ba947,0,1,1,0
BASILICATA-AKHTAR SYNDROME; MRXSBA__50b015d4,26,1,0,8
BEAULIEU-BOYCOTT-INNES SYNDROME; BBIS__e1210636,6,6,0,0
BECK-FAHRNER SYNDROME; BEFAHRS__535246fd,5,2,1,2
BECKWITH-WIEDEMANN SYNDROME; BWS__3e4601cf,10,11,2,1
BIRK-BAREL SYNDROME; BIBARS__c009054c,6,3,0,0
"BLEPHAROPHIMOSIS, PTOSIS, AND EPICANTHUS INVERSUS; BPES__1f4558cc",12,3,2,12
BOHRING-OPITZ SYNDROME; BOPS__93656394,21,0,3,1
BORJESON-FORSSMAN-LEHMANN SYNDROME; BFLS__f4c833d9,22,0,0,0
BOSCH-BOONSTRA-SCHAAF OPTIC ATROPHY SYNDROME; BBSOAS__6ec92290,6,2,0,0
BOSMA ARHINIA MICROPHTHALMIA SYNDROME; BAMS__91c02067,3,4,3,0
BRAIN MALFORMATIONS WITH OR WITHOUT URINARY TRACT DEFECTS; BRMUTD__dea565b9,0,1,0,5
BRANCHIOOCULOFACIAL SYNDROME; BOFS__df6f21e9,8,3,0,0
BRUNET-WAGNER NEURODEVELOPMENTAL SYNDROME; BRUWAG__0dc824b9,2,0,0,3
BURN-MCKEOWN SYNDROME; BMKS__94b306c7,8,4,0,0
Baraitser-Winter syndrome__9ab96026,66,0,0,6
Bardet-Biedl syndrome__0e816837,23,2,3,8
Blepharocheilodontic syndrome__179359ce,2,3,2,0
CANTU SYNDROME__a133f1e1,12,2,4,0
"CARDIAC, FACIAL, AND DIGITAL ANOMALIES WITH DEVELOPMENTAL DELAY; CAFDADD__ec7182a6",3,0,0,0
CARDIOSPONDYLOCARPOFACIAL SYNDROME; CSCF__09e041a7,4,0,0,0
CAREY-FINEMAN-ZITER SYNDROME; CFZS__b07fb2e2,7,0,0,2
CATEL-MANZKE SYNDROME; CATMANS__ec87f445,2,1,0,0
CDH8__93c2de42,3,0,0,0
CEBALID SYNDROME; CEBALID__922186ad,20,9,0,1
"CEREBELLAR ATROPHY, VISUAL IMPAIRMENT, AND PSYCHOMOTOR RETARDATION; CAVIPMR__d69f137e",1,4,0,0
CEREBELLAR DYSFUNCTION WITH VARIABLE COGNITIVE AND BEHAVIORAL ABNORMALITIES; CECBA__d98af59c,1,0,0,0
"CEREBELLAR, OCULAR, CRANIOFACIAL, AND GENITAL SYNDROME; COFG__4e0ec9d8",0,14,3,0
CEREBELLOFACIODENTAL SYNDROME; CFDS__2870c0ef,9,0,0,0
CEREBROCOSTOMANDIBULAR SYNDROME; CCMS__0487686f,9,0,0,0
CHANARIN-DORFMAN SYNDROME; CDS__5924088d,3,1,0,0
"CHARCOT-MARIE-TOOTH DISEASE, TYPE 4B3; CMT4B3__5647be72",4,0,0,0
CHARGE SYNDROME__c6048c09,22,28,2,3
CHITAYAT SYNDROME; CHYTS__4d9ce288,4,0,2,1
CHOPS SYNDROME; CHOPS__11ffffc1,10,1,4,1
CHROMOSOME 18q DELETION SYNDROME__b16f4535,0,0,2,0
"CHROMOSOME 1p36 DELETION SYNDROME, DISTAL__33a670a2",0,0,2,1
"CHROMOSOME 22q11.2 DELETION SYNDROME, DISTAL__191d996d",10,7,8,0
CHROMOSOME 2q37 DELETION SYNDROME__da58b76a,3,0,0,2
CHUNG-JANSEN SYNDROME; CHUJANS__0001ca13,29,0,0,1
CIMDAG SYNDROME; CIMDAG__c83dd446,5,0,0,0
CK SYNDROME; CKS__8063b5b6,3,0,0,0
CLARK-BARAITSER SYNDROME; CLABARS__7a43248e,28,2,0,0
"CLEFT PALATE, CARDIAC DEFECTS, AND MENTAL RETARDATION; CPCMR__7f765b74",13,0,1,1
CLEIDOCRANIAL DYSPLASIA; CCD__a103618e,1,12,4,2
COCKAYNE SYNDROME A; CSA__9a125272,0,0,4,0
COCKAYNE SYNDROME B; CSB__008c9d49,0,1,1,0
COFFIN-LOWRY SYNDROME; CLS__d63ef1d1,13,11,4,0
"COGNITIVE FUNCTION 1, SOCIAL; CGF1__59cdb587",0,0,15,0
COHEN SYNDROME; COH1__982d7c55,56,2,2,1
COHEN-GIBSON SYNDROME; COGIS__28c37e1f,5,0,0,0
"CONGENITAL ANOMALIES OF KIDNEY AND URINARY TRACT SYNDROME WITH OR WITHOUT HEARING LOSS, ABNORMAL EARS, OR DEVELOPMENTAL __2a467a80",3,0,0,0
"CONGENITAL CATARACTS, FACIAL DYSMORPHISM, AND NEUROPATHY; CCFDN__10acfffb",9,0,0,0
"CONGENITAL CONTRACTURES OF THE LIMBS AND FACE, HYPOTONIA, AND DEVELOPMENTAL DELAY; CLIFAHDD__a79a9b22",4,0,0,0
CONGENITAL HEART DEFECTS AND ECTODERMAL DYSPLASIA; CHDED__8d6102fc,2,0,0,0
"CONGENITAL HEART DEFECTS, DYSMORPHIC FACIAL FEATURES, AND INTELLECTUAL DEVELOPMENTAL DISORDER; CHDFIDD__95be67b6",18,0,0,0
"CONGENITAL HEART DEFECTS, MULTIPLE TYPES, 2; CHTD2__581e43e6",16,0,3,0
"CONGENITAL HYPOTONIA, EPILEPSY, DEVELOPMENTAL DELAY, AND DIGITAL ANOMALIES; CHEDDA__6d204179",0,1,0,8
"CORPUS CALLOSUM, AGENESIS OF, WITH FACIAL ANOMALIES AND ROBIN SEQUENCE__cc3a1bc4",2,1,0,0
COSTELLO SYNDROME; CSTLO__b18c56a4,29,12,1,9
"CRANIOFACIAL DYSMORPHISM, SKELETAL ANOMALIES, AND MENTAL RETARDATION SYNDROME; CFSMR__d608a659",4,0,0,0
CRANIOFACIAL MICROSOMIA; CFM__8a1d2548,4,0,0,0
CRANIOFRONTONASAL SYNDROME; CFNS__55d125ba,29,15,0,5
CROUZON SYNDROME__021fccb9,21,24,8,1
CSNK1G1__957ac5ab,3,0,0,1
CULLER-JONES SYNDROME; CJS__14633d92,0,1,0,0
CURRARINO SYNDROME__418ce1ec,2,1,0,0
CYSTIC FIBROSIS; CF__7fff2877,4,0,0,0
Cardiofaciocutaneous syndrome__16c02f0d,29,6,0,0
"Cardiomyopathy, familial hypertrophic__8cd12214",1,2,0,0
"Central hypoventilation syndrome, congenital__7067945c",0,0,2,0
Cerebral creatine deficiency syndrome__1c5c44f4,2,0,0,0
Coffin-Siris syndrome__46fda5b4,134,22,3,2
Cold-induced sweating syndrome__948f48b8,8,6,0,0
Cole-Carpenter syndrome__95c1e002,1,5,0,0
"Congenital disorders of glycosylation, type II__36f28646",9,1,0,0
Cornelia de Lange syndrome__fb4a389d,237,53,30,102
Craniometaphyseal dysplasia__c3b744f5,1,1,0,0
Craniosynostosis__14868c16,8,2,0,0
Cutis laxa__acec665e,13,27,5,7
DDX23__2f96bd74,2,0,0,0
"DEAFNESS, CATARACT, IMPAIRED INTELLECTUAL DEVELOPMENT, AND POLYNEUROPATHY; DCIDP__f582842c",12,6,0,0
"DEAFNESS, DYSTONIA, AND CEREBRAL HYPOMYELINATION; DDCH__54824d45",2,0,0,0
"DEAFNESS, ONYCHODYSTROPHY, OSTEODYSTROPHY, MENTAL RETARDATION, AND SEIZURES SYNDROME; DOORS__55d72104",3,0,0,0
DEGCAGS SYNDROME; DEGCAGS__8d383ebb,1,0,0,0
DESANTO-SHINAWI SYNDROME; DESSH__39dfc617,15,3,0,3
DEVELOPMENTAL AND EPILEPTIC ENCEPHALOPATHY 13; DEE13__c586aa7a,2,0,0,0
DEVELOPMENTAL AND EPILEPTIC ENCEPHALOPATHY 18; DEE18__061e4bd8,2,0,0,0
DEVELOPMENTAL AND EPILEPTIC ENCEPHALOPATHY 23; DEE23__e1a3f133,3,0,0,2
DEVELOPMENTAL AND EPILEPTIC ENCEPHALOPATHY 28; DEE28__cda55692,10,3,0,0
DEVELOPMENTAL AND EPILEPTIC ENCEPHALOPATHY 2; DEE2__6171adca,7,0,0,0
DEVELOPMENTAL AND EPILEPTIC ENCEPHALOPATHY 4; DEE4__1d6385dd,6,1,0,0
DEVELOPMENTAL AND EPILEPTIC ENCEPHALOPATHY 54; DEE54__72f20d8d,2,0,0,0
DEVELOPMENTAL AND EPILEPTIC ENCEPHALOPATHY 65; DEE65__d1067454,2,0,0,0
DEVELOPMENTAL AND EPILEPTIC ENCEPHALOPATHY 66; DEE66__3ce80432,6,0,1,0
DEVELOPMENTAL AND EPILEPTIC ENCEPHALOPATHY 70; DEE70__d41abf8f,5,1,0,0
DEVELOPMENTAL AND EPILEPTIC ENCEPHALOPATHY 76; DEE76__2757d70b,4,1,0,0
DEVELOPMENTAL AND EPILEPTIC ENCEPHALOPATHY 7; DEE7__e4bbb232,4,0,0,0
DEVELOPMENTAL AND EPILEPTIC ENCEPHALOPATHY 80; DEE80__ff9fd11e,3,4,0,0
DEVELOPMENTAL AND EPILEPTIC ENCEPHALOPATHY 83; DEE83__a0ff7a62,1,6,0,0
DEVELOPMENTAL AND EPILEPTIC ENCEPHALOPATHY 84; DEE84__92ab7337,2,1,0,0
DEVELOPMENTAL AND EPILEPTIC ENCEPHALOPATHY 87; DEE87__afffc407,2,4,0,0
DEVELOPMENTAL AND EPILEPTIC ENCEPHALOPATHY 94; DEE94__b1a1679a,13,0,0,1
DEVELOPMENTAL AND EPILEPTIC ENCEPHALOPATHY 95; DEE95__f74b3f48,4,0,0,0
DEVELOPMENTAL DELAY WITH OR WITHOUT DYSMORPHIC FACIES AND AUTISM; DEDDFA__bf123572,22,0,0,1
DEVELOPMENTAL DELAY WITH OR WITHOUT INTELLECTUAL IMPAIRMENT OR BEHAVIORAL ABNORMALITIES; DDIB__26eb0a7c,8,0,0,0
"DEVELOPMENTAL DELAY WITH SHORT STATURE, DYSMORPHIC FACIAL FEATURES, AND SPARSE HAIR; DEDSSH__06ac2b4a",2,2,0,1
DEVELOPMENTAL DELAY WITH VARIABLE INTELLECTUAL IMPAIRMENT AND BEHAVIORAL ABNORMALITIES; DDVIBA__62f14118,15,4,0,2
"DEVELOPMENTAL DELAY, HYPOTONIA, MUSCULOSKELETAL DEFECTS, AND BEHAVIORAL ABNORMALITIES; DEHMBA__5e881bdf",15,0,0,0
"DEVELOPMENTAL DELAY, IMPAIRED GROWTH, DYSMORPHIC FACIES, AND AXONAL NEUROPATHY; DIGFAN__d5e92d52",11,0,1,0
"DIABETES MELLITUS, NEONATAL, WITH CONGENITAL HYPOTHYROIDISM; NDH__f97a6ff0",2,3,4,0
DIETS-JONGMANS SYNDROME; DIJOS__a124415c,9,0,0,0
DIGEORGE SYNDROME; DGS__9be90297,10,3,1,0
DONNAI-BARROW SYNDROME__4d7ff5bc,1,3,0,1
DOWN SYNDROME__9402613d,0,0,23,0
DUANE-RADIAL RAY SYNDROME; DRRS__30bbfa3b,5,0,0,0
Desbuquois dysplasia__6192a45e,4,0,0,0
"ECTODERMAL DYSPLASIA WITH FACIAL DYSMORPHISM AND ACRAL, OCULAR, AND BRAIN ANOMALIES; EDFAOB__f5e2a501",8,0,0,0
ELSAHY-WATERS SYNDROME; ESWS__e0f82cf8,5,3,0,0
EMANUEL SYNDROME__5bc03619,0,1,1,0
"EPILEPSY, FOCAL, WITH SPEECH DISORDER AND WITH OR WITHOUT IMPAIRED INTELLECTUAL DEVELOPMENT; FESD__b455fad8",1,0,0,0
Ectodermal dysplasia (select examples)__b4a56494,1,2,0,0
Ehlers-Danlos syndrome__26e9618d,21,16,0,14
"Epilepsy, progressive myoclonic__8ea1d5e1",0,2,0,1
"FACIAL DYSMORPHISM, HYPERTRICHOSIS, EPILEPSY, INTELLECTUAL_DEVELOPMENTAL DELAY, AND GINGIVAL OVERGROWTH SYNDROME; FHEIG__fdc86ce3",5,0,0,0
"FACIAL DYSMORPHISM, IMMUNODEFICIENCY, LIVEDO, AND SHORT STATURE; FILS__d72fd173",0,2,0,0
"FACIAL DYSMORPHISM, LENS DISLOCATION, ANTERIOR SEGMENT ABNORMALITIES, AND SPONTANEOUS FILTERING BLEBS; FDLAB__eda27202",0,2,0,0
"FACIAL PALSY, CONGENITAL, WITH PTOSIS AND VELOPHARYNGEAL DYSFUNCTION; FPVEPD__b7893387",17,0,0,0
FAM20B__3298e12f,0,3,0,0
FBXW7__cbba0000,24,1,0,0
FG syndrome__a82c5f04,9,2,0,1
FILIPPI SYNDROME; FLPIS__c9be4a0f,3,0,0,0
FLOATING-HARBOR SYNDROME; FLHS__04847afa,68,16,1,3
FOCAL DERMAL HYPOPLASIA; FDH__b990afae,16,9,1,1
FONTAINE PROGEROID SYNDROME; FPS__251a3813,10,1,0,0
FOXA2__a84d40d9,2,0,0,0
FRA10AC1__6118a2d4,0,5,0,0
FRAGILE X SYNDROME; FXS__0bf4ba77,16,2,3,0
FRANK-TER HAAR SYNDROME; FTHS__a8d3e9dd,8,2,0,0
FRIAS SYNDROME__685cd448,2,0,0,0
"Facial paresis, hereditary congenital__9cf26d12",0,5,0,0
Facioscapulohumeral muscular dystrophy__15b1ad31,7,0,0,0
Fanconi anemia__82309df0,1,0,1,0
Focal facial dermal dysplasia__3d651cdf,4,1,0,1
Fraser syndrome__a2a5c72f,4,0,2,1
Frontometaphyseal dysplasia__022337fa,3,1,0,1
GABRIELE-DE VRIES SYNDROME; GADEVS__a91f692b,1,1,0,0
GAND SYNDROME; GAND__99b4d765,23,0,0,0
GAPO SYNDROME; GAPOS__50fdd0c7,10,1,2,0
GENITOPATELLAR SYNDROME; GTPTS__ff92aaf1,14,3,0,0
GERODERMA OSTEODYSPLASTICUM; GO__d2f7b6e5,0,9,0,2
GLASS SYNDROME; GLASS__de3d0f8a,28,6,0,0
GLOBAL DEVELOPMENTAL DELAY WITH SPEECH AND BEHAVIORAL ABNORMALITIES; GDSBA__65900b47,3,0,0,0
"GLOBAL DEVELOPMENTAL DELAY, ABSENT OR HYPOPLASTIC CORPUS CALLOSUM, AND DYSMORPHIC FACIES; GDACCF__e5243c57",4,0,0,0
GLYCINE ENCEPHALOPATHY WITH NORMAL SERUM GLYCINE__f94484f0,0,2,0,0
GNAI1__65585e29,7,0,0,0
GOMEZ-LOPEZ-HERNANDEZ SYNDROME; GLHS__b3882490,1,0,0,3
Galloway-Mowat syndrome__ca7a8a42,2,4,5,1
Griscelli syndrome__eebe07fb,0,2,0,0
Growth hormone insensitivity syndrome with immune dysregulation__68695b44,0,0,0,1
H3-3A__c6b632c2,1,0,0,0
H4C3__b85d8d66,3,1,0,2
H4C5__3d3281db,8,0,1,2
H4C9__2d342103,3,0,0,0
HAJDU-CHENEY SYNDROME; HJCYS__c1b1d1c0,3,0,0,1
HAO-FOUNTAIN SYNDROME; HAFOUS__593e62cd,35,1,2,0
HAREL-YOON SYNDROME; HAYOS__737800c9,2,0,0,0
HARTSFIELD SYNDROME; HRTFDS__7f531d74,2,1,0,1
HEART AND BRAIN MALFORMATION SYNDROME; HBMS__7f6df58a,6,1,0,0
HELSMOORTEL-VAN DER AA SYNDROME; HVDAS__93d27023,65,3,0,2
HIATT-NEU-COOPER NEURODEVELOPMENTAL SYNDROME; HINCONS__ec59dd02,8,0,0,1
HYPOPARATHYROIDISM-RETARDATION-DYSMORPHISM SYNDROME; HRDS__0c3b430c,0,3,8,0
"HYPOTONIA, ATAXIA, AND DELAYED DEVELOPMENT SYNDROME; HADDS__000969a8",8,4,0,0
Hennekam lymphangiectasia-lymphedema syndrome__97a48fb8,12,4,1,0
Hermansky-Pudlak syndrome__e5ac2d1d,1,4,0,1
Holoprosencephaly__2104e049,22,0,1,4
Hutchinson-Gilford progeria__054d7fbd,39,23,8,11
Hyper-IgE recurrent infection syndrome__482f9cfe,1,16,0,2
Hyperphosphatasia with mental retardation syndrome__adb3373e,32,19,29,1
Hypoplastic left heart syndrome__4a0adc65,2,0,0,0
"Hypotonia, infantile, with psychomotor retardation and characteristic facies__2d46ffa5",5,4,8,4
IMMUNODEFICIENCY 23; IMD23__d98d765b,0,2,0,1
IMPAIRED INTELLECTUAL DEVELOPMENT AND DISTINCTIVE FACIAL FEATURES WITH OR WITHOUT CARDIAC DEFECTS; MRFACD__d0ea4e66,29,2,1,0
"INTELLECTUAL DEVELOPMENTAL DISORDER WITH AUTISTIC FEATURES AND LANGUAGE DELAY, WITH OR WITHOUT SEIZURES; IDDALDS__35255618",10,1,0,0
INTELLECTUAL DEVELOPMENTAL DISORDER WITH BEHAVIORAL ABNORMALITIES AND CRANIOFACIAL DYSMORPHISM WITH OR WITHOUT SEIZURES;__c67a79d4,3,0,0,0
INTELLECTUAL DEVELOPMENTAL DISORDER WITH CARDIAC DEFECTS AND DYSMORPHIC FACIES; IDDCDF__2c3a31f6,1,8,1,0
INTELLECTUAL DEVELOPMENTAL DISORDER WITH DYSMORPHIC FACIES AND BEHAVIORAL ABNORMALITIES; IDDFBA__e5d7df20,29,4,1,0
INTELLECTUAL DEVELOPMENTAL DISORDER WITH DYSMORPHIC FACIES AND PTOSIS; IDDDFP__1c9966dd,12,2,0,4
"INTELLECTUAL DEVELOPMENTAL DISORDER WITH DYSMORPHIC FACIES, SEIZURES, AND DISTAL LIMB ANOMALIES; IDDFSDA__879295cb",0,8,2,2
INTELLECTUAL DEVELOPMENTAL DISORDER WITH HYPERTELORISM AND DISTINCTIVE FACIES; IDDHDF__d646cd9d,0,4,1,0
INTELLECTUAL DEVELOPMENTAL DISORDER WITH HYPOTONIA AND BEHAVIORAL ABNORMALITIES; IDDHBA__1f9407c0,3,2,0,1
INTELLECTUAL DEVELOPMENTAL DISORDER WITH IMPAIRED LANGUAGE AND DYSMORPHIC FACIES; IDDILF__e3ef25df,3,0,0,1
"INTELLECTUAL DEVELOPMENTAL DISORDER WITH MACROCEPHALY, SEIZURES, AND SPEECH DELAY; IDDMSSD__b5c52dae",0,4,2,0
"INTELLECTUAL DEVELOPMENTAL DISORDER WITH NASAL SPEECH, DYSMORPHIC FACIES, AND VARIABLE SKELETAL ANOMALIES; IDNADFS__ba7a9877",0,1,0,1
INTELLECTUAL DEVELOPMENTAL DISORDER WITH PERSISTENCE OF FETAL HEMOGLOBIN__553e60cb,28,3,0,0
INTELLECTUAL DEVELOPMENTAL DISORDER WITH SEVERE SPEECH AND AMBULATION DEFECTS; IDDSSAD__daa3e749,7,0,0,0
"INTELLECTUAL DEVELOPMENTAL DISORDER WITH SHORT STATURE, FACIAL ANOMALIES, AND SPEECH DEFECTS; IDDSFAS__9366bcad",0,5,0,0
"INTELLECTUAL DEVELOPMENTAL DISORDER WITH SPEECH DELAY, AUTISM, AND DYSMORPHIC FACIES; IDDSADF__5d7fe27e",10,0,0,0
"INTELLECTUAL DEVELOPMENTAL DISORDER WITH SPEECH DELAY, DYSMORPHIC FACIES, AND T-CELL ABNORMALITIES; IDDSFTA__36118dec",9,6,0,3
"INTELLECTUAL DEVELOPMENTAL DISORDER, AUTOSOMAL DOMINANT 21; MRD21__641905ad",21,7,1,0
"INTELLECTUAL DEVELOPMENTAL DISORDER, AUTOSOMAL DOMINANT 23; MRD23__f7b673c7",11,1,0,0
"INTELLECTUAL DEVELOPMENTAL DISORDER, AUTOSOMAL DOMINANT 26; MRD26__8df6e56f",3,1,1,0
"INTELLECTUAL DEVELOPMENTAL DISORDER, AUTOSOMAL DOMINANT 38; MRD38__b1564555",0,4,0,0
"INTELLECTUAL DEVELOPMENTAL DISORDER, AUTOSOMAL DOMINANT 40; MRD40__637a7bce",13,0,1,1
"INTELLECTUAL DEVELOPMENTAL DISORDER, AUTOSOMAL DOMINANT 50, WITH BEHAVIORAL ABNORMALITIES; MRD50__3950766c",56,3,0,4
"INTELLECTUAL DEVELOPMENTAL DISORDER, AUTOSOMAL DOMINANT 53; MRD53__fb585755",5,0,0,0
"INTELLECTUAL DEVELOPMENTAL DISORDER, AUTOSOMAL DOMINANT 59; MRD59__f1b3798d",4,0,0,0
"INTELLECTUAL DEVELOPMENTAL DISORDER, AUTOSOMAL DOMINANT 5; MRD5__2b4fdd88",45,2,0,3
"INTELLECTUAL DEVELOPMENTAL DISORDER, AUTOSOMAL DOMINANT 62; MRD62__2689ee2a",5,0,2,0
"INTELLECTUAL DEVELOPMENTAL DISORDER, AUTOSOMAL DOMINANT 7; MRD7__89ede939",35,3,0,3
"INTELLECTUAL DEVELOPMENTAL DISORDER, AUTOSOMAL RECESSIVE 13; MRT13__9b31f52c",0,2,1,0
"INTELLECTUAL DEVELOPMENTAL DISORDER, AUTOSOMAL RECESSIVE 39; MRT39__317e738d",0,2,0,0
"INTELLECTUAL DEVELOPMENTAL DISORDER, AUTOSOMAL RECESSIVE 46; MRT46__096007b3",0,5,0,0
"INTELLECTUAL DEVELOPMENTAL DISORDER, AUTOSOMAL RECESSIVE 58; MRT58__bf23e96f",2,0,0,0
"INTELLECTUAL DEVELOPMENTAL DISORDER, AUTOSOMAL RECESSIVE 5; MRT5__20bd5ad4",0,2,0,0
"INTELLECTUAL DEVELOPMENTAL DISORDER, AUTOSOMAL RECESSIVE 65; MRT65__c33516d2",3,0,0,0
"INTELLECTUAL DEVELOPMENTAL DISORDER, AUTOSOMAL RECESSIVE 67; MRT67__af5e3839",6,0,0,0
"INTELLECTUAL DEVELOPMENTAL DISORDER, AUTOSOMAL RECESSIVE 72; MRT72__d08757ea",0,4,0,0
"INTELLECTUAL DEVELOPMENTAL DISORDER, AUTOSOMAL RECESSIVE 7; MRT7__39924a69",2,0,0,0
"INTELLECTUAL DEVELOPMENTAL DISORDER, X-LINKED 93; XLID93__fca47eb0",20,0,0,0
"INTELLECTUAL DEVELOPMENTAL DISORDER, X-LINKED 98; XLID98__fb2b6b21",2,0,0,0
"INTELLECTUAL DEVELOPMENTAL DISORDER, X-LINKED 99, SYNDROMIC, FEMALE-RESTRICTED; MRXS99F__04a5773b",14,3,1,2
"INTELLECTUAL DEVELOPMENTAL DISORDER, X-LINKED, SYNDROMIC 33; MRXS33__fc2385fe",39,2,0,4
"INTELLECTUAL DEVELOPMENTAL DISORDER, X-LINKED, SYNDROMIC 34; MRXS34__58aea021",1,0,1,1
"INTELLECTUAL DEVELOPMENTAL DISORDER, X-LINKED, SYNDROMIC, 35; MRXS35__5aa58c17",5,0,0,0
"INTELLECTUAL DEVELOPMENTAL DISORDER, X-LINKED, SYNDROMIC, ARMFIELD TYPE; MRXSA__36c313f9",8,0,0,1
"INTELLECTUAL DEVELOPMENTAL DISORDER, X-LINKED, SYNDROMIC, BILLUART TYPE; MRXSBL__7fc6a7bd",8,0,0,0
"INTELLECTUAL DEVELOPMENTAL DISORDER, X-LINKED, SYNDROMIC, CABEZAS TYPE; MRXSC__7e00eb09",29,0,0,0
"INTELLECTUAL DEVELOPMENTAL DISORDER, X-LINKED, SYNDROMIC, CLAES-JENSEN TYPE; MRXSCJ__83e6e388",5,0,0,0
"INTELLECTUAL DEVELOPMENTAL DISORDER, X-LINKED, SYNDROMIC, HACKMANN-DI DONATO TYPE; MRXSHD__ee7855d1",3,2,0,0
"INTELLECTUAL DEVELOPMENTAL DISORDER, X-LINKED, SYNDROMIC, LUBS TYPE; MRXSL__c65e4e12",31,4,0,0
"INTELLECTUAL DEVELOPMENTAL DISORDER, X-LINKED, SYNDROMIC, LUJAN-FRYNS TYPE; MRXSLF__7eaf3509",0,2,1,0
"INTELLECTUAL DEVELOPMENTAL DISORDER, X-LINKED, SYNDROMIC, NASCIMENTO TYPE; MRXSN__de6bcf04",4,2,0,3
"INTELLECTUAL DEVELOPMENTAL DISORDER, X-LINKED, SYNDROMIC, RAYMOND TYPE; MRXSR__d1f80503",6,0,0,0
"INTELLECTUAL DEVELOPMENTAL DISORDER, X-LINKED, SYNDROMIC, SNIJDERS BLOK TYPE; MRXSSB__0a95390a",36,0,0,0
"INTELLECTUAL DEVELOPMENTAL DISORDER, X-LINKED, SYNDROMIC, SNYDER-ROBINSON TYPE; MRXSSR__aa0fc6e2",2,0,2,3
"INTELLECTUAL DEVELOPMENTAL DISORDER, X-LINKED, SYNDROMIC, TURNER TYPE; MRXST__d3b5a39a",22,0,0,0
"INTELLECTUAL DISABILITY-HYPOTONIC FACIES SYNDROME, X-LINKED, 1; MRXHF1__cb4aa3c4",2,0,0,0
"INTRAUTERINE GROWTH RETARDATION, METAPHYSEAL DYSPLASIA, ADRENAL HYPOPLASIA CONGENITA, GENITAL ANOMALIES, AND IMMUNODEFIC__7efffc8e",10,0,0,0
Immunodeficiency-centromeric instability-facial anomalies__6d8ff5a8,2,1,1,0
Infantile liver failure syndrome__5df372d4,5,0,0,0
JANSEN-DE VRIES SYNDROME; JDVS__7a3a4326,8,0,0,0
JARID2__2453534d,2,0,0,0
JAWAD SYNDROME; JWDS__bcffec93,0,2,0,0
JOHANSON-BLIZZARD SYNDROME; JBS__25d28c27,7,0,0,3
Joubert syndrome__db50c810,48,5,6,0
KAGAMI-OGATA SYNDROME__74aae56d,0,6,0,0
KAUFMAN OCULOCEREBROFACIAL SYNDROME; KOS__f879521f,12,3,1,9
KBG SYNDROME; KBGS__4b10cf71,155,7,1,7
KCTD3__d390a103,0,5,0,0
KDM2B__f01c6c4c,6,3,0,2
KEIPERT SYNDROME; KPTS__ec74a8be,6,0,0,0
KEPPEN-LUBINSKY SYNDROME; KPLBS__f365484d,1,1,0,1
KOOLEN-DE VRIES SYNDROME; KDVS__3fd32be5,50,4,1,0
KOSAKI OVERGROWTH SYNDROME; KOGS__80e8a0e3,7,0,0,0
Kabuki syndrome__fa463433,118,55,5,7
Kenny-Caffey syndrome__6452232a,2,0,0,0
Kleefstra syndrome__6635f40a,54,0,0,0
Klippel-Feil syndrome__c7bb7b7c,1,4,0,1
LACRIMOAURICULODENTODIGITAL SYNDROME; LADD__864b134f,1,0,0,0
LAMB-SHAFFER SYNDROME; LAMSHF__40c227d3,2,1,0,0
LAMB4__1f309599,0,0,2,0
LARON SYNDROME__702a7f94,0,0,0,2
LARSEN SYNDROME; LRS__daa54e4f,9,12,1,2
LATERAL MENINGOCELE SYNDROME; LMNS__d1805985,7,1,0,0
LENZ-MAJEWSKI HYPEROSTOTIC DWARFISM; LMHD__2fccf75d,8,0,0,0
LEOPARD syndrome__e157501a,2,3,0,1
LI-CAMPEAU SYNDROME; LICAS__4d180bb7,2,1,2,0
LIG4 SYNDROME__12dd80e6,13,3,1,2
LUSCAN-LUMISH SYNDROME; LLS__6e719817,19,0,0,0
"Leukodystrophy, hypomyelinating__3e3948ce",0,5,12,1
Linear skin defects with multiple congenital anomalies__46e88bd2,9,0,0,0
Lissencephaly__08b4a0fa,3,0,0,0
Long QT syndrome__72e8008b,5,2,0,0
"MACROCEPHALY, ACQUIRED, WITH IMPAIRED INTELLECTUAL DEVELOPMENT; MACID__5db04503",13,0,0,0
"MACROCEPHALY, DYSMORPHIC FACIES, AND PSYCHOMOTOR RETARDATION; MDFPMR__4e186a0f",0,2,0,0
MACROCEPHALY_AUTISM SYNDROME__d6794a84,1,6,0,0
MACS SYNDROME__beebe5bf,5,3,0,0
MANDIBULOFACIAL DYSOSTOSIS WITH ALOPECIA; MFDA__baca7ed3,5,0,0,0
"MANDIBULOFACIAL DYSOSTOSIS, GUION-ALMEIDA TYPE; MFDGA__e6c924d6",13,0,0,0
"MANNOSIDOSIS, ALPHA B, LYSOSOMAL; MANSA__fd9c20a9",16,11,1,2
MAPKAPK5__1eee1f1b,0,1,2,0
MARBACH-RUSTAD PROGEROID SYNDROME; MARUPS__0ece02ad,4,0,0,0
MARFAN SYNDROME; MFS__f14dc6ac,1,1,2,0
MARFANOID-PROGEROID-LIPODYSTROPHY SYNDROME; MFLS__e82eee1d,10,0,0,0
MARSHALL-SMITH SYNDROME; MRSHSS__3d8024b0,24,1,1,1
MCCUNE-ALBRIGHT SYNDROME; MAS__473d9355,1,1,0,0
MEGALENCEPHALY-CAPILLARY MALFORMATION-POLYMICROGYRIA SYNDROME; MCAP__b25f16a6,2,0,0,0
MELNICK-NEEDLES SYNDROME; MNS__a4b6f2bd,0,0,0,1
MENTAL RETARDATION WITH LANGUAGE IMPAIRMENT AND WITH OR WITHOUT AUTISTIC FEATURES__6ecd2ec1,4,0,0,0
"MENTAL RETARDATION, AUTOSOMAL DOMINANT 48; MRD48__64967c96",3,0,1,2
"MENTAL RETARDATION, AUTOSOMAL DOMINANT 51; MRD51__5691bf95",4,0,0,0
"MENTAL RETARDATION, AUTOSOMAL DOMINANT 54; MRD54__b075f83b",14,0,0,0
"MENTAL RETARDATION, AUTOSOMAL DOMINANT 57; MRD57__ca726d42",36,1,0,0
"MENTAL RETARDATION, AUTOSOMAL DOMINANT 58; MRD58__a2a4b3aa",7,0,0,0
"MICROCEPHALIC OSTEODYSPLASTIC PRIMORDIAL DWARFISM, TYPE I; MOPD1__750138dc",3,0,1,0
"MICROCEPHALIC OSTEODYSPLASTIC PRIMORDIAL DWARFISM, TYPE II; MOPD2__77f2cd03",0,1,8,0
"MICROCEPHALY WITH OR WITHOUT CHORIORETINOPATHY, LYMPHEDEMA, OR MENTAL RETARDATION; MCLMR__5be44a5b",7,1,0,1
"MICROCEPHALY, GROWTH DEFICIENCY, SEIZURES, AND BRAIN MALFORMATIONS; MIGSB__32d12b6f",0,0,2,0
MICROCEPHALY-CAPILLARY MALFORMATION SYNDROME; MICCAP__f822b08f,0,3,0,0
MOEBIUS SYNDROME; MBS__78b15e27,5,0,0,9
MOWAT-WILSON SYNDROME; MOWS__1bc115aa,52,1,2,9
MUCOLIPIDOSIS II ALPHA_BETA__08661f5b,23,12,1,4
MUENKE SYNDROME; MNKES__051ddad5,4,0,0,0
"MULTIPLE CONGENITAL ANOMALIES-NEURODEVELOPMENTAL SYNDROME, X-LINKED; MCAND__52ec68b1",0,6,0,0
"MULTIPLE PTERYGIUM SYNDROME, ESCOBAR VARIANT; EVMPS__f7e24667",1,0,2,0
"MYASTHENIC SYNDROME, CONGENITAL, 19; CMS19__5f2506e0",4,0,0,0
"MYASTHENIC SYNDROME, CONGENITAL, 22; CMS22__c3e888d0",4,0,0,0
MYHRE SYNDROME; MYHRS__9c537410,23,12,1,1
"MYOPATHY, CONGENITAL, BAILEY-BLOCH; MYPBB__d8939ac9",0,3,0,4
Mandibuloacral dysplasia with lipodystrophy__0a88630f,0,0,3,0
Meier-Gorlin syndrome__5fc08b77,13,9,0,3
Menke-Hennekam syndrome__2b0b5cd9,44,6,1,0
Methylmalonic aciduria and homocystinuria__9330e6fb,0,1,0,0
"Microcephaly, epilepsy, and diabetes syndrome__8e218601",0,0,4,0
"Microcephaly, growth restriction and increased sister chromatid exchange__4044d9f8",4,4,0,0
"Microcephaly, primary__00922ad1",2,8,0,1
"Microphthalmia, syndromic__040ece8c",10,3,0,0
Mitochondrial DNA depletion syndrome__476fb708,3,0,0,1
"Mitochondrial complex V (ATP synthase) deficiency, nuclear type__d364ac08",1,0,0,5
Mucopolysaccharidoses__dad2c2d0,42,29,7,9
Multiple congenital anomalies-hypotonia-seizures syndrome__8d671c88,14,11,4,2
"Muscular dystrophy-dystroglycanopathy, type A__ee5ba88d",0,0,2,1
"Myopathy, centronuclear__ef188f60",4,1,0,0
Myotonic dystrophy__a4837143,2,0,0,0
"NABAIS SA-DE VRIES SYNDROME, TYPE 1; NSDVS1__b94f159f",2,0,0,0
"NABAIS SA-DE VRIES SYNDROME, TYPE 2; NSDVS2__a61c568e",4,0,0,0
NABLUS MASK-LIKE FACIAL SYNDROME; NMLFS__f5885ad5,7,1,0,0
NANCE-HORAN SYNDROME; NHS__fbc32100,0,1,0,2
NEURODEVELOPMENTAL DISORDER AND LANGUAGE DELAY WITH OR WITHOUT STRUCTURAL BRAIN ABNORMALITIES; NEDLBA__62ca776f,4,2,1,0
NEURODEVELOPMENTAL DISORDER AND STRUCTURAL BRAIN ANOMALIES WITH OR WITHOUT SEIZURES AND SPASTICITY; NEDBASS__23c4a335,2,0,0,2
"NEURODEVELOPMENTAL DISORDER WITH ATAXIC GAIT, ABSENT SPEECH, AND DECREASED CORTICAL WHITE MATTER; NDAGSCW__775b4c54",2,0,0,0
"NEURODEVELOPMENTAL DISORDER WITH CATARACTS, POOR GROWTH, AND DYSMORPHIC FACIES; NDCAGF__b521eab1",0,3,0,0
NEURODEVELOPMENTAL DISORDER WITH CENTRAL AND PERIPHERAL MOTOR DYSFUNCTION; NEDCPMD__6cc55f46,2,0,1,0
NEURODEVELOPMENTAL DISORDER WITH DYSMORPHIC FACIES AND DISTAL LIMB ANOMALIES; NEDDFL__48f67376,14,0,0,2
NEURODEVELOPMENTAL DISORDER WITH DYSMORPHIC FACIES AND DISTAL SKELETAL ANOMALIES; NEDDFSA__5e1d7546,12,0,0,8
"NEURODEVELOPMENTAL DISORDER WITH DYSMORPHIC FACIES, SLEEP DISTURBANCE, AND BRAIN ABNORMALITIES; NEDFASB__4120092f",3,0,1,0
"NEURODEVELOPMENTAL DISORDER WITH EPILEPSY, CATARACTS, FEEDING DIFFICULTIES, AND DELAYED BRAIN MYELINATION; NECFM__cacdd291",3,1,0,2
"NEURODEVELOPMENTAL DISORDER WITH EPILEPSY, SPASTICITY, AND BRAIN ATROPHY; NEDESBA__7d1698cc",2,2,0,2
"NEURODEVELOPMENTAL DISORDER WITH HEARING LOSS, SEIZURES, AND BRAIN ABNORMALITIES; NEDHSB__05ebc2f0",5,9,0,0
NEURODEVELOPMENTAL DISORDER WITH HYPOTONIA AND AUTISTIC FEATURES WITH OR WITHOUT HYPERKINETIC MOVEMENTS; NEDHAHM__a9ed43f1,5,0,0,0
"NEURODEVELOPMENTAL DISORDER WITH HYPOTONIA AND CEREBELLAR ATROPHY, WITH OR WITHOUT SEIZURES; NEDHCAS__6d1cb7e7",2,0,1,0
NEURODEVELOPMENTAL DISORDER WITH HYPOTONIA AND DYSMORPHIC FACIES; NEDHYDF__08d35e43,2,2,0,0
NEURODEVELOPMENTAL DISORDER WITH HYPOTONIA AND VARIABLE INTELLECTUAL AND BEHAVIORAL ABNORMALITIES; NEDHIB__1887682d,15,1,1,0
"NEURODEVELOPMENTAL DISORDER WITH HYPOTONIA, FACIAL DYSMORPHISM, AND BRAIN ABNORMALITIES; NEDHFBA__51753bfe",0,5,0,0
"NEURODEVELOPMENTAL DISORDER WITH HYPOTONIA, MICROCEPHALY, AND SEIZURES; NEDHYMS__e1bfb9ed",3,0,0,0
"NEURODEVELOPMENTAL DISORDER WITH HYPOTONIA, NEONATAL RESPIRATORY INSUFFICIENCY, AND THERMODYSREGULATION; NEDHRIT__1cd8909a",2,2,0,0
"NEURODEVELOPMENTAL DISORDER WITH HYPOTONIA, STEREOTYPIC HAND MOVEMENTS, AND IMPAIRED LANGUAGE; NEDHSIL__f8805041",3,0,0,0
"NEURODEVELOPMENTAL DISORDER WITH IMPAIRED INTELLECTUAL DEVELOPMENT, HYPOTONIA, AND ATAXIA; NEDIDHA__7f194027",3,0,0,0
NEURODEVELOPMENTAL DISORDER WITH MICROCEPHALY AND STRUCTURAL BRAIN ANOMALIES; NEDMIBA__d6ac6893,0,3,0,0
"NEURODEVELOPMENTAL DISORDER WITH MICROCEPHALY, ARTHROGRYPOSIS, AND STRUCTURAL BRAIN ANOMALIES; NEDMABA__384c3e13",2,0,2,1
"NEURODEVELOPMENTAL DISORDER WITH NEONATAL RESPIRATORY INSUFFICIENCY, HYPOTONIA, AND FEEDING DIFFICULTIES; NEDRIHF__93d45d69",27,1,0,0
NEURODEVELOPMENTAL DISORDER WITH NONSPECIFIC BRAIN ABNORMALITIES AND WITH OR WITHOUT SEIZURES; NEDBAS__f4d141f9,3,0,0,0
"NEURODEVELOPMENTAL DISORDER WITH OR WITHOUT ANOMALIES OF THE BRAIN, EYE, OR HEART; NEDBEH__462fbfbe",3,0,0,1
NEURODEVELOPMENTAL DISORDER WITH OR WITHOUT AUTISTIC FEATURES AND_OR STRUCTURAL BRAIN ABNORMALITIES; NEDASB__5eb18dd7,3,0,0,0
NEURODEVELOPMENTAL DISORDER WITH OR WITHOUT EARLY-ONSET GENERALIZED EPILEPSY; NEDEGE__d73bd326,3,0,0,0
"NEURODEVELOPMENTAL DISORDER WITH OR WITHOUT HYPOTONIA, SEIZURES, AND CEREBELLAR ATROPHY; NEDHSCA__f1d85e9a",1,1,0,0
NEURODEVELOPMENTAL DISORDER WITH SEIZURES AND SPEECH AND WALKING IMPAIRMENT; NEDSSWI__b78ddcce,3,0,0,0
NEURODEVELOPMENTAL DISORDER WITH SEVERE MOTOR IMPAIRMENT AND ABSENT LANGUAGE; NEDMIAL__163528b1,1,1,0,2
NEURODEVELOPMENTAL DISORDER WITH SPASTIC DIPLEGIA AND VISUAL DEFECTS; NEDSDV__ef12cf11,16,4,0,0
NEURODEVELOPMENTAL DISORDER WITH STRUCTURAL BRAIN ANOMALIES AND DYSMORPHIC FACIES; NEDBAF__5267c6eb,1,0,0,3
"NEURODEVELOPMENTAL, JAW, EYE, AND DIGITAL SYNDROME; NEDJED__6279375d",4,0,0,0
"NEUROFIBROMATOSIS, TYPE I; NF1__f75bf71f",2,0,9,0
NEUROOCULOCARDIOGENITOURINARY SYNDROME; NOCGUS__4ca82618,6,0,0,0
NICOLAIDES-BARAITSER SYNDROME; NCBRS__78ac980b,70,3,5,4
NIJMEGEN BREAKAGE SYNDROME; NBS__9c43478a,21,3,1,0
NIZON-ISIDOR SYNDROME; NIZIDS__d32ad35d,3,0,0,0
Neu-Laxova syndrome__0041c801,0,1,1,0
Noonan syndrome-like disorder with loose anagen hair__13a2213d,4,3,2,1
Noonan syndrome__c2df3f82,77,39,23,14
O'DONNELL-LURIA-RODAN SYNDROME; ODLURO__73fe3256,10,0,0,0
OCULODENTODIGITAL DYSPLASIA; ODDD__b6c748b5,15,7,0,5
OCULOSKELETODENTAL SYNDROME; OCSKD__6bbe87b5,0,2,1,0
OGDEN SYNDROME; OGDNS__32400320,224,19,0,42
"OHDO SYNDROME, SBBYS VARIANT; SBBYSS__0420737d",49,3,0,0
"OHDO SYNDROME, X-LINKED; OHDOX__e6da3690",5,0,0,0
OKUR-CHUNG NEURODEVELOPMENTAL SYNDROME; OCNDS__24883506,19,8,3,0
OPITZ-KAVEGGIA SYNDROME; OKS__1a308d58,1,1,0,0
"OTITIS MEDIA, SUSCEPTIBILITY TO; OMS__08bea86e",8,0,0,0
"OTOPALATODIGITAL SYNDROME, TYPE I; OPD1__bf48aeee",0,5,0,0
"OTOPALATODIGITAL SYNDROME, TYPE II; OPD2__25082ad3",0,0,0,1
Oculocutaneous albinism__94a78bdc,2,20,2,0
Omodysplasia__5a90ab3d,0,1,0,0
Opitz GBBB syndrome__534c3422,11,1,5,0
Orofaciodigital syndrome__59aa02a5,12,13,5,0
Osteogenesis imperfecta__0821762f,9,1,23,1
"Osteopetrosis, autosomal recessive__f65ee20e",0,0,1,3
Otofaciocervical syndrome__42db2f9a,0,2,0,0
"PACHYGYRIA, MICROCEPHALY, DEVELOPMENTAL DELAY, AND DYSMORPHIC FACIES, WITH OR WITHOUT SEIZURES; PAMDDFS__dfd919a5",1,3,0,0
PAGANINI-MIOZZO SYNDROME; MRXSPM__22ba51ae,2,0,0,0
PETERS-PLUS SYNDROME; PTRPLS__55215399,6,0,0,2
PETTIGREW SYNDROME; PGS__544c4a5f,3,0,0,0
PFEIFFER SYNDROME__0d67235b,5,9,1,1
PGM2L1__92be65c6,0,2,0,2
PHELAN-MCDERMID SYNDROME; PHMDS__56c03ccc,6,4,1,0
PIERPONT SYNDROME; PRPTS__59c08023,14,0,0,0
"PINEAL HYPERPLASIA, INSULIN-RESISTANT DIABETES MELLITUS, AND SOMATIC ABNORMALITIES__4f470373",1,0,2,0
PITT-HOPKINS SYNDROME; PTHS__d527d01d,47,4,1,3
PITT-HOPKINS-LIKE SYNDROME 1; PTHSL1__46de4f8b,2,0,0,0
PLXND1__648a4358,5,0,0,0
POIKILODERMA WITH NEUTROPENIA; PN__c6b79fcf,5,10,1,1
"POIKILODERMA, HEREDITARY FIBROSING, WITH TENDON CONTRACTURES, MYOPATHY, AND PULMONARY FIBROSIS; POIKTMP__6d23a22f",4,2,1,0
POIRIER-BIENVENU NEURODEVELOPMENTAL SYNDROME; POBINDS__26bb18cc,6,0,0,1
PPFIA3__7543902b,1,0,1,0
PRADER-WILLI SYNDROME; PWS__38702d4d,56,1,1,0
"PREMATURE AGING SYNDROME, PENTTINEN TYPE; PENTT__13a60488",1,1,0,0
PRIMROSE SYNDROME; PRIMS__93a5aedc,36,4,1,2
PROLIDASE DEFICIENCY__8d8e6ccb,0,7,0,0
PROTEUS SYNDROME__63e99fb4,7,0,0,0
PSMC5__499deb40,5,0,0,0
Pontocerebellar hypoplasia__3965ecc3,7,11,0,0
RADIO-TARTAGLIA SYNDROME; RATARS__43a2d10f,2,1,0,0
RAFIQ SYNDROME; RAFQS__70008cea,7,0,0,0
RAHMAN SYNDROME; RMNS__8f57e066,26,6,1,0
RAUCH-STEINDL SYNDROME; RAUST__26c31f00,9,0,0,0
RENPENNING SYNDROME 1; RENS1__2310d1fa,29,1,0,0
RETT SYNDROME; RTT__796e1ab7,16,2,0,0
REV3L__9cd868d0,6,0,0,0
RIDDLE SYNDROME; RIDL__592ca236,4,0,0,0
ROBIN SEQUENCE WITH CLEFT MANDIBLE AND LIMB ANOMALIES__7c86f619,2,0,0,7
ROBINOW-SORAUF SYNDROME__30b2ec54,2,1,0,0
Robinow syndrome__3fa0c0ae,34,8,1,0
Rothmund-Thomson syndrome__ae78139b,14,6,0,0
Rubinstein-Taybi syndrome__ad6c2718,60,26,14,11
SAETHRE-CHOTZEN SYNDROME; SCS__287d8e35,22,17,0,5
SALT AND PEPPER DEVELOPMENTAL REGRESSION SYNDROME; SPDRS__d61199f9,0,0,2,0
SANDESTIG-STEFANOVA SYNDROME; SANDSTEF__90de5492,2,2,0,3
SAUL-WILSON SYNDROME; SWILS__59b9d9d3,13,0,0,3
SCAF4__368b9191,4,1,0,0
SCHAAF-YANG SYNDROME; SHFYNG__ec4c0f98,136,2,1,1
SCHINZEL-GIEDION MIDFACE RETRACTION SYNDROME__ccd82c43,10,1,0,2
SCHUURS-HOEIJMAKERS SYNDROME; SHMS__b6fc8f8b,15,6,0,0
"SCHWARTZ-JAMPEL SYNDROME, TYPE 1; SJS1__a1de0dc4",0,0,1,0
"SEIZURES, SCOLIOSIS, AND MACROCEPHALY_MICROCEPHALY SYNDROME; SSMS__d33ffac8",1,0,0,0
SHASHI-PENA SYNDROME; SHAPNS__653d2a99,12,0,2,1
SHORT STATURE WITH MICROCEPHALY AND DISTINCTIVE FACIES; SSMCF__520ab551,0,1,0,0
"SHORT STATURE, BRACHYDACTYLY, IMPAIRED INTELLECTUAL DEVELOPMENT, AND SEIZURES; SBIDDS__9c15138e",0,3,3,1
"SHORT STATURE, IMPAIRED INTELLECTUAL DEVELOPMENT, MICROCEPHALY, HYPOTONIA, AND OCULAR ANOMALIES; SIMHA__16778791",0,5,0,0
"SHORT STATURE, MICROCEPHALY, AND ENDOCRINE DYSFUNCTION; SSMED__754f8204",3,0,0,0
"SHORT STATURE, OLIGODONTIA, DYSMORPHIC FACIES, AND MOTOR DELAY; SOFM__8692a2b6",3,0,0,0
"SHORT STATURE, ONYCHODYSPLASIA, FACIAL DYSMORPHISM, AND HYPOTRICHOSIS; SOFT__71dae9cd",9,3,0,1
"SHORT STATURE, RHIZOMELIC, WITH MICROCEPHALY, MICROGNATHIA, AND DEVELOPMENTAL DELAY; SRMMD__d8cdde37",2,2,0,0
SHORT SYNDROME__ae39926d,10,2,0,0
SHPRINTZEN-GOLDBERG CRANIOSYNOSTOSIS SYNDROME; SGS__24611c2f,5,0,0,0
SHUKLA-VERNON SYNDROME; SHUVER__6bffd3e6,0,2,0,0
SIFRIM-HITZ-WEISS SYNDROME; SIHIWES__6142fea6,6,0,0,0
"SIMPSON-GOLABI-BEHMEL SYNDROME, TYPE 1; SGBS1__95724a7b",12,6,1,0
SIN3B__fe787741,1,0,0,1
SIX2__e58517dc,6,0,0,0
"SKELETAL DYSPLASIA, MILD, WITH JOINT LAXITY AND ADVANCED BONE AGE; SDJLABA__51c5e5f4",3,0,0,0
SKRABAN-DEARDORFF SYNDROME; SKDEAS__ec19b863,19,0,0,0
SMITH-KINGSMORE SYNDROME; SKS__26669e54,9,0,2,0
SMITH-LEMLI-OPITZ SYNDROME; SLOS__a7cc6ffd,45,6,2,2
SMITH-MAGENIS SYNDROME; SMS__211f4178,79,11,0,7
SNIJDERS BLOK-CAMPEAU SYNDROME; SNIBCPS__6ce67b1f,12,0,0,0
SOTOS SYNDROME; SOTOS__bf015147,79,21,12,2
"SPASTIC PARAPLEGIA 47, AUTOSOMAL RECESSIVE; SPG47__4fc297cf",0,2,0,1
"SPASTIC PARAPLEGIA 50, AUTOSOMAL RECESSIVE; SPG50__f879b2ca",1,4,0,0
SPINOCEREBELLAR ATAXIA 26; SCA26__5d7a2127,2,0,0,0
"SPINOCEREBELLAR ATAXIA 42, EARLY-ONSET, SEVERE, WITH NEURODEVELOPMENTAL DEFICITS; SCA42ND__672012d2",6,0,0,0
"SPONDYLOEPIMETAPHYSEAL DYSPLASIA, ISIDOR-TOUTAIN TYPE; SEMDIST__37283aa2",3,0,2,0
SPONDYLOEPIPHYSEAL DYSPLASIA CONGENITA; SEDC__5ef56226,0,0,6,0
STANKIEWICZ-ISIDOR SYNDROME; STISS__496fc6fe,7,0,0,1
STEEL SYNDROME; STLS__f4e3c1f7,2,2,0,0
STRUCTURAL BRAIN ANOMALIES WITH IMPAIRED INTELLECTUAL DEVELOPMENT AND CRANIOSYNOSTOSIS; BAIDCS__9bb1be86,5,0,0,1
SULEIMAN-EL-HATTAB SYNDROME; SULEHS__c812c083,0,3,1,0
SWEENEY-COX SYNDROME; SWCOS__a88874bf,3,0,0,0
Seckel syndrome__470d9540,6,18,1,0
"Short stature, facial dysmorphism, and skeletal anomalies with or without cardiac anomalies__7fc1a263",7,1,0,0
Silver-Russell syndrome__7aea26cd,6,1,1,4
"Skin creases, congenital symmetric circumferential__06a4c7e2",7,2,0,0
Spastic paraplegia__33f82337,1,1,0,0
"Spinocerebellar ataxia, autosomal recessive__31110058",1,3,3,0
Spondyloepimetaphyseal dysplasia with joint laxity__a8ecd4be,0,0,0,1
Spondylometaphyseal dysplasia__0474ec8e,0,0,2,0
Stickler syndrome__b5106665,7,6,11,0
TAF4__e136707b,6,0,0,0
TAKENOUCHI-KOSAKI SYNDROME; TKS__2c308aac,16,3,6,0
TATTON-BROWN-RAHMAN SYNDROME; TBRS__2b9aac0d,34,5,0,0
TCEAL1__9a47ca54,5,0,1,2
TOLCHIN-LE CAIGNEC SYNDROME; TOLCAS__5f2e7f8a,7,0,0,0
TONNE-KALSCHEUER SYNDROME; TOKAS__8bd5b15e,6,0,0,0
TRICHOHEPATONEURODEVELOPMENTAL SYNDROME; THNS__ca2e27f5,3,1,0,1
TURNPENNY-FRY SYNDROME; TPFS__78f557d7,11,1,0,0
Teebi hypertelorism syndrome__2ef765f6,17,1,0,0
Three M syndrome__7b34cefc,3,3,0,7
Treacher Collins syndrome__0338c5ad,35,23,4,1
Trichohepatoenteric syndrome__355e14a3,0,10,2,2
Trichorhinophalangeal syndrome__c65055aa,19,24,0,0
Trichothiodystrophy__ad7c58c6,3,1,0,0
Tuberous sclerosis__e3cfa39d,3,1,3,0
Urofacial syndrome__ab191038,0,4,0,0
Usher syndrome__d8bd0e2a,1,0,0,0
VAN DEN ENDE-GUPTA SYNDROME; VDEGS__f9b5ccdc,2,0,2,0
VAN DER WOUDE SYNDROME 1; VWS1__93efcd11,3,2,0,0
VELOCARDIOFACIAL SYNDROME; VCFS__ef485e45,0,2,0,0
VERHEIJ SYNDROME; VRJS__bce524fa,21,1,0,0
VICI SYNDROME; VICIS__c7d0327b,4,4,0,3
Van Maldergem syndrome__306683cb,0,0,6,0
WARSAW BREAKAGE SYNDROME; WABS__7918ac00,2,0,0,0
WEAVER SYNDROME; WVS__7c74ac9e,43,3,0,5
WEISS-KRUSZKA SYNDROME; WSKA__295192ca,10,0,0,0
WHITE-SUTTON SYNDROME; WHSUS__4d3fc142,17,8,3,0
WIEDEMANN-STEINER SYNDROME; WDSTS__12a717b2,74,41,4,5
WILLIAMS-BEUREN SYNDROME; WBS__93e4a782,85,86,37,63
WITTEVEEN-KOLK SYNDROME; WITKOS__5fc3555f,34,1,0,0
WOLF-HIRSCHHORN SYNDROME; WHS__f94cc3ea,3,9,2,0
WRINKLY SKIN SYNDROME; WSS__572dbc73,0,3,0,0
Waardenburg syndrome__9ce6c173,10,9,3,1
Warburg micro syndrome__9c505f69,2,0,0,0
XIA-GIBBS SYNDROME; XIGIS__a0a692fc,9,1,0,1
YOU-HOOVER-FONG SYNDROME; YHFS__73480d8a,8,0,0,0
YWHAZ__b7724749,5,0,0,0
ZSCAN10__7d9fb978,1,0,0,0
ZTTK SYNDROME; ZTTKS__f1c57fa5,27,7,0,1
Zimmermann-Laband syndrome__4e6cd104,12,0,0,1
