facekit_cohort,syndrome_name,syndrome_id,internal_syndrome_name,internal_syndrome_id
WILLIAMS-BEUREN SYNDROME; WBS__93e4a782,WILLIAMS-BEUREN SYNDROME; WBS,1,WILLIAMS-BEUREN SYNDROME; WBS,1
Cornelia de Lange syndrome__fb4a389d,Cornelia de Lange syndrome,0,Cornelia de Lange syndrome,0
Hypoplastic left heart syndrome__4a0adc65,Hypoplastic left heart syndrome,529,Hypoplastic left heart syndrome,529
Kabuki syndrome__fa463433,Kabuki syndrome,3,Kabuki syndrome,3
Hyperphosphatasia with mental retardation syndrome__adb3373e,Hyperphosphatasia with mental retardation syndrome,14,Hyperphosphatasia with mental retardation syndrome,14
"POIKILODERMA, HEREDITARY FIBROSING, WITH TENDON CONTRACTURES, MYOPATHY, AND PULMONARY FIBROSIS; POIKTMP__6d23a22f","POIKILODERMA, HEREDITARY FIBROSING, WITH TENDON CONTRACTURES, MYOPATHY, AND PULMONARY FIBROSIS; POIKTMP",297,"POIKILODERMA, HEREDITARY FIBROSING, WITH TENDON CONTRACTURES, MYOPATHY, AND PULMONARY FIBROSIS; POIKTMP",297
Noonan syndrome__c2df3f82,Noonan syndrome,2,Noonan syndrome,2
Coffin-Siris syndrome__46fda5b4,Coffin-Siris syndrome,4,Coffin-Siris syndrome,4
"INTELLECTUAL DEVELOPMENTAL DISORDER, X-LINKED, SYNDROMIC, SNIJDERS BLOK TYPE; MRXSSB__0a95390a","INTELLECTUAL DEVELOPMENTAL DISORDER, X-LINKED, SYNDROMIC, SNIJDERS BLOK TYPE; MRXSSB",52,"INTELLECTUAL DEVELOPMENTAL DISORDER, X-LINKED, SYNDROMIC, SNIJDERS BLOK TYPE; MRXSSB",52
"DEAFNESS, CATARACT, IMPAIRED INTELLECTUAL DEVELOPMENT, AND POLYNEUROPATHY; DCIDP__f582842c","DEAFNESS, CATARACT, IMPAIRED INTELLECTUAL DEVELOPMENT, AND POLYNEUROPATHY; DCIDP",145,"DEAFNESS, CATARACT, IMPAIRED INTELLECTUAL DEVELOPMENT, AND POLYNEUROPATHY; DCIDP",145
Klippel-Feil syndrome__c7bb7b7c,Klippel-Feil syndrome,301,Klippel-Feil syndrome,301
"INTELLECTUAL DEVELOPMENTAL DISORDER, AUTOSOMAL DOMINANT 40; MRD40__637a7bce","INTELLECTUAL DEVELOPMENTAL DISORDER, AUTOSOMAL DOMINANT 40; MRD40",139,"INTELLECTUAL DEVELOPMENTAL DISORDER, AUTOSOMAL DOMINANT 40; MRD40",139
"Autism, susceptiblity to__98424777","Autism, susceptiblity to",75,"Autism, susceptiblity to",75
"INTELLECTUAL DEVELOPMENTAL DISORDER WITH SPEECH DELAY, DYSMORPHIC FACIES, AND T-CELL ABNORMALITIES; IDDSFTA__36118dec","INTELLECTUAL DEVELOPMENTAL DISORDER WITH SPEECH DELAY, DYSMORPHIC FACIES, AND T-CELL ABNORMALITIES; IDDSFTA",191,"INTELLECTUAL DEVELOPMENTAL DISORDER WITH SPEECH DELAY, DYSMORPHIC FACIES, AND T-CELL ABNORMALITIES; IDDSFTA",191
SMITH-MAGENIS SYNDROME; SMS__211f4178,SMITH-MAGENIS SYNDROME; SMS,30,SMITH-MAGENIS SYNDROME; SMS,30
WHITE-SUTTON SYNDROME; WHSUS__4d3fc142,WHITE-SUTTON SYNDROME; WHSUS,59,WHITE-SUTTON SYNDROME; WHSUS,59
Cardiofaciocutaneous syndrome__16c02f0d,Cardiofaciocutaneous syndrome,31,Cardiofaciocutaneous syndrome,31
"INTELLECTUAL DEVELOPMENTAL DISORDER WITH SPEECH DELAY, AUTISM, AND DYSMORPHIC FACIES; IDDSADF__5d7fe27e","INTELLECTUAL DEVELOPMENTAL DISORDER WITH SPEECH DELAY, AUTISM, AND DYSMORPHIC FACIES; IDDSADF",201,"INTELLECTUAL DEVELOPMENTAL DISORDER WITH SPEECH DELAY, AUTISM, AND DYSMORPHIC FACIES; IDDSADF",201
BASILICATA-AKHTAR SYNDROME; MRXSBA__50b015d4,BASILICATA-AKHTAR SYNDROME; MRXSBA,57,BASILICATA-AKHTAR SYNDROME; MRXSBA,57
SHORT STATURE WITH MICROCEPHALY AND DISTINCTIVE FACIES; SSMCF__520ab551,SHORT STATURE WITH MICROCEPHALY AND DISTINCTIVE FACIES; SSMCF,512,SHORT STATURE WITH MICROCEPHALY AND DISTINCTIVE FACIES; SSMCF,512
"Microcephaly, growth restriction and increased sister chromatid exchange__4044d9f8","Microcephaly, growth restriction and increased sister chromatid exchange",219,"Microcephaly, growth restriction and increased sister chromatid exchange",219
COCKAYNE SYNDROME A; CSA__9a125272,COCKAYNE SYNDROME A; CSA,370,COCKAYNE SYNDROME A; CSA,370
POIKILODERMA WITH NEUTROPENIA; PN__c6b79fcf,POIKILODERMA WITH NEUTROPENIA; PN,120,POIKILODERMA WITH NEUTROPENIA; PN,120
Rothmund-Thomson syndrome__ae78139b,Rothmund-Thomson syndrome,96,Rothmund-Thomson syndrome,96
"INTELLECTUAL DEVELOPMENTAL DISORDER, AUTOSOMAL RECESSIVE 72; MRT72__d08757ea","INTELLECTUAL DEVELOPMENTAL DISORDER, AUTOSOMAL RECESSIVE 72; MRT72",397,"INTELLECTUAL DEVELOPMENTAL DISORDER, AUTOSOMAL RECESSIVE 72; MRT72",397
VICI SYNDROME; VICIS__c7d0327b,VICI SYNDROME; VICIS,179,VICI SYNDROME; VICIS,179
SAUL-WILSON SYNDROME; SWILS__59b9d9d3,SAUL-WILSON SYNDROME; SWILS,207,SAUL-WILSON SYNDROME; SWILS,207
"MICROCEPHALIC OSTEODYSPLASTIC PRIMORDIAL DWARFISM, TYPE II; MOPD2__77f2cd03","MICROCEPHALIC OSTEODYSPLASTIC PRIMORDIAL DWARFISM, TYPE II; MOPD2",216,"MICROCEPHALIC OSTEODYSPLASTIC PRIMORDIAL DWARFISM, TYPE II; MOPD2",216
Noonan syndrome-like disorder with loose anagen hair__13a2213d,Noonan syndrome-like disorder with loose anagen hair,229,Noonan syndrome-like disorder with loose anagen hair,229
HAREL-YOON SYNDROME; HAYOS__737800c9,HAREL-YOON SYNDROME; HAYOS,537,HAREL-YOON SYNDROME; HAYOS,537
INTELLECTUAL DEVELOPMENTAL DISORDER WITH DYSMORPHIC FACIES AND BEHAVIORAL ABNORMALITIES; IDDFBA__e5d7df20,INTELLECTUAL DEVELOPMENTAL DISORDER WITH DYSMORPHIC FACIES AND BEHAVIORAL ABNORMALITIES; IDDFBA,80,INTELLECTUAL DEVELOPMENTAL DISORDER WITH DYSMORPHIC FACIES AND BEHAVIORAL ABNORMALITIES; IDDFBA,80
KBG SYNDROME; KBGS__4b10cf71,KBG SYNDROME; KBGS,5,KBG SYNDROME; KBGS,5
"INTELLECTUAL DEVELOPMENTAL DISORDER, AUTOSOMAL DOMINANT 7; MRD7__89ede939","INTELLECTUAL DEVELOPMENTAL DISORDER, AUTOSOMAL DOMINANT 7; MRD7",64,"INTELLECTUAL DEVELOPMENTAL DISORDER, AUTOSOMAL DOMINANT 7; MRD7",64
"CARDIAC, FACIAL, AND DIGITAL ANOMALIES WITH DEVELOPMENTAL DELAY; CAFDADD__ec7182a6","CARDIAC, FACIAL, AND DIGITAL ANOMALIES WITH DEVELOPMENTAL DELAY; CAFDADD",318,"CARDIAC, FACIAL, AND DIGITAL ANOMALIES WITH DEVELOPMENTAL DELAY; CAFDADD",318
AU-KLINE SYNDROME; AUKS__e3f12848,AU-KLINE SYNDROME; AUKS,63,AU-KLINE SYNDROME; AUKS,63
"CONGENITAL HEART DEFECTS, MULTIPLE TYPES, 2; CHTD2__581e43e6","CONGENITAL HEART DEFECTS, MULTIPLE TYPES, 2; CHTD2",126,"CONGENITAL HEART DEFECTS, MULTIPLE TYPES, 2; CHTD2",126
ROBIN SEQUENCE WITH CLEFT MANDIBLE AND LIMB ANOMALIES__7c86f619,ROBIN SEQUENCE WITH CLEFT MANDIBLE AND LIMB ANOMALIES,258,ROBIN SEQUENCE WITH CLEFT MANDIBLE AND LIMB ANOMALIES,258
"Microcephaly, epilepsy, and diabetes syndrome__8e218601","Microcephaly, epilepsy, and diabetes syndrome",375,"Microcephaly, epilepsy, and diabetes syndrome",375
O'DONNELL-LURIA-RODAN SYNDROME; ODLURO__73fe3256,O'DONNELL-LURIA-RODAN SYNDROME; ODLURO,181,O'DONNELL-LURIA-RODAN SYNDROME; ODLURO,181
"NEURODEVELOPMENTAL DISORDER WITH DYSMORPHIC FACIES, SLEEP DISTURBANCE, AND BRAIN ABNORMALITIES; NEDFASB__4120092f","NEURODEVELOPMENTAL DISORDER WITH DYSMORPHIC FACIES, SLEEP DISTURBANCE, AND BRAIN ABNORMALITIES; NEDFASB",473,"NEURODEVELOPMENTAL DISORDER WITH DYSMORPHIC FACIES, SLEEP DISTURBANCE, AND BRAIN ABNORMALITIES; NEDFASB",473
INTELLECTUAL DEVELOPMENTAL DISORDER WITH IMPAIRED LANGUAGE AND DYSMORPHIC FACIES; IDDILF__e3ef25df,INTELLECTUAL DEVELOPMENTAL DISORDER WITH IMPAIRED LANGUAGE AND DYSMORPHIC FACIES; IDDILF,401,INTELLECTUAL DEVELOPMENTAL DISORDER WITH IMPAIRED LANGUAGE AND DYSMORPHIC FACIES; IDDILF,401
3MC syndrome__6c005aa8,3MC syndrome,124,3MC syndrome,124
"INTELLECTUAL DEVELOPMENTAL DISORDER, AUTOSOMAL DOMINANT 62; MRD62__2689ee2a","INTELLECTUAL DEVELOPMENTAL DISORDER, AUTOSOMAL DOMINANT 62; MRD62",106,"INTELLECTUAL DEVELOPMENTAL DISORDER, AUTOSOMAL DOMINANT 62; MRD62",106
DEVELOPMENTAL AND EPILEPTIC ENCEPHALOPATHY 87; DEE87__afffc407,DEVELOPMENTAL AND EPILEPTIC ENCEPHALOPATHY 87; DEE87,226,DEVELOPMENTAL AND EPILEPTIC ENCEPHALOPATHY 87; DEE87,226
Cutis laxa__acec665e,Cutis laxa,22,Cutis laxa,22
DEVELOPMENTAL AND EPILEPTIC ENCEPHALOPATHY 23; DEE23__e1a3f133,DEVELOPMENTAL AND EPILEPTIC ENCEPHALOPATHY 23; DEE23,342,DEVELOPMENTAL AND EPILEPTIC ENCEPHALOPATHY 23; DEE23,342
LUSCAN-LUMISH SYNDROME; LLS__6e719817,LUSCAN-LUMISH SYNDROME; LLS,190,LUSCAN-LUMISH SYNDROME; LLS,190
"INTELLECTUAL DEVELOPMENTAL DISORDER, AUTOSOMAL RECESSIVE 58; MRT58__bf23e96f","INTELLECTUAL DEVELOPMENTAL DISORDER, AUTOSOMAL RECESSIVE 58; MRT58",563,"INTELLECTUAL DEVELOPMENTAL DISORDER, AUTOSOMAL RECESSIVE 58; MRT58",563
"NEURODEVELOPMENTAL DISORDER WITH HEARING LOSS, SEIZURES, AND BRAIN ABNORMALITIES; NEDHSB__05ebc2f0","NEURODEVELOPMENTAL DISORDER WITH HEARING LOSS, SEIZURES, AND BRAIN ABNORMALITIES; NEDHSB",168,"NEURODEVELOPMENTAL DISORDER WITH HEARING LOSS, SEIZURES, AND BRAIN ABNORMALITIES; NEDHSB",168
"MYASTHENIC SYNDROME, CONGENITAL, 22; CMS22__c3e888d0","MYASTHENIC SYNDROME, CONGENITAL, 22; CMS22",573,"MYASTHENIC SYNDROME, CONGENITAL, 22; CMS22",573
SMITH-KINGSMORE SYNDROME; SKS__26669e54,SMITH-KINGSMORE SYNDROME; SKS,244,SMITH-KINGSMORE SYNDROME; SKS,244
"INTELLECTUAL DEVELOPMENTAL DISORDER, X-LINKED, SYNDROMIC, 35; MRXS35__5aa58c17","INTELLECTUAL DEVELOPMENTAL DISORDER, X-LINKED, SYNDROMIC, 35; MRXS35",418,"INTELLECTUAL DEVELOPMENTAL DISORDER, X-LINKED, SYNDROMIC, 35; MRXS35",418
"NEURODEVELOPMENTAL DISORDER WITH NEONATAL RESPIRATORY INSUFFICIENCY, HYPOTONIA, AND FEEDING DIFFICULTIES; NEDRIHF__93d45d69","NEURODEVELOPMENTAL DISORDER WITH NEONATAL RESPIRATORY INSUFFICIENCY, HYPOTONIA, AND FEEDING DIFFICULTIES; NEDRIHF",86,"NEURODEVELOPMENTAL DISORDER WITH NEONATAL RESPIRATORY INSUFFICIENCY, HYPOTONIA, AND FEEDING DIFFICULTIES; NEDRIHF",86
Baraitser-Winter syndrome__9ab96026,Baraitser-Winter syndrome,20,Baraitser-Winter syndrome,20
SMITH-LEMLI-OPITZ SYNDROME; SLOS__a7cc6ffd,SMITH-LEMLI-OPITZ SYNDROME; SLOS,12,SMITH-LEMLI-OPITZ SYNDROME; SLOS,12
"INTELLECTUAL DEVELOPMENTAL DISORDER, X-LINKED, SYNDROMIC, TURNER TYPE; MRXST__d3b5a39a","INTELLECTUAL DEVELOPMENTAL DISORDER, X-LINKED, SYNDROMIC, TURNER TYPE; MRXST",119,"INTELLECTUAL DEVELOPMENTAL DISORDER, X-LINKED, SYNDROMIC, TURNER TYPE; MRXST",119
Meier-Gorlin syndrome__5fc08b77,Meier-Gorlin syndrome,66,Meier-Gorlin syndrome,66
MUENKE SYNDROME; MNKES__051ddad5,MUENKE SYNDROME; MNKES,435,MUENKE SYNDROME; MNKES,435
Hutchinson-Gilford progeria__054d7fbd,Hutchinson-Gilford progeria,18,Hutchinson-Gilford progeria,18
"Short stature, facial dysmorphism, and skeletal anomalies with or without cardiac anomalies__7fc1a263","Short stature, facial dysmorphism, and skeletal anomalies with or without cardiac anomalies",187,"Short stature, facial dysmorphism, and skeletal anomalies with or without cardiac anomalies",187
Blepharocheilodontic syndrome__179359ce,Blepharocheilodontic syndrome,294,Blepharocheilodontic syndrome,294
Robinow syndrome__3fa0c0ae,Robinow syndrome,43,Robinow syndrome,43
Omodysplasia__5a90ab3d,Omodysplasia,487,Omodysplasia,487
MAPKAPK5__1eee1f1b,MAPKAPK5,470,MAPKAPK5,470
HAO-FOUNTAIN SYNDROME; HAFOUS__593e62cd,HAO-FOUNTAIN SYNDROME; HAFOUS,71,HAO-FOUNTAIN SYNDROME; HAFOUS,71
BOSCH-BOONSTRA-SCHAAF OPTIC ATROPHY SYNDROME; BBSOAS__6ec92290,BOSCH-BOONSTRA-SCHAAF OPTIC ATROPHY SYNDROME; BBSOAS,107,BOSCH-BOONSTRA-SCHAAF OPTIC ATROPHY SYNDROME; BBSOAS,107
FG syndrome__a82c5f04,FG syndrome,164,FG syndrome,164
HARTSFIELD SYNDROME; HRTFDS__7f531d74,HARTSFIELD SYNDROME; HRTFDS,245,HARTSFIELD SYNDROME; HRTFDS,245
Fraser syndrome__a2a5c72f,Fraser syndrome,270,Fraser syndrome,270
OCULODENTODIGITAL DYSPLASIA; ODDD__b6c748b5,OCULODENTODIGITAL DYSPLASIA; ODDD,67,OCULODENTODIGITAL DYSPLASIA; ODDD,67
CATEL-MANZKE SYNDROME; CATMANS__ec87f445,CATEL-MANZKE SYNDROME; CATMANS,516,CATEL-MANZKE SYNDROME; CATMANS,516
Frontometaphyseal dysplasia__022337fa,Frontometaphyseal dysplasia,194,Frontometaphyseal dysplasia,194
CAREY-FINEMAN-ZITER SYNDROME; CFZS__b07fb2e2,CAREY-FINEMAN-ZITER SYNDROME; CFZS,222,CAREY-FINEMAN-ZITER SYNDROME; CFZS,222
Osteogenesis imperfecta__0821762f,Osteogenesis imperfecta,72,Osteogenesis imperfecta,72
KOOLEN-DE VRIES SYNDROME; KDVS__3fd32be5,KOOLEN-DE VRIES SYNDROME; KDVS,25,KOOLEN-DE VRIES SYNDROME; KDVS,25
"INTELLECTUAL DEVELOPMENTAL DISORDER, X-LINKED 99, SYNDROMIC, FEMALE-RESTRICTED; MRXS99F__04a5773b","INTELLECTUAL DEVELOPMENTAL DISORDER, X-LINKED 99, SYNDROMIC, FEMALE-RESTRICTED; MRXS99F",129,"INTELLECTUAL DEVELOPMENTAL DISORDER, X-LINKED 99, SYNDROMIC, FEMALE-RESTRICTED; MRXS99F",129
XIA-GIBBS SYNDROME; XIGIS__a0a692fc,XIA-GIBBS SYNDROME; XIGIS,202,XIA-GIBBS SYNDROME; XIGIS,202
SIFRIM-HITZ-WEISS SYNDROME; SIHIWES__6142fea6,SIFRIM-HITZ-WEISS SYNDROME; SIHIWES,277,SIFRIM-HITZ-WEISS SYNDROME; SIHIWES,277
INTELLECTUAL DEVELOPMENTAL DISORDER WITH DYSMORPHIC FACIES AND PTOSIS; IDDDFP__1c9966dd,INTELLECTUAL DEVELOPMENTAL DISORDER WITH DYSMORPHIC FACIES AND PTOSIS; IDDDFP,104,INTELLECTUAL DEVELOPMENTAL DISORDER WITH DYSMORPHIC FACIES AND PTOSIS; IDDDFP,104
"INTELLECTUAL DEVELOPMENTAL DISORDER, X-LINKED, SYNDROMIC 33; MRXS33__fc2385fe","INTELLECTUAL DEVELOPMENTAL DISORDER, X-LINKED, SYNDROMIC 33; MRXS33",42,"INTELLECTUAL DEVELOPMENTAL DISORDER, X-LINKED, SYNDROMIC 33; MRXS33",42
"Hypotonia, infantile, with psychomotor retardation and characteristic facies__2d46ffa5","Hypotonia, infantile, with psychomotor retardation and characteristic facies",122,"Hypotonia, infantile, with psychomotor retardation and characteristic facies",122
"INTELLECTUAL DEVELOPMENTAL DISORDER, AUTOSOMAL RECESSIVE 65; MRT65__c33516d2","INTELLECTUAL DEVELOPMENTAL DISORDER, AUTOSOMAL RECESSIVE 65; MRT65",546,"INTELLECTUAL DEVELOPMENTAL DISORDER, AUTOSOMAL RECESSIVE 65; MRT65",546
"MENTAL RETARDATION, AUTOSOMAL DOMINANT 51; MRD51__5691bf95","MENTAL RETARDATION, AUTOSOMAL DOMINANT 51; MRD51",413,"MENTAL RETARDATION, AUTOSOMAL DOMINANT 51; MRD51",413
YOU-HOOVER-FONG SYNDROME; YHFS__73480d8a,YOU-HOOVER-FONG SYNDROME; YHFS,264,YOU-HOOVER-FONG SYNDROME; YHFS,264
ACROMICRIC DYSPLASIA; ACMICD__3cc21408,ACROMICRIC DYSPLASIA; ACMICD,221,ACROMICRIC DYSPLASIA; ACMICD,221
CHOPS SYNDROME; CHOPS__11ffffc1,CHOPS SYNDROME; CHOPS,185,CHOPS SYNDROME; CHOPS,185
"HYPOTONIA, ATAXIA, AND DELAYED DEVELOPMENT SYNDROME; HADDS__000969a8","HYPOTONIA, ATAXIA, AND DELAYED DEVELOPMENT SYNDROME; HADDS",198,"HYPOTONIA, ATAXIA, AND DELAYED DEVELOPMENT SYNDROME; HADDS",198
INTELLECTUAL DEVELOPMENTAL DISORDER WITH HYPOTONIA AND BEHAVIORAL ABNORMALITIES; IDDHBA__1f9407c0,INTELLECTUAL DEVELOPMENTAL DISORDER WITH HYPOTONIA AND BEHAVIORAL ABNORMALITIES; IDDHBA,275,INTELLECTUAL DEVELOPMENTAL DISORDER WITH HYPOTONIA AND BEHAVIORAL ABNORMALITIES; IDDHBA,275
KOSAKI OVERGROWTH SYNDROME; KOGS__80e8a0e3,KOSAKI OVERGROWTH SYNDROME; KOGS,523,KOSAKI OVERGROWTH SYNDROME; KOGS,523
OKUR-CHUNG NEURODEVELOPMENTAL SYNDROME; OCNDS__24883506,OKUR-CHUNG NEURODEVELOPMENTAL SYNDROME; OCNDS,118,OKUR-CHUNG NEURODEVELOPMENTAL SYNDROME; OCNDS,118
ELSAHY-WATERS SYNDROME; ESWS__e0f82cf8,ELSAHY-WATERS SYNDROME; ESWS,350,ELSAHY-WATERS SYNDROME; ESWS,350
"NEURODEVELOPMENTAL DISORDER WITH OR WITHOUT ANOMALIES OF THE BRAIN, EYE, OR HEART; NEDBEH__462fbfbe","NEURODEVELOPMENTAL DISORDER WITH OR WITHOUT ANOMALIES OF THE BRAIN, EYE, OR HEART; NEDBEH",385,"NEURODEVELOPMENTAL DISORDER WITH OR WITHOUT ANOMALIES OF THE BRAIN, EYE, OR HEART; NEDBEH",385
Kleefstra syndrome__6635f40a,Kleefstra syndrome,60,Kleefstra syndrome,60
Joubert syndrome__db50c810,Joubert syndrome,36,Joubert syndrome,36
"Arthrogryposis, distal__b1e822eb","Arthrogryposis, distal",13,"Arthrogryposis, distal",13
Holoprosencephaly__2104e049,Holoprosencephaly,28,Holoprosencephaly,28
SHASHI-PENA SYNDROME; SHAPNS__653d2a99,SHASHI-PENA SYNDROME; SHAPNS,231,SHASHI-PENA SYNDROME; SHAPNS,231
"NEURODEVELOPMENTAL DISORDER WITH EPILEPSY, CATARACTS, FEEDING DIFFICULTIES, AND DELAYED BRAIN MYELINATION; NECFM__cacdd291","NEURODEVELOPMENTAL DISORDER WITH EPILEPSY, CATARACTS, FEEDING DIFFICULTIES, AND DELAYED BRAIN MYELINATION; NECFM",295,"NEURODEVELOPMENTAL DISORDER WITH EPILEPSY, CATARACTS, FEEDING DIFFICULTIES, AND DELAYED BRAIN MYELINATION; NECFM",295
"CEREBELLAR ATROPHY, VISUAL IMPAIRMENT, AND PSYCHOMOTOR RETARDATION; CAVIPMR__d69f137e","CEREBELLAR ATROPHY, VISUAL IMPAIRMENT, AND PSYCHOMOTOR RETARDATION; CAVIPMR",312,"CEREBELLAR ATROPHY, VISUAL IMPAIRMENT, AND PSYCHOMOTOR RETARDATION; CAVIPMR",312
SKRABAN-DEARDORFF SYNDROME; SKDEAS__ec19b863,SKRABAN-DEARDORFF SYNDROME; SKDEAS,121,SKRABAN-DEARDORFF SYNDROME; SKDEAS,121
"MENTAL RETARDATION, AUTOSOMAL DOMINANT 48; MRD48__64967c96","MENTAL RETARDATION, AUTOSOMAL DOMINANT 48; MRD48",291,"MENTAL RETARDATION, AUTOSOMAL DOMINANT 48; MRD48",291
NEURODEVELOPMENTAL DISORDER WITH DYSMORPHIC FACIES AND DISTAL LIMB ANOMALIES; NEDDFL__48f67376,NEURODEVELOPMENTAL DISORDER WITH DYSMORPHIC FACIES AND DISTAL LIMB ANOMALIES; NEDDFL,116,NEURODEVELOPMENTAL DISORDER WITH DYSMORPHIC FACIES AND DISTAL LIMB ANOMALIES; NEDDFL,116
TAKENOUCHI-KOSAKI SYNDROME; TKS__2c308aac,TAKENOUCHI-KOSAKI SYNDROME; TKS,137,TAKENOUCHI-KOSAKI SYNDROME; TKS,137
AL KAISSI SYNDROME; ALKAS__8db24ce8,AL KAISSI SYNDROME; ALKAS,269,AL KAISSI SYNDROME; ALKAS,269
LENZ-MAJEWSKI HYPEROSTOTIC DWARFISM; LMHD__2fccf75d,LENZ-MAJEWSKI HYPEROSTOTIC DWARFISM; LMHD,441,LENZ-MAJEWSKI HYPEROSTOTIC DWARFISM; LMHD,441
FONTAINE PROGEROID SYNDROME; FPS__251a3813,FONTAINE PROGEROID SYNDROME; FPS,230,FONTAINE PROGEROID SYNDROME; FPS,230
"CONGENITAL HEART DEFECTS, DYSMORPHIC FACIAL FEATURES, AND INTELLECTUAL DEVELOPMENTAL DISORDER; CHDFIDD__95be67b6","CONGENITAL HEART DEFECTS, DYSMORPHIC FACIAL FEATURES, AND INTELLECTUAL DEVELOPMENTAL DISORDER; CHDFIDD",54,"CONGENITAL HEART DEFECTS, DYSMORPHIC FACIAL FEATURES, AND INTELLECTUAL DEVELOPMENTAL DISORDER; CHDFIDD",54
DEVELOPMENTAL AND EPILEPTIC ENCEPHALOPATHY 66; DEE66__3ce80432,DEVELOPMENTAL AND EPILEPTIC ENCEPHALOPATHY 66; DEE66,250,DEVELOPMENTAL AND EPILEPTIC ENCEPHALOPATHY 66; DEE66,250
Warburg micro syndrome__9c505f69,Warburg micro syndrome,480,Warburg micro syndrome,480
"Microphthalmia, syndromic__040ece8c","Microphthalmia, syndromic",188,"Microphthalmia, syndromic",188
INTELLECTUAL DEVELOPMENTAL DISORDER WITH HYPERTELORISM AND DISTINCTIVE FACIES; IDDHDF__d646cd9d,INTELLECTUAL DEVELOPMENTAL DISORDER WITH HYPERTELORISM AND DISTINCTIVE FACIES; IDDHDF,402,INTELLECTUAL DEVELOPMENTAL DISORDER WITH HYPERTELORISM AND DISTINCTIVE FACIES; IDDHDF,402
KCTD3__d390a103,KCTD3,319,KCTD3,319
"Skin creases, congenital symmetric circumferential__06a4c7e2","Skin creases, congenital symmetric circumferential",461,"Skin creases, congenital symmetric circumferential",461
"Spinocerebellar ataxia, autosomal recessive__31110058","Spinocerebellar ataxia, autosomal recessive",249,"Spinocerebellar ataxia, autosomal recessive",249
SOTOS SYNDROME; SOTOS__bf015147,SOTOS SYNDROME; SOTOS,10,SOTOS SYNDROME; SOTOS,10
MARSHALL-SMITH SYNDROME; MRSHSS__3d8024b0,MARSHALL-SMITH SYNDROME; MRSHSS,114,MARSHALL-SMITH SYNDROME; MRSHSS,114
VERHEIJ SYNDROME; VRJS__bce524fa,VERHEIJ SYNDROME; VRJS,99,VERHEIJ SYNDROME; VRJS,99
KEPPEN-LUBINSKY SYNDROME; KPLBS__f365484d,KEPPEN-LUBINSKY SYNDROME; KPLBS,454,KEPPEN-LUBINSKY SYNDROME; KPLBS,454
NEURODEVELOPMENTAL DISORDER WITH HYPOTONIA AND VARIABLE INTELLECTUAL AND BEHAVIORAL ABNORMALITIES; NEDHIB__1887682d,NEURODEVELOPMENTAL DISORDER WITH HYPOTONIA AND VARIABLE INTELLECTUAL AND BEHAVIORAL ABNORMALITIES; NEDHIB,125,NEURODEVELOPMENTAL DISORDER WITH HYPOTONIA AND VARIABLE INTELLECTUAL AND BEHAVIORAL ABNORMALITIES; NEDHIB,125
HIATT-NEU-COOPER NEURODEVELOPMENTAL SYNDROME; HINCONS__ec59dd02,HIATT-NEU-COOPER NEURODEVELOPMENTAL SYNDROME; HINCONS,212,HIATT-NEU-COOPER NEURODEVELOPMENTAL SYNDROME; HINCONS,212
INTELLECTUAL DEVELOPMENTAL DISORDER WITH CARDIAC DEFECTS AND DYSMORPHIC FACIES; IDDCDF__2c3a31f6,INTELLECTUAL DEVELOPMENTAL DISORDER WITH CARDIAC DEFECTS AND DYSMORPHIC FACIES; IDDCDF,199,INTELLECTUAL DEVELOPMENTAL DISORDER WITH CARDIAC DEFECTS AND DYSMORPHIC FACIES; IDDCDF,199
TURNPENNY-FRY SYNDROME; TPFS__78f557d7,TURNPENNY-FRY SYNDROME; TPFS,176,TURNPENNY-FRY SYNDROME; TPFS,176
"MACROCEPHALY, ACQUIRED, WITH IMPAIRED INTELLECTUAL DEVELOPMENT; MACID__5db04503","MACROCEPHALY, ACQUIRED, WITH IMPAIRED INTELLECTUAL DEVELOPMENT; MACID",205,"MACROCEPHALY, ACQUIRED, WITH IMPAIRED INTELLECTUAL DEVELOPMENT; MACID",205
Cole-Carpenter syndrome__95c1e002,Cole-Carpenter syndrome,396,Cole-Carpenter syndrome,396
"SHORT STATURE, RHIZOMELIC, WITH MICROCEPHALY, MICROGNATHIA, AND DEVELOPMENTAL DELAY; SRMMD__d8cdde37","SHORT STATURE, RHIZOMELIC, WITH MICROCEPHALY, MICROGNATHIA, AND DEVELOPMENTAL DELAY; SRMMD",390,"SHORT STATURE, RHIZOMELIC, WITH MICROCEPHALY, MICROGNATHIA, AND DEVELOPMENTAL DELAY; SRMMD",390
SCHAAF-YANG SYNDROME; SHFYNG__ec4c0f98,SCHAAF-YANG SYNDROME; SHFYNG,35,SCHAAF-YANG SYNDROME; SHFYNG,35
FOCAL DERMAL HYPOPLASIA; FDH__b990afae,FOCAL DERMAL HYPOPLASIA; FDH,83,FOCAL DERMAL HYPOPLASIA; FDH,83
GLASS SYNDROME; GLASS__de3d0f8a,GLASS SYNDROME; GLASS,58,GLASS SYNDROME; GLASS,58
"ACROFACIAL DYSOSTOSIS 1, NAGER TYPE; AFD1__cff6e3a6","ACROFACIAL DYSOSTOSIS 1, NAGER TYPE; AFD1",127,"ACROFACIAL DYSOSTOSIS 1, NAGER TYPE; AFD1",127
CEREBROCOSTOMANDIBULAR SYNDROME; CCMS__0487686f,CEREBROCOSTOMANDIBULAR SYNDROME; CCMS,225,CEREBROCOSTOMANDIBULAR SYNDROME; CCMS,225
ZTTK SYNDROME; ZTTKS__f1c57fa5,ZTTK SYNDROME; ZTTKS,53,ZTTK SYNDROME; ZTTKS,53
Menke-Hennekam syndrome__2b0b5cd9,Menke-Hennekam syndrome,73,Menke-Hennekam syndrome,73
CYSTIC FIBROSIS; CF__7fff2877,CYSTIC FIBROSIS; CF,541,CYSTIC FIBROSIS; CF,541
Zimmermann-Laband syndrome__4e6cd104,Zimmermann-Laband syndrome,220,Zimmermann-Laband syndrome,220
"INTELLECTUAL DEVELOPMENTAL DISORDER, X-LINKED, SYNDROMIC, BILLUART TYPE; MRXSBL__7fc6a7bd","INTELLECTUAL DEVELOPMENTAL DISORDER, X-LINKED, SYNDROMIC, BILLUART TYPE; MRXSBL",243,"INTELLECTUAL DEVELOPMENTAL DISORDER, X-LINKED, SYNDROMIC, BILLUART TYPE; MRXSBL",243
DIETS-JONGMANS SYNDROME; DIJOS__a124415c,DIETS-JONGMANS SYNDROME; DIJOS,224,DIETS-JONGMANS SYNDROME; DIJOS,224
Orofaciodigital syndrome__59aa02a5,Orofaciodigital syndrome,82,Orofaciodigital syndrome,82
"INTRAUTERINE GROWTH RETARDATION, METAPHYSEAL DYSPLASIA, ADRENAL HYPOPLASIA CONGENITA, GENITAL ANOMALIES, AND IMMUNODEFIC__7efffc8e","INTRAUTERINE GROWTH RETARDATION, METAPHYSEAL DYSPLASIA, ADRENAL HYPOPLASIA CONGENITA, GENITAL ANOMALIES, AND IMMUNODEFICIENCY; IMAGEI",203,"INTRAUTERINE GROWTH RETARDATION, METAPHYSEAL DYSPLASIA, ADRENAL HYPOPLASIA CONGENITA, GENITAL ANOMALIES, AND IMMUNODEFICIENCY; IMAGEI",203
"ALPHA-THALASSEMIA_MENTAL RETARDATION SYNDROME, X-LINKED; ATRX__63ddb3db","ALPHA-THALASSEMIA/MENTAL RETARDATION SYNDROME, X-LINKED; ATRX",110,"ALPHA-THALASSEMIA/MENTAL RETARDATION SYNDROME, X-LINKED; ATRX",110
NEURODEVELOPMENTAL DISORDER WITH DYSMORPHIC FACIES AND DISTAL SKELETAL ANOMALIES; NEDDFSA__5e1d7546,NEURODEVELOPMENTAL DISORDER WITH DYSMORPHIC FACIES AND DISTAL SKELETAL ANOMALIES; NEDDFSA,115,NEURODEVELOPMENTAL DISORDER WITH DYSMORPHIC FACIES AND DISTAL SKELETAL ANOMALIES; NEDDFSA,115
"INTELLECTUAL DEVELOPMENTAL DISORDER, AUTOSOMAL RECESSIVE 46; MRT46__096007b3","INTELLECTUAL DEVELOPMENTAL DISORDER, AUTOSOMAL RECESSIVE 46; MRT46",309,"INTELLECTUAL DEVELOPMENTAL DISORDER, AUTOSOMAL RECESSIVE 46; MRT46",309
BRAIN MALFORMATIONS WITH OR WITHOUT URINARY TRACT DEFECTS; BRMUTD__dea565b9,BRAIN MALFORMATIONS WITH OR WITHOUT URINARY TRACT DEFECTS; BRMUTD,492,BRAIN MALFORMATIONS WITH OR WITHOUT URINARY TRACT DEFECTS; BRMUTD,492
PROLIDASE DEFICIENCY__8d8e6ccb,PROLIDASE DEFICIENCY,325,PROLIDASE DEFICIENCY,325
DEVELOPMENTAL DELAY WITH OR WITHOUT DYSMORPHIC FACIES AND AUTISM; DEDDFA__bf123572,DEVELOPMENTAL DELAY WITH OR WITHOUT DYSMORPHIC FACIES AND AUTISM; DEDDFA,142,DEVELOPMENTAL DELAY WITH OR WITHOUT DYSMORPHIC FACIES AND AUTISM; DEDDFA,142
NEURODEVELOPMENTAL DISORDER WITH STRUCTURAL BRAIN ANOMALIES AND DYSMORPHIC FACIES; NEDBAF__5267c6eb,NEURODEVELOPMENTAL DISORDER WITH STRUCTURAL BRAIN ANOMALIES AND DYSMORPHIC FACIES; NEDBAF,368,NEURODEVELOPMENTAL DISORDER WITH STRUCTURAL BRAIN ANOMALIES AND DYSMORPHIC FACIES; NEDBAF,368
DEVELOPMENTAL AND EPILEPTIC ENCEPHALOPATHY 80; DEE80__ff9fd11e,DEVELOPMENTAL AND EPILEPTIC ENCEPHALOPATHY 80; DEE80,252,DEVELOPMENTAL AND EPILEPTIC ENCEPHALOPATHY 80; DEE80,252
"NEURODEVELOPMENTAL DISORDER WITH ATAXIC GAIT, ABSENT SPEECH, AND DECREASED CORTICAL WHITE MATTER; NDAGSCW__775b4c54","NEURODEVELOPMENTAL DISORDER WITH ATAXIC GAIT, ABSENT SPEECH, AND DECREASED CORTICAL WHITE MATTER; NDAGSCW",571,"NEURODEVELOPMENTAL DISORDER WITH ATAXIC GAIT, ABSENT SPEECH, AND DECREASED CORTICAL WHITE MATTER; NDAGSCW",571
Rubinstein-Taybi syndrome__ad6c2718,Rubinstein-Taybi syndrome,9,Rubinstein-Taybi syndrome,9
DESANTO-SHINAWI SYNDROME; DESSH__39dfc617,DESANTO-SHINAWI SYNDROME; DESSH,141,DESANTO-SHINAWI SYNDROME; DESSH,141
PRIMROSE SYNDROME; PRIMS__93a5aedc,PRIMROSE SYNDROME; PRIMS,41,PRIMROSE SYNDROME; PRIMS,41
Van Maldergem syndrome__306683cb,Van Maldergem syndrome,511,Van Maldergem syndrome,511
Hennekam lymphangiectasia-lymphedema syndrome__97a48fb8,Hennekam lymphangiectasia-lymphedema syndrome,155,Hennekam lymphangiectasia-lymphedema syndrome,155
HELSMOORTEL-VAN DER AA SYNDROME; HVDAS__93d27023,HELSMOORTEL-VAN DER AA SYNDROME; HVDAS,17,HELSMOORTEL-VAN DER AA SYNDROME; HVDAS,17
"NEURODEVELOPMENTAL DISORDER WITH HYPOTONIA, FACIAL DYSMORPHISM, AND BRAIN ABNORMALITIES; NEDHFBA__51753bfe","NEURODEVELOPMENTAL DISORDER WITH HYPOTONIA, FACIAL DYSMORPHISM, AND BRAIN ABNORMALITIES; NEDHFBA",328,"NEURODEVELOPMENTAL DISORDER WITH HYPOTONIA, FACIAL DYSMORPHISM, AND BRAIN ABNORMALITIES; NEDHFBA",328
DEVELOPMENTAL DELAY WITH VARIABLE INTELLECTUAL IMPAIRMENT AND BEHAVIORAL ABNORMALITIES; DDVIBA__62f14118,DEVELOPMENTAL DELAY WITH VARIABLE INTELLECTUAL IMPAIRMENT AND BEHAVIORAL ABNORMALITIES; DDVIBA,117,DEVELOPMENTAL DELAY WITH VARIABLE INTELLECTUAL IMPAIRMENT AND BEHAVIORAL ABNORMALITIES; DDVIBA,117
"CONGENITAL HYPOTONIA, EPILEPSY, DEVELOPMENTAL DELAY, AND DIGITAL ANOMALIES; CHEDDA__6d204179","CONGENITAL HYPOTONIA, EPILEPSY, DEVELOPMENTAL DELAY, AND DIGITAL ANOMALIES; CHEDDA",261,"CONGENITAL HYPOTONIA, EPILEPSY, DEVELOPMENTAL DELAY, AND DIGITAL ANOMALIES; CHEDDA",261
"INTELLECTUAL DEVELOPMENTAL DISORDER, AUTOSOMAL DOMINANT 21; MRD21__641905ad","INTELLECTUAL DEVELOPMENTAL DISORDER, AUTOSOMAL DOMINANT 21; MRD21",90,"INTELLECTUAL DEVELOPMENTAL DISORDER, AUTOSOMAL DOMINANT 21; MRD21",90
CLARK-BARAITSER SYNDROME; CLABARS__7a43248e,CLARK-BARAITSER SYNDROME; CLABARS,69,CLARK-BARAITSER SYNDROME; CLABARS,69
"INTELLECTUAL DEVELOPMENTAL DISORDER WITH MACROCEPHALY, SEIZURES, AND SPEECH DELAY; IDDMSSD__b5c52dae","INTELLECTUAL DEVELOPMENTAL DISORDER WITH MACROCEPHALY, SEIZURES, AND SPEECH DELAY; IDDMSSD",330,"INTELLECTUAL DEVELOPMENTAL DISORDER WITH MACROCEPHALY, SEIZURES, AND SPEECH DELAY; IDDMSSD",330
"CONGENITAL CONTRACTURES OF THE LIMBS AND FACE, HYPOTONIA, AND DEVELOPMENTAL DELAY; CLIFAHDD__a79a9b22","CONGENITAL CONTRACTURES OF THE LIMBS AND FACE, HYPOTONIA, AND DEVELOPMENTAL DELAY; CLIFAHDD",387,"CONGENITAL CONTRACTURES OF THE LIMBS AND FACE, HYPOTONIA, AND DEVELOPMENTAL DELAY; CLIFAHDD",387
WIEDEMANN-STEINER SYNDROME; WDSTS__12a717b2,WIEDEMANN-STEINER SYNDROME; WDSTS,7,WIEDEMANN-STEINER SYNDROME; WDSTS,7
"INTELLECTUAL DEVELOPMENTAL DISORDER, AUTOSOMAL DOMINANT 50, WITH BEHAVIORAL ABNORMALITIES; MRD50__3950766c","INTELLECTUAL DEVELOPMENTAL DISORDER, AUTOSOMAL DOMINANT 50, WITH BEHAVIORAL ABNORMALITIES; MRD50",65,"INTELLECTUAL DEVELOPMENTAL DISORDER, AUTOSOMAL DOMINANT 50, WITH BEHAVIORAL ABNORMALITIES; MRD50",65
Seckel syndrome__470d9540,Seckel syndrome,94,Seckel syndrome,94
Treacher Collins syndrome__0338c5ad,Treacher Collins syndrome,21,Treacher Collins syndrome,21
Linear skin defects with multiple congenital anomalies__46e88bd2,Linear skin defects with multiple congenital anomalies,248,Linear skin defects with multiple congenital anomalies,248
"Leukodystrophy, hypomyelinating__3e3948ce","Leukodystrophy, hypomyelinating",123,"Leukodystrophy, hypomyelinating",123
BURN-MCKEOWN SYNDROME; BMKS__94b306c7,BURN-MCKEOWN SYNDROME; BMKS,167,BURN-MCKEOWN SYNDROME; BMKS,167
MACROCEPHALY_AUTISM SYNDROME__d6794a84,MACROCEPHALY/AUTISM SYNDROME,254,MACROCEPHALY/AUTISM SYNDROME,254
"MENTAL RETARDATION, AUTOSOMAL DOMINANT 57; MRD57__ca726d42","MENTAL RETARDATION, AUTOSOMAL DOMINANT 57; MRD57",47,"MENTAL RETARDATION, AUTOSOMAL DOMINANT 57; MRD57",47
"PREMATURE AGING SYNDROME, PENTTINEN TYPE; PENTT__13a60488","PREMATURE AGING SYNDROME, PENTTINEN TYPE; PENTT",493,"PREMATURE AGING SYNDROME, PENTTINEN TYPE; PENTT",493
"ACROFACIAL DYSOSTOSIS, CINCINNATI TYPE; AFDCIN__df3a03b4","ACROFACIAL DYSOSTOSIS, CINCINNATI TYPE; AFDCIN",432,"ACROFACIAL DYSOSTOSIS, CINCINNATI TYPE; AFDCIN",432
ARBOLEDA-THAM SYNDROME; ARTHS__a6d0bf95,ARBOLEDA-THAM SYNDROME; ARTHS,48,ARBOLEDA-THAM SYNDROME; ARTHS,48
AYME-GRIPP SYNDROME; AYGRP__bfbc8d98,AYME-GRIPP SYNDROME; AYGRP,151,AYME-GRIPP SYNDROME; AYGRP,151
MANDIBULOFACIAL DYSOSTOSIS WITH ALOPECIA; MFDA__baca7ed3,MANDIBULOFACIAL DYSOSTOSIS WITH ALOPECIA; MFDA,352,MANDIBULOFACIAL DYSOSTOSIS WITH ALOPECIA; MFDA,352
IMPAIRED INTELLECTUAL DEVELOPMENT AND DISTINCTIVE FACIAL FEATURES WITH OR WITHOUT CARDIAC DEFECTS; MRFACD__d0ea4e66,IMPAIRED INTELLECTUAL DEVELOPMENT AND DISTINCTIVE FACIAL FEATURES WITH OR WITHOUT CARDIAC DEFECTS; MRFACD,88,IMPAIRED INTELLECTUAL DEVELOPMENT AND DISTINCTIVE FACIAL FEATURES WITH OR WITHOUT CARDIAC DEFECTS; MRFACD,88
"MENTAL RETARDATION, AUTOSOMAL DOMINANT 58; MRD58__a2a4b3aa","MENTAL RETARDATION, AUTOSOMAL DOMINANT 58; MRD58",409,"MENTAL RETARDATION, AUTOSOMAL DOMINANT 58; MRD58",409
AL-RAQAD SYNDROME; ARS__43273be7,AL-RAQAD SYNDROME; ARS,271,AL-RAQAD SYNDROME; ARS,271
TATTON-BROWN-RAHMAN SYNDROME; TBRS__2b9aac0d,TATTON-BROWN-RAHMAN SYNDROME; TBRS,37,TATTON-BROWN-RAHMAN SYNDROME; TBRS,37
WITTEVEEN-KOLK SYNDROME; WITKOS__5fc3555f,WITTEVEEN-KOLK SYNDROME; WITKOS,109,WITTEVEEN-KOLK SYNDROME; WITKOS,109
LARSEN SYNDROME; LRS__daa54e4f,LARSEN SYNDROME; LRS,87,LARSEN SYNDROME; LRS,87
"Microcephaly, primary__00922ad1","Microcephaly, primary",147,"Microcephaly, primary",147
MARSHALL SYNDROME; MRSHS__54ced86e,MARSHALL SYNDROME; MRSHS,197,MARSHALL SYNDROME; MRSHS,197
SAETHRE-CHOTZEN SYNDROME; SCS__287d8e35,SAETHRE-CHOTZEN SYNDROME; SCS,49,SAETHRE-CHOTZEN SYNDROME; SCS,49
"OTOPALATODIGITAL SYNDROME, TYPE II; OPD2__25082ad3","OTOPALATODIGITAL SYNDROME, TYPE II; OPD2",515,"OTOPALATODIGITAL SYNDROME, TYPE II; OPD2",515
Alagille syndrome__0e695d36,Alagille syndrome,15,Alagille syndrome,15
CHARGE SYNDROME__c6048c09,CHARGE SYNDROME,29,CHARGE SYNDROME,29
BRANCHIOOCULOFACIAL SYNDROME; BOFS__df6f21e9,BRANCHIOOCULOFACIAL SYNDROME; BOFS,232,BRANCHIOOCULOFACIAL SYNDROME; BOFS,232
Ectodermal dysplasia (select examples)__b4a56494,Ectodermal dysplasia (select examples),363,Ectodermal dysplasia (select examples),363
CLEIDOCRANIAL DYSPLASIA; CCD__a103618e,CLEIDOCRANIAL DYSPLASIA; CCD,105,CLEIDOCRANIAL DYSPLASIA; CCD,105
Mucopolysaccharidoses__dad2c2d0,Mucopolysaccharidoses,8,Mucopolysaccharidoses,8
NICOLAIDES-BARAITSER SYNDROME; NCBRS__78ac980b,NICOLAIDES-BARAITSER SYNDROME; NCBRS,24,NICOLAIDES-BARAITSER SYNDROME; NCBRS,24
NIJMEGEN BREAKAGE SYNDROME; NBS__9c43478a,NIJMEGEN BREAKAGE SYNDROME; NBS,103,NIJMEGEN BREAKAGE SYNDROME; NBS,103
MOWAT-WILSON SYNDROME; MOWS__1bc115aa,MOWAT-WILSON SYNDROME; MOWS,23,MOWAT-WILSON SYNDROME; MOWS,23
Waardenburg syndrome__9ce6c173,Waardenburg syndrome,144,Waardenburg syndrome,144
BORJESON-FORSSMAN-LEHMANN SYNDROME; BFLS__f4c833d9,BORJESON-FORSSMAN-LEHMANN SYNDROME; BFLS,113,BORJESON-FORSSMAN-LEHMANN SYNDROME; BFLS,113
LIG4 SYNDROME__12dd80e6,LIG4 SYNDROME,128,LIG4 SYNDROME,128
CRANIOFRONTONASAL SYNDROME; CFNS__55d125ba,CRANIOFRONTONASAL SYNDROME; CFNS,40,CRANIOFRONTONASAL SYNDROME; CFNS,40
COSTELLO SYNDROME; CSTLO__b18c56a4,COSTELLO SYNDROME; CSTLO,50,COSTELLO SYNDROME; CSTLO,50
DONNAI-BARROW SYNDROME__4d7ff5bc,DONNAI-BARROW SYNDROME,336,DONNAI-BARROW SYNDROME,336
Urofacial syndrome__ab191038,Urofacial syndrome,439,Urofacial syndrome,439
Craniometaphyseal dysplasia__c3b744f5,Craniometaphyseal dysplasia,548,Craniometaphyseal dysplasia,548
Bardet-Biedl syndrome__0e816837,Bardet-Biedl syndrome,46,Bardet-Biedl syndrome,46
FRAGILE X SYNDROME; FXS__0bf4ba77,FRAGILE X SYNDROME; FXS,39,FRAGILE X SYNDROME; FXS,39
HAJDU-CHENEY SYNDROME; HJCYS__c1b1d1c0,HAJDU-CHENEY SYNDROME; HJCYS,288,HAJDU-CHENEY SYNDROME; HJCYS,288
BOHRING-OPITZ SYNDROME; BOPS__93656394,BOHRING-OPITZ SYNDROME; BOPS,132,BOHRING-OPITZ SYNDROME; BOPS,132
BECKWITH-WIEDEMANN SYNDROME; BWS__3e4601cf,BECKWITH-WIEDEMANN SYNDROME; BWS,34,BECKWITH-WIEDEMANN SYNDROME; BWS,34
APERT SYNDROME__246da1f3,APERT SYNDROME,279,APERT SYNDROME,279
GAPO SYNDROME; GAPOS__50fdd0c7,GAPO SYNDROME; GAPOS,195,GAPO SYNDROME; GAPOS,195
MUCOLIPIDOSIS II ALPHA_BETA__08661f5b,MUCOLIPIDOSIS II ALPHA/BETA,32,MUCOLIPIDOSIS II ALPHA/BETA,32
SHORT SYNDROME__ae39926d,SHORT SYNDROME,274,SHORT SYNDROME,274
Auriculocondylar syndrome__39d99ece,Auriculocondylar syndrome,507,Auriculocondylar syndrome,507
COFFIN-LOWRY SYNDROME; CLS__d63ef1d1,COFFIN-LOWRY SYNDROME; CLS,76,COFFIN-LOWRY SYNDROME; CLS,76
VELOCARDIOFACIAL SYNDROME; VCFS__ef485e45,VELOCARDIOFACIAL SYNDROME; VCFS,465,VELOCARDIOFACIAL SYNDROME; VCFS,465
Trichorhinophalangeal syndrome__c65055aa,Trichorhinophalangeal syndrome,26,Trichorhinophalangeal syndrome,26
LATERAL MENINGOCELE SYNDROME; LMNS__d1805985,LATERAL MENINGOCELE SYNDROME; LMNS,299,LATERAL MENINGOCELE SYNDROME; LMNS,299
Opitz GBBB syndrome__534c3422,Opitz GBBB syndrome,78,Opitz GBBB syndrome,78
COCKAYNE SYNDROME B; CSB__008c9d49,COCKAYNE SYNDROME B; CSB,430,COCKAYNE SYNDROME B; CSB,430
ACHONDROPLASIA; ACH__2f7c3c38,ACHONDROPLASIA; ACH,344,ACHONDROPLASIA; ACH,344
CROUZON SYNDROME__021fccb9,CROUZON SYNDROME,33,CROUZON SYNDROME,33
"SCHWARTZ-JAMPEL SYNDROME, TYPE 1; SJS1__a1de0dc4","SCHWARTZ-JAMPEL SYNDROME, TYPE 1; SJS1",508,"SCHWARTZ-JAMPEL SYNDROME, TYPE 1; SJS1",508
PITT-HOPKINS SYNDROME; PTHS__d527d01d,PITT-HOPKINS SYNDROME; PTHS,16,PITT-HOPKINS SYNDROME; PTHS,16
Focal facial dermal dysplasia__3d651cdf,Focal facial dermal dysplasia,340,Focal facial dermal dysplasia,340
"NEURODEVELOPMENTAL DISORDER WITH IMPAIRED INTELLECTUAL DEVELOPMENT, HYPOTONIA, AND ATAXIA; NEDIDHA__7f194027","NEURODEVELOPMENTAL DISORDER WITH IMPAIRED INTELLECTUAL DEVELOPMENT, HYPOTONIA, AND ATAXIA; NEDIDHA",354,"NEURODEVELOPMENTAL DISORDER WITH IMPAIRED INTELLECTUAL DEVELOPMENT, HYPOTONIA, AND ATAXIA; NEDIDHA",354
"DEVELOPMENTAL DELAY WITH SHORT STATURE, DYSMORPHIC FACIAL FEATURES, AND SPARSE HAIR; DEDSSH__06ac2b4a","DEVELOPMENTAL DELAY WITH SHORT STATURE, DYSMORPHIC FACIAL FEATURES, AND SPARSE HAIR; DEDSSH",346,"DEVELOPMENTAL DELAY WITH SHORT STATURE, DYSMORPHIC FACIAL FEATURES, AND SPARSE HAIR; DEDSSH",346
"SPASTIC PARAPLEGIA, INTELLECTUAL DISABILITY, NYSTAGMUS, AND OBESITY; SINO__9d7c4bc3","SPASTIC PARAPLEGIA, INTELLECTUAL DISABILITY, NYSTAGMUS, AND OBESITY; SINO",500,"SPASTIC PARAPLEGIA, INTELLECTUAL DISABILITY, NYSTAGMUS, AND OBESITY; SINO",500
CHUNG-JANSEN SYNDROME; CHUJANS__0001ca13,CHUNG-JANSEN SYNDROME; CHUJANS,44,CHUNG-JANSEN SYNDROME; CHUJANS,44
BAINBRIDGE-ROPERS SYNDROME; BRPS__dbbc187d,BAINBRIDGE-ROPERS SYNDROME; BRPS,70,BAINBRIDGE-ROPERS SYNDROME; BRPS,70
NEURODEVELOPMENTAL DISORDER WITH SPEECH IMPAIRMENT AND DYSMORPHIC FACIES; NEDSID__7a46feed,NEURODEVELOPMENTAL DISORDER WITH SPEECH IMPAIRMENT AND DYSMORPHIC FACIES; NEDSID,175,NEURODEVELOPMENTAL DISORDER WITH SPEECH IMPAIRMENT AND DYSMORPHIC FACIES; NEDSID,175
SHPRINTZEN-GOLDBERG CRANIOSYNOSTOSIS SYNDROME; SGS__24611c2f,SHPRINTZEN-GOLDBERG CRANIOSYNOSTOSIS SYNDROME; SGS,308,SHPRINTZEN-GOLDBERG CRANIOSYNOSTOSIS SYNDROME; SGS,308
CHITAYAT SYNDROME; CHYTS__4d9ce288,CHITAYAT SYNDROME; CHYTS,367,CHITAYAT SYNDROME; CHYTS,367
"GLOBAL DEVELOPMENTAL DELAY, ABSENT OR HYPOPLASTIC CORPUS CALLOSUM, AND DYSMORPHIC FACIES; GDACCF__e5243c57","GLOBAL DEVELOPMENTAL DELAY, ABSENT OR HYPOPLASTIC CORPUS CALLOSUM, AND DYSMORPHIC FACIES; GDACCF",469,"GLOBAL DEVELOPMENTAL DELAY, ABSENT OR HYPOPLASTIC CORPUS CALLOSUM, AND DYSMORPHIC FACIES; GDACCF",469
"NEURODEVELOPMENTAL DISORDER WITH HYPOTONIA, SEIZURES, AND ABSENT LANGUAGE; NDHSAL__0599b171","NEURODEVELOPMENTAL DISORDER WITH HYPOTONIA, SEIZURES, AND ABSENT LANGUAGE; NDHSAL",305,"NEURODEVELOPMENTAL DISORDER WITH HYPOTONIA, SEIZURES, AND ABSENT LANGUAGE; NDHSAL",305
"FACIAL DYSMORPHISM, HYPERTRICHOSIS, EPILEPSY, INTELLECTUAL_DEVELOPMENTAL DELAY, AND GINGIVAL OVERGROWTH SYNDROME; FHEIG__fdc86ce3","FACIAL DYSMORPHISM, HYPERTRICHOSIS, EPILEPSY, INTELLECTUAL/DEVELOPMENTAL DELAY, AND GINGIVAL OVERGROWTH SYNDROME; FHEIG",475,"FACIAL DYSMORPHISM, HYPERTRICHOSIS, EPILEPSY, INTELLECTUAL/DEVELOPMENTAL DELAY, AND GINGIVAL OVERGROWTH SYNDROME; FHEIG",475
"CLEFT PALATE, CARDIAC DEFECTS, AND MENTAL RETARDATION; CPCMR__7f765b74","CLEFT PALATE, CARDIAC DEFECTS, AND MENTAL RETARDATION; CPCMR",157,"CLEFT PALATE, CARDIAC DEFECTS, AND MENTAL RETARDATION; CPCMR",157
BARTSOCAS-PAPAS SYNDROME 1; BPS1__712537d8,BARTSOCAS-PAPAS SYNDROME 1; BPS1,494,BARTSOCAS-PAPAS SYNDROME 1; BPS1,494
ABLEPHARON-MACROSTOMIA SYNDROME; AMS__0ee470df,ABLEPHARON-MACROSTOMIA SYNDROME; AMS,443,ABLEPHARON-MACROSTOMIA SYNDROME; AMS,443
PIERPONT SYNDROME; PRPTS__59c08023,PIERPONT SYNDROME; PRPTS,211,PIERPONT SYNDROME; PRPTS,211
"CEREBELLAR, OCULAR, CRANIOFACIAL, AND GENITAL SYNDROME; COFG__4e0ec9d8","CEREBELLAR, OCULAR, CRANIOFACIAL, AND GENITAL SYNDROME; COFG",228,"CEREBELLAR, OCULAR, CRANIOFACIAL, AND GENITAL SYNDROME; COFG",228
"INTELLECTUAL DEVELOPMENTAL DISORDER, X-LINKED, SYNDROMIC 34; MRXS34__58aea021","INTELLECTUAL DEVELOPMENTAL DISORDER, X-LINKED, SYNDROMIC 34; MRXS34",284,"INTELLECTUAL DEVELOPMENTAL DISORDER, X-LINKED, SYNDROMIC 34; MRXS34",284
NEURODEVELOPMENTAL DISORDER WITH CENTRAL AND PERIPHERAL MOTOR DYSFUNCTION; NEDCPMD__6cc55f46,NEURODEVELOPMENTAL DISORDER WITH CENTRAL AND PERIPHERAL MOTOR DYSFUNCTION; NEDCPMD,464,NEURODEVELOPMENTAL DISORDER WITH CENTRAL AND PERIPHERAL MOTOR DYSFUNCTION; NEDCPMD,464
Kenny-Caffey syndrome__6452232a,Kenny-Caffey syndrome,524,Kenny-Caffey syndrome,524
Long QT syndrome__72e8008b,Long QT syndrome,259,Long QT syndrome,259
Acrodysostosis__49084ba7,Acrodysostosis,481,Acrodysostosis,481
Arthrogryposis multiplex congenita__57fe8c74,Arthrogryposis multiplex congenita,423,Arthrogryposis multiplex congenita,423
KEIPERT SYNDROME; KPTS__ec74a8be,KEIPERT SYNDROME; KPTS,303,KEIPERT SYNDROME; KPTS,303
"INTELLECTUAL DEVELOPMENTAL DISORDER, X-LINKED, SYNDROMIC, HACKMANN-DI DONATO TYPE; MRXSHD__ee7855d1","INTELLECTUAL DEVELOPMENTAL DISORDER, X-LINKED, SYNDROMIC, HACKMANN-DI DONATO TYPE; MRXSHD",246,"INTELLECTUAL DEVELOPMENTAL DISORDER, X-LINKED, SYNDROMIC, HACKMANN-DI DONATO TYPE; MRXSHD",246
CSNK1G1__957ac5ab,CSNK1G1,449,CSNK1G1,449
"OHDO SYNDROME, X-LINKED; OHDOX__e6da3690","OHDO SYNDROME, X-LINKED; OHDOX",314,"OHDO SYNDROME, X-LINKED; OHDOX",314
"INTELLECTUAL DEVELOPMENTAL DISORDER, X-LINKED, SYNDROMIC, CLAES-JENSEN TYPE; MRXSCJ__83e6e388","INTELLECTUAL DEVELOPMENTAL DISORDER, X-LINKED, SYNDROMIC, CLAES-JENSEN TYPE; MRXSCJ",247,"INTELLECTUAL DEVELOPMENTAL DISORDER, X-LINKED, SYNDROMIC, CLAES-JENSEN TYPE; MRXSCJ",247
MEGALENCEPHALY-CAPILLARY MALFORMATION-POLYMICROGYRIA SYNDROME; MCAP__b25f16a6,MEGALENCEPHALY-CAPILLARY MALFORMATION-POLYMICROGYRIA SYNDROME; MCAP,158,MEGALENCEPHALY-CAPILLARY MALFORMATION-POLYMICROGYRIA SYNDROME; MCAP,158
ALAZAMI SYNDROME; ALAZS__ee8c5ef2,ALAZAMI SYNDROME; ALAZS,266,ALAZAMI SYNDROME; ALAZS,266
SCHUURS-HOEIJMAKERS SYNDROME; SHMS__b6fc8f8b,SCHUURS-HOEIJMAKERS SYNDROME; SHMS,85,SCHUURS-HOEIJMAKERS SYNDROME; SHMS,85
CANTU SYNDROME__a133f1e1,CANTU SYNDROME,77,CANTU SYNDROME,77
TOLCHIN-LE CAIGNEC SYNDROME; TOLCAS__5f2e7f8a,TOLCHIN-LE CAIGNEC SYNDROME; TOLCAS,257,TOLCHIN-LE CAIGNEC SYNDROME; TOLCAS,257
"NEURODEVELOPMENTAL DISORDER WITH HYPOTONIA, MICROCEPHALY, AND SEIZURES; NEDHYMS__e1bfb9ed","NEURODEVELOPMENTAL DISORDER WITH HYPOTONIA, MICROCEPHALY, AND SEIZURES; NEDHYMS",520,"NEURODEVELOPMENTAL DISORDER WITH HYPOTONIA, MICROCEPHALY, AND SEIZURES; NEDHYMS",520
SANDESTIG-STEFANOVA SYNDROME; SANDSTEF__90de5492,SANDESTIG-STEFANOVA SYNDROME; SANDSTEF,234,SANDESTIG-STEFANOVA SYNDROME; SANDSTEF,234
"NEURODEVELOPMENTAL DISORDER WITH HYPOTONIA, NEONATAL RESPIRATORY INSUFFICIENCY, AND THERMODYSREGULATION; NEDHRIT__1cd8909a","NEURODEVELOPMENTAL DISORDER WITH HYPOTONIA, NEONATAL RESPIRATORY INSUFFICIENCY, AND THERMODYSREGULATION; NEDHRIT",393,"NEURODEVELOPMENTAL DISORDER WITH HYPOTONIA, NEONATAL RESPIRATORY INSUFFICIENCY, AND THERMODYSREGULATION; NEDHRIT",393
"NABAIS SA-DE VRIES SYNDROME, TYPE 1; NSDVS1__b94f159f","NABAIS SA-DE VRIES SYNDROME, TYPE 1; NSDVS1",519,"NABAIS SA-DE VRIES SYNDROME, TYPE 1; NSDVS1",519
"NABAIS SA-DE VRIES SYNDROME, TYPE 2; NSDVS2__a61c568e","NABAIS SA-DE VRIES SYNDROME, TYPE 2; NSDVS2",374,"NABAIS SA-DE VRIES SYNDROME, TYPE 2; NSDVS2",374
"DEVELOPMENTAL DELAY, IMPAIRED GROWTH, DYSMORPHIC FACIES, AND AXONAL NEUROPATHY; DIGFAN__d5e92d52","DEVELOPMENTAL DELAY, IMPAIRED GROWTH, DYSMORPHIC FACIES, AND AXONAL NEUROPATHY; DIGFAN",183,"DEVELOPMENTAL DELAY, IMPAIRED GROWTH, DYSMORPHIC FACIES, AND AXONAL NEUROPATHY; DIGFAN",183
Pontocerebellar hypoplasia__3965ecc3,Pontocerebellar hypoplasia,162,Pontocerebellar hypoplasia,162
"DEAFNESS, DYSTONIA, AND CEREBRAL HYPOMYELINATION; DDCH__54824d45","DEAFNESS, DYSTONIA, AND CEREBRAL HYPOMYELINATION; DDCH",551,"DEAFNESS, DYSTONIA, AND CEREBRAL HYPOMYELINATION; DDCH",551
DEVELOPMENTAL AND EPILEPTIC ENCEPHALOPATHY 76; DEE76__2757d70b,DEVELOPMENTAL AND EPILEPTIC ENCEPHALOPATHY 76; DEE76,335,DEVELOPMENTAL AND EPILEPTIC ENCEPHALOPATHY 76; DEE76,335
INTELLECTUAL DEVELOPMENTAL DISORDER WITH SEVERE SPEECH AND AMBULATION DEFECTS; IDDSSAD__daa3e749,INTELLECTUAL DEVELOPMENTAL DISORDER WITH SEVERE SPEECH AND AMBULATION DEFECTS; IDDSSAD,272,INTELLECTUAL DEVELOPMENTAL DISORDER WITH SEVERE SPEECH AND AMBULATION DEFECTS; IDDSSAD,272
Multiple congenital anomalies-hypotonia-seizures syndrome__8d671c88,Multiple congenital anomalies-hypotonia-seizures syndrome,56,Multiple congenital anomalies-hypotonia-seizures syndrome,56
SCAF4__368b9191,SCAF4,323,SCAF4,323
"MICROCEPHALY WITH OR WITHOUT CHORIORETINOPATHY, LYMPHEDEMA, OR MENTAL RETARDATION; MCLMR__5be44a5b","MICROCEPHALY WITH OR WITHOUT CHORIORETINOPATHY, LYMPHEDEMA, OR MENTAL RETARDATION; MCLMR",215,"MICROCEPHALY WITH OR WITHOUT CHORIORETINOPATHY, LYMPHEDEMA, OR MENTAL RETARDATION; MCLMR",215
STRUCTURAL BRAIN ANOMALIES WITH IMPAIRED INTELLECTUAL DEVELOPMENT AND CRANIOSYNOSTOSIS; BAIDCS__9bb1be86,STRUCTURAL BRAIN ANOMALIES WITH IMPAIRED INTELLECTUAL DEVELOPMENT AND CRANIOSYNOSTOSIS; BAIDCS,282,STRUCTURAL BRAIN ANOMALIES WITH IMPAIRED INTELLECTUAL DEVELOPMENT AND CRANIOSYNOSTOSIS; BAIDCS,282
LI-CAMPEAU SYNDROME; LICAS__4d180bb7,LI-CAMPEAU SYNDROME; LICAS,324,LI-CAMPEAU SYNDROME; LICAS,324
BRUNET-WAGNER NEURODEVELOPMENTAL SYNDROME; BRUWAG__0dc824b9,BRUNET-WAGNER NEURODEVELOPMENTAL SYNDROME; BRUWAG,322,BRUNET-WAGNER NEURODEVELOPMENTAL SYNDROME; BRUWAG,322
NEURODEVELOPMENTAL DISORDER AND LANGUAGE DELAY WITH OR WITHOUT STRUCTURAL BRAIN ABNORMALITIES; NEDLBA__62ca776f,NEURODEVELOPMENTAL DISORDER AND LANGUAGE DELAY WITH OR WITHOUT STRUCTURAL BRAIN ABNORMALITIES; NEDLBA,267,NEURODEVELOPMENTAL DISORDER AND LANGUAGE DELAY WITH OR WITHOUT STRUCTURAL BRAIN ABNORMALITIES; NEDLBA,267
Tuberous sclerosis__e3cfa39d,Tuberous sclerosis,331,Tuberous sclerosis,331
CHANARIN-DORFMAN SYNDROME; CDS__5924088d,CHANARIN-DORFMAN SYNDROME; CDS,373,CHANARIN-DORFMAN SYNDROME; CDS,373
WEAVER SYNDROME; WVS__7c74ac9e,WEAVER SYNDROME; WVS,102,WEAVER SYNDROME; WVS,102
Fanconi anemia__82309df0,Fanconi anemia,570,Fanconi anemia,570
RENPENNING SYNDROME 1; RENS1__2310d1fa,RENPENNING SYNDROME 1; RENS1,84,RENPENNING SYNDROME 1; RENS1,84
STANKIEWICZ-ISIDOR SYNDROME; STISS__496fc6fe,STANKIEWICZ-ISIDOR SYNDROME; STISS,348,STANKIEWICZ-ISIDOR SYNDROME; STISS,348
"Arthrogryposis, renal dysfunction, and cholestasis__c609e7a9","Arthrogryposis, renal dysfunction, and cholestasis",488,"Arthrogryposis, renal dysfunction, and cholestasis",488
"Myopathy, centronuclear__ef188f60","Myopathy, centronuclear",310,"Myopathy, centronuclear",310
"Cardiomyopathy, familial hypertrophic__8cd12214","Cardiomyopathy, familial hypertrophic",459,"Cardiomyopathy, familial hypertrophic",459
"BLEPHAROPHIMOSIS, PTOSIS, AND EPICANTHUS INVERSUS; BPES__1f4558cc","BLEPHAROPHIMOSIS, PTOSIS, AND EPICANTHUS INVERSUS; BPES",79,"BLEPHAROPHIMOSIS, PTOSIS, AND EPICANTHUS INVERSUS; BPES",79
"INTELLECTUAL DEVELOPMENTAL DISORDER, AUTOSOMAL DOMINANT 53; MRD53__fb585755","INTELLECTUAL DEVELOPMENTAL DISORDER, AUTOSOMAL DOMINANT 53; MRD53",394,"INTELLECTUAL DEVELOPMENTAL DISORDER, AUTOSOMAL DOMINANT 53; MRD53",394
"MENTAL RETARDATION, AUTOSOMAL DOMINANT 54; MRD54__b075f83b","MENTAL RETARDATION, AUTOSOMAL DOMINANT 54; MRD54",313,"MENTAL RETARDATION, AUTOSOMAL DOMINANT 54; MRD54",313
"INTELLECTUAL DEVELOPMENTAL DISORDER, AUTOSOMAL DOMINANT 59; MRD59__f1b3798d","INTELLECTUAL DEVELOPMENTAL DISORDER, AUTOSOMAL DOMINANT 59; MRD59",550,"INTELLECTUAL DEVELOPMENTAL DISORDER, AUTOSOMAL DOMINANT 59; MRD59",550
BOSMA ARHINIA MICROPHTHALMIA SYNDROME; BAMS__91c02067,BOSMA ARHINIA MICROPHTHALMIA SYNDROME; BAMS,172,BOSMA ARHINIA MICROPHTHALMIA SYNDROME; BAMS,172
Silver-Russell syndrome__7aea26cd,Silver-Russell syndrome,273,Silver-Russell syndrome,273
"INTELLECTUAL DEVELOPMENTAL DISORDER, X-LINKED, SYNDROMIC, CABEZAS TYPE; MRXSC__7e00eb09","INTELLECTUAL DEVELOPMENTAL DISORDER, X-LINKED, SYNDROMIC, CABEZAS TYPE; MRXSC",81,"INTELLECTUAL DEVELOPMENTAL DISORDER, X-LINKED, SYNDROMIC, CABEZAS TYPE; MRXSC",81
"INTELLECTUAL DEVELOPMENTAL DISORDER, X-LINKED, SYNDROMIC, NASCIMENTO TYPE; MRXSN__de6bcf04","INTELLECTUAL DEVELOPMENTAL DISORDER, X-LINKED, SYNDROMIC, NASCIMENTO TYPE; MRXSN",182,"INTELLECTUAL DEVELOPMENTAL DISORDER, X-LINKED, SYNDROMIC, NASCIMENTO TYPE; MRXSN",182
TRICHOHEPATONEURODEVELOPMENTAL SYNDROME; THNS__ca2e27f5,TRICHOHEPATONEURODEVELOPMENTAL SYNDROME; THNS,378,TRICHOHEPATONEURODEVELOPMENTAL SYNDROME; THNS,378
NEUROOCULOCARDIOGENITOURINARY SYNDROME; NOCGUS__4ca82618,NEUROOCULOCARDIOGENITOURINARY SYNDROME; NOCGUS,263,NEUROOCULOCARDIOGENITOURINARY SYNDROME; NOCGUS,263
3-Methylglutaconic aciduria__fae4ed41,3-Methylglutaconic aciduria,218,3-Methylglutaconic aciduria,218
"INTELLECTUAL DEVELOPMENTAL DISORDER WITH AUTISTIC FEATURES AND LANGUAGE DELAY, WITH OR WITHOUT SEIZURES; IDDALDS__35255618","INTELLECTUAL DEVELOPMENTAL DISORDER WITH AUTISTIC FEATURES AND LANGUAGE DELAY, WITH OR WITHOUT SEIZURES; IDDALDS",262,"INTELLECTUAL DEVELOPMENTAL DISORDER WITH AUTISTIC FEATURES AND LANGUAGE DELAY, WITH OR WITHOUT SEIZURES; IDDALDS",262
"ECTODERMAL DYSPLASIA WITH FACIAL DYSMORPHISM AND ACRAL, OCULAR, AND BRAIN ANOMALIES; EDFAOB__f5e2a501","ECTODERMAL DYSPLASIA WITH FACIAL DYSMORPHISM AND ACRAL, OCULAR, AND BRAIN ANOMALIES; EDFAOB",290,"ECTODERMAL DYSPLASIA WITH FACIAL DYSMORPHISM AND ACRAL, OCULAR, AND BRAIN ANOMALIES; EDFAOB",290
CEBALID SYNDROME; CEBALID__922186ad,CEBALID SYNDROME; CEBALID,93,CEBALID SYNDROME; CEBALID,93
NIZON-ISIDOR SYNDROME; NIZIDS__d32ad35d,NIZON-ISIDOR SYNDROME; NIZIDS,421,NIZON-ISIDOR SYNDROME; NIZIDS,421
OPITZ-KAVEGGIA SYNDROME; OKS__1a308d58,OPITZ-KAVEGGIA SYNDROME; OKS,214,OPITZ-KAVEGGIA SYNDROME; OKS,214
GNAI1__65585e29,GNAI1,193,GNAI1,193
NEURODEVELOPMENTAL DISORDER WITH BRAIN ANOMALIES AND WITH OR WITHOUT VERTEBRAL OR CARDIAC ANOMALIES; NEDBAVC__f9c001dd,NEURODEVELOPMENTAL DISORDER WITH BRAIN ANOMALIES AND WITH OR WITHOUT VERTEBRAL OR CARDIAC ANOMALIES; NEDBAVC,434,NEURODEVELOPMENTAL DISORDER WITH BRAIN ANOMALIES AND WITH OR WITHOUT VERTEBRAL OR CARDIAC ANOMALIES; NEDBAVC,434
OGDEN SYNDROME; OGDNS__32400320,OGDEN SYNDROME; OGDNS,11,OGDEN SYNDROME; OGDNS,11
DEVELOPMENTAL AND EPILEPTIC ENCEPHALOPATHY 13; DEE13__c586aa7a,DEVELOPMENTAL AND EPILEPTIC ENCEPHALOPATHY 13; DEE13,559,DEVELOPMENTAL AND EPILEPTIC ENCEPHALOPATHY 13; DEE13,559
MCCUNE-ALBRIGHT SYNDROME; MAS__473d9355,MCCUNE-ALBRIGHT SYNDROME; MAS,386,MCCUNE-ALBRIGHT SYNDROME; MAS,386
SIN3B__fe787741,SIN3B,484,SIN3B,484
"SPASTIC PARAPLEGIA 50, AUTOSOMAL RECESSIVE; SPG50__f879b2ca","SPASTIC PARAPLEGIA 50, AUTOSOMAL RECESSIVE; SPG50",400,"SPASTIC PARAPLEGIA 50, AUTOSOMAL RECESSIVE; SPG50",400
Cerebral creatine deficiency syndrome__1c5c44f4,Cerebral creatine deficiency syndrome,555,Cerebral creatine deficiency syndrome,555
Teebi hypertelorism syndrome__2ef765f6,Teebi hypertelorism syndrome,148,Teebi hypertelorism syndrome,148
"INTELLECTUAL DEVELOPMENTAL DISORDER WITH DYSMORPHIC FACIES, SEIZURES, AND DISTAL LIMB ANOMALIES; IDDFSDA__879295cb","INTELLECTUAL DEVELOPMENTAL DISORDER WITH DYSMORPHIC FACIES, SEIZURES, AND DISTAL LIMB ANOMALIES; IDDFSDA",200,"INTELLECTUAL DEVELOPMENTAL DISORDER WITH DYSMORPHIC FACIES, SEIZURES, AND DISTAL LIMB ANOMALIES; IDDFSDA",200
RETT SYNDROME; RTT__796e1ab7,RETT SYNDROME; RTT,134,RETT SYNDROME; RTT,134
LEOPARD syndrome__e157501a,LEOPARD syndrome,361,LEOPARD syndrome,361
"INTELLECTUAL DEVELOPMENTAL DISORDER, X-LINKED, SYNDROMIC, LUBS TYPE; MRXSL__c65e4e12","INTELLECTUAL DEVELOPMENTAL DISORDER, X-LINKED, SYNDROMIC, LUBS TYPE; MRXSL",51,"INTELLECTUAL DEVELOPMENTAL DISORDER, X-LINKED, SYNDROMIC, LUBS TYPE; MRXSL",51
BIRK-BAREL SYNDROME; BIBARS__c009054c,BIRK-BAREL SYNDROME; BIBARS,327,BIRK-BAREL SYNDROME; BIBARS,327
Stickler syndrome__b5106665,Stickler syndrome,98,Stickler syndrome,98
BECK-FAHRNER SYNDROME; BEFAHRS__535246fd,BECK-FAHRNER SYNDROME; BEFAHRS,237,BECK-FAHRNER SYNDROME; BEFAHRS,237
"SIMPSON-GOLABI-BEHMEL SYNDROME, TYPE 1; SGBS1__95724a7b","SIMPSON-GOLABI-BEHMEL SYNDROME, TYPE 1; SGBS1",68,"SIMPSON-GOLABI-BEHMEL SYNDROME, TYPE 1; SGBS1",68
MARBACH-RUSTAD PROGEROID SYNDROME; MARUPS__0ece02ad,MARBACH-RUSTAD PROGEROID SYNDROME; MARUPS,535,MARBACH-RUSTAD PROGEROID SYNDROME; MARUPS,535
"INTELLECTUAL DEVELOPMENTAL DISORDER, AUTOSOMAL RECESSIVE 67; MRT67__af5e3839","INTELLECTUAL DEVELOPMENTAL DISORDER, AUTOSOMAL RECESSIVE 67; MRT67",280,"INTELLECTUAL DEVELOPMENTAL DISORDER, AUTOSOMAL RECESSIVE 67; MRT67",280
SPINOCEREBELLAR ATAXIA 26; SCA26__5d7a2127,SPINOCEREBELLAR ATAXIA 26; SCA26,518,SPINOCEREBELLAR ATAXIA 26; SCA26,518
"MULTIPLE CONGENITAL ANOMALIES-NEURODEVELOPMENTAL SYNDROME, X-LINKED; MCAND__52ec68b1","MULTIPLE CONGENITAL ANOMALIES-NEURODEVELOPMENTAL SYNDROME, X-LINKED; MCAND",296,"MULTIPLE CONGENITAL ANOMALIES-NEURODEVELOPMENTAL SYNDROME, X-LINKED; MCAND",296
NEUROFACIOSKELETAL SYNDROME WITH OR WITHOUT RENAL AGENESIS; NFSRA__ff5da6ae,NEUROFACIOSKELETAL SYNDROME WITH OR WITHOUT RENAL AGENESIS; NFSRA,415,NEUROFACIOSKELETAL SYNDROME WITH OR WITHOUT RENAL AGENESIS; NFSRA,415
"INTELLECTUAL DEVELOPMENTAL DISORDER, X-LINKED, SYNDROMIC, ARMFIELD TYPE; MRXSA__36c313f9","INTELLECTUAL DEVELOPMENTAL DISORDER, X-LINKED, SYNDROMIC, ARMFIELD TYPE; MRXSA",286,"INTELLECTUAL DEVELOPMENTAL DISORDER, X-LINKED, SYNDROMIC, ARMFIELD TYPE; MRXSA",286
NEURODEVELOPMENTAL DISORDER WITH OR WITHOUT AUTISTIC FEATURES AND_OR STRUCTURAL BRAIN ABNORMALITIES; NEDASB__5eb18dd7,NEURODEVELOPMENTAL DISORDER WITH OR WITHOUT AUTISTIC FEATURES AND/OR STRUCTURAL BRAIN ABNORMALITIES; NEDASB,417,NEURODEVELOPMENTAL DISORDER WITH OR WITHOUT AUTISTIC FEATURES AND/OR STRUCTURAL BRAIN ABNORMALITIES; NEDASB,417
"NEURODEVELOPMENTAL DISORDER WITH HYPOTONIA AND CEREBELLAR ATROPHY, WITH OR WITHOUT SEIZURES; NEDHCAS__6d1cb7e7","NEURODEVELOPMENTAL DISORDER WITH HYPOTONIA AND CEREBELLAR ATROPHY, WITH OR WITHOUT SEIZURES; NEDHCAS",446,"NEURODEVELOPMENTAL DISORDER WITH HYPOTONIA AND CEREBELLAR ATROPHY, WITH OR WITHOUT SEIZURES; NEDHCAS",446
DEVELOPMENTAL AND EPILEPTIC ENCEPHALOPATHY 83; DEE83__a0ff7a62,DEVELOPMENTAL AND EPILEPTIC ENCEPHALOPATHY 83; DEE83,253,DEVELOPMENTAL AND EPILEPTIC ENCEPHALOPATHY 83; DEE83,253
"SKELETAL DYSPLASIA, MILD, WITH JOINT LAXITY AND ADVANCED BONE AGE; SDJLABA__51c5e5f4","SKELETAL DYSPLASIA, MILD, WITH JOINT LAXITY AND ADVANCED BONE AGE; SDJLABA",485,"SKELETAL DYSPLASIA, MILD, WITH JOINT LAXITY AND ADVANCED BONE AGE; SDJLABA",485
"NEURODEVELOPMENTAL DISORDER WITH EPILEPSY, SPASTICITY, AND BRAIN ATROPHY; NEDESBA__7d1698cc","NEURODEVELOPMENTAL DISORDER WITH EPILEPSY, SPASTICITY, AND BRAIN ATROPHY; NEDESBA",298,"NEURODEVELOPMENTAL DISORDER WITH EPILEPSY, SPASTICITY, AND BRAIN ATROPHY; NEDESBA",298
NEURODEVELOPMENTAL DISORDER AND STRUCTURAL BRAIN ANOMALIES WITH OR WITHOUT SEIZURES AND SPASTICITY; NEDBASS__23c4a335,NEURODEVELOPMENTAL DISORDER AND STRUCTURAL BRAIN ANOMALIES WITH OR WITHOUT SEIZURES AND SPASTICITY; NEDBASS,384,NEURODEVELOPMENTAL DISORDER AND STRUCTURAL BRAIN ANOMALIES WITH OR WITHOUT SEIZURES AND SPASTICITY; NEDBASS,384
"PACHYGYRIA, MICROCEPHALY, DEVELOPMENTAL DELAY, AND DYSMORPHIC FACIES, WITH OR WITHOUT SEIZURES; PAMDDFS__dfd919a5","PACHYGYRIA, MICROCEPHALY, DEVELOPMENTAL DELAY, AND DYSMORPHIC FACIES, WITH OR WITHOUT SEIZURES; PAMDDFS",359,"PACHYGYRIA, MICROCEPHALY, DEVELOPMENTAL DELAY, AND DYSMORPHIC FACIES, WITH OR WITHOUT SEIZURES; PAMDDFS",359
"NEURODEVELOPMENTAL DISORDER WITH MICROCEPHALY, ARTHROGRYPOSIS, AND STRUCTURAL BRAIN ANOMALIES; NEDMABA__384c3e13","NEURODEVELOPMENTAL DISORDER WITH MICROCEPHALY, ARTHROGRYPOSIS, AND STRUCTURAL BRAIN ANOMALIES; NEDMABA",307,"NEURODEVELOPMENTAL DISORDER WITH MICROCEPHALY, ARTHROGRYPOSIS, AND STRUCTURAL BRAIN ANOMALIES; NEDMABA",307
"AGENESIS OF CORPUS CALLOSUM, CARDIAC, OCULAR, AND GENITAL SYNDROME; ACOGS__511292b2","AGENESIS OF CORPUS CALLOSUM, CARDIAC, OCULAR, AND GENITAL SYNDROME; ACOGS",233,"AGENESIS OF CORPUS CALLOSUM, CARDIAC, OCULAR, AND GENITAL SYNDROME; ACOGS",233
NEURODEVELOPMENTAL DISORDER WITH NONSPECIFIC BRAIN ABNORMALITIES AND WITH OR WITHOUT SEIZURES; NEDBAS__f4d141f9,NEURODEVELOPMENTAL DISORDER WITH NONSPECIFIC BRAIN ABNORMALITIES AND WITH OR WITHOUT SEIZURES; NEDBAS,472,NEURODEVELOPMENTAL DISORDER WITH NONSPECIFIC BRAIN ABNORMALITIES AND WITH OR WITHOUT SEIZURES; NEDBAS,472
"NEURODEVELOPMENTAL, JAW, EYE, AND DIGITAL SYNDROME; NEDJED__6279375d","NEURODEVELOPMENTAL, JAW, EYE, AND DIGITAL SYNDROME; NEDJED",379,"NEURODEVELOPMENTAL, JAW, EYE, AND DIGITAL SYNDROME; NEDJED",379
NEURODEVELOPMENTAL DISORDER WITH HYPOTONIA AND AUTISTIC FEATURES WITH OR WITHOUT HYPERKINETIC MOVEMENTS; NEDHAHM__a9ed43f1,NEURODEVELOPMENTAL DISORDER WITH HYPOTONIA AND AUTISTIC FEATURES WITH OR WITHOUT HYPERKINETIC MOVEMENTS; NEDHAHM,306,NEURODEVELOPMENTAL DISORDER WITH HYPOTONIA AND AUTISTIC FEATURES WITH OR WITHOUT HYPERKINETIC MOVEMENTS; NEDHAHM,306
"SPONDYLOEPIMETAPHYSEAL DYSPLASIA, SPONASTRIME TYPE; SEMDSP__7d8f0bec","SPONDYLOEPIMETAPHYSEAL DYSPLASIA, SPONASTRIME TYPE; SEMDSP",433,"SPONDYLOEPIMETAPHYSEAL DYSPLASIA, SPONASTRIME TYPE; SEMDSP",433
NEURODEVELOPMENTAL DISORDER WITH SEIZURES AND SPEECH AND WALKING IMPAIRMENT; NEDSSWI__b78ddcce,NEURODEVELOPMENTAL DISORDER WITH SEIZURES AND SPEECH AND WALKING IMPAIRMENT; NEDSSWI,408,NEURODEVELOPMENTAL DISORDER WITH SEIZURES AND SPEECH AND WALKING IMPAIRMENT; NEDSSWI,408
Trichothiodystrophy__ad7c58c6,Trichothiodystrophy,364,Trichothiodystrophy,364
BEAULIEU-BOYCOTT-INNES SYNDROME; BBIS__e1210636,BEAULIEU-BOYCOTT-INNES SYNDROME; BBIS,240,BEAULIEU-BOYCOTT-INNES SYNDROME; BBIS,240
CULLER-JONES SYNDROME; CJS__14633d92,CULLER-JONES SYNDROME; CJS,450,CULLER-JONES SYNDROME; CJS,450
"NEURODEVELOPMENTAL DISORDER WITH CATARACTS, POOR GROWTH, AND DYSMORPHIC FACIES; NDCAGF__b521eab1","NEURODEVELOPMENTAL DISORDER WITH CATARACTS, POOR GROWTH, AND DYSMORPHIC FACIES; NDCAGF",572,"NEURODEVELOPMENTAL DISORDER WITH CATARACTS, POOR GROWTH, AND DYSMORPHIC FACIES; NDCAGF",572
ALSTROM SYNDROME; ALMS__ed7a4d89,ALSTROM SYNDROME; ALMS,178,ALSTROM SYNDROME; ALMS,178
Three M syndrome__7b34cefc,Three M syndrome,160,Three M syndrome,160
SCHINZEL-GIEDION MIDFACE RETRACTION SYNDROME__ccd82c43,SCHINZEL-GIEDION MIDFACE RETRACTION SYNDROME,320,SCHINZEL-GIEDION MIDFACE RETRACTION SYNDROME,320
"SHORT STATURE, OLIGODONTIA, DYSMORPHIC FACIES, AND MOTOR DELAY; SOFM__8692a2b6","SHORT STATURE, OLIGODONTIA, DYSMORPHIC FACIES, AND MOTOR DELAY; SOFM",422,"SHORT STATURE, OLIGODONTIA, DYSMORPHIC FACIES, AND MOTOR DELAY; SOFM",422
Ehlers-Danlos syndrome__26e9618d,Ehlers-Danlos syndrome,97,Ehlers-Danlos syndrome,97
"INTELLECTUAL DEVELOPMENTAL DISORDER, AUTOSOMAL RECESSIVE 5; MRT5__20bd5ad4","INTELLECTUAL DEVELOPMENTAL DISORDER, AUTOSOMAL RECESSIVE 5; MRT5",544,"INTELLECTUAL DEVELOPMENTAL DISORDER, AUTOSOMAL RECESSIVE 5; MRT5",544
Mitochondrial DNA depletion syndrome__476fb708,Mitochondrial DNA depletion syndrome,425,Mitochondrial DNA depletion syndrome,425
CARDIOSPONDYLOCARPOFACIAL SYNDROME; CSCF__09e041a7,CARDIOSPONDYLOCARPOFACIAL SYNDROME; CSCF,405,CARDIOSPONDYLOCARPOFACIAL SYNDROME; CSCF,405
STEEL SYNDROME; STLS__f4e3c1f7,STEEL SYNDROME; STLS,416,STEEL SYNDROME; STLS,416
"SHORT STATURE, ONYCHODYSPLASIA, FACIAL DYSMORPHISM, AND HYPOTRICHOSIS; SOFT__71dae9cd","SHORT STATURE, ONYCHODYSPLASIA, FACIAL DYSMORPHISM, AND HYPOTRICHOSIS; SOFT",210,"SHORT STATURE, ONYCHODYSPLASIA, FACIAL DYSMORPHISM, AND HYPOTRICHOSIS; SOFT",210
"SPINOCEREBELLAR ATAXIA 42, EARLY-ONSET, SEVERE, WITH NEURODEVELOPMENTAL DEFICITS; SCA42ND__672012d2","SPINOCEREBELLAR ATAXIA 42, EARLY-ONSET, SEVERE, WITH NEURODEVELOPMENTAL DEFICITS; SCA42ND",302,"SPINOCEREBELLAR ATAXIA 42, EARLY-ONSET, SEVERE, WITH NEURODEVELOPMENTAL DEFICITS; SCA42ND",302
DEVELOPMENTAL AND EPILEPTIC ENCEPHALOPATHY 18; DEE18__061e4bd8,DEVELOPMENTAL AND EPILEPTIC ENCEPHALOPATHY 18; DEE18,561,DEVELOPMENTAL AND EPILEPTIC ENCEPHALOPATHY 18; DEE18,561
"FACIAL DYSMORPHISM, LENS DISLOCATION, ANTERIOR SEGMENT ABNORMALITIES, AND SPONTANEOUS FILTERING BLEBS; FDLAB__eda27202","FACIAL DYSMORPHISM, LENS DISLOCATION, ANTERIOR SEGMENT ABNORMALITIES, AND SPONTANEOUS FILTERING BLEBS; FDLAB",579,"FACIAL DYSMORPHISM, LENS DISLOCATION, ANTERIOR SEGMENT ABNORMALITIES, AND SPONTANEOUS FILTERING BLEBS; FDLAB",579
ALZAHRANI-KUWAHARA SYNDROME; ALKUS__cb4191a1,ALZAHRANI-KUWAHARA SYNDROME; ALKUS,256,ALZAHRANI-KUWAHARA SYNDROME; ALKUS,256
ANTLEY-BIXLER SYNDROME WITH GENITAL ANOMALIES AND DISORDERED STEROIDOGENESIS; ABS1__8dd54a3a,ANTLEY-BIXLER SYNDROME WITH GENITAL ANOMALIES AND DISORDERED STEROIDOGENESIS; ABS1,496,ANTLEY-BIXLER SYNDROME WITH GENITAL ANOMALIES AND DISORDERED STEROIDOGENESIS; ABS1,496
GAND SYNDROME; GAND__99b4d765,GAND SYNDROME; GAND,186,GAND SYNDROME; GAND,186
FRANK-TER HAAR SYNDROME; FTHS__a8d3e9dd,FRANK-TER HAAR SYNDROME; FTHS,376,FRANK-TER HAAR SYNDROME; FTHS,376
MYHRE SYNDROME; MYHRS__9c537410,MYHRE SYNDROME; MYHRS,74,MYHRE SYNDROME; MYHRS,74
"SHORT STATURE, IMPAIRED INTELLECTUAL DEVELOPMENT, MICROCEPHALY, HYPOTONIA, AND OCULAR ANOMALIES; SIMHA__16778791","SHORT STATURE, IMPAIRED INTELLECTUAL DEVELOPMENT, MICROCEPHALY, HYPOTONIA, AND OCULAR ANOMALIES; SIMHA",315,"SHORT STATURE, IMPAIRED INTELLECTUAL DEVELOPMENT, MICROCEPHALY, HYPOTONIA, AND OCULAR ANOMALIES; SIMHA",315
Cold-induced sweating syndrome__948f48b8,Cold-induced sweating syndrome,159,Cold-induced sweating syndrome,159
WOLF-HIRSCHHORN SYNDROME; WHS__f94cc3ea,WOLF-HIRSCHHORN SYNDROME; WHS,209,WOLF-HIRSCHHORN SYNDROME; WHS,209
"INTELLECTUAL DISABILITY-HYPOTONIC FACIES SYNDROME, X-LINKED, 1; MRXHF1__cb4aa3c4","INTELLECTUAL DISABILITY-HYPOTONIC FACIES SYNDROME, X-LINKED, 1; MRXHF1",389,"INTELLECTUAL DISABILITY-HYPOTONIC FACIES SYNDROME, X-LINKED, 1; MRXHF1",389
COHEN SYNDROME; COH1__982d7c55,COHEN SYNDROME; COH1,100,COHEN SYNDROME; COH1,100
SNIJDERS BLOK-CAMPEAU SYNDROME; SNIBCPS__6ce67b1f,SNIJDERS BLOK-CAMPEAU SYNDROME; SNIBCPS,152,SNIJDERS BLOK-CAMPEAU SYNDROME; SNIBCPS,152
GABRIELE-DE VRIES SYNDROME; GADEVS__a91f692b,GABRIELE-DE VRIES SYNDROME; GADEVS,565,GABRIELE-DE VRIES SYNDROME; GADEVS,565
MACS SYNDROME__beebe5bf,MACS SYNDROME,353,MACS SYNDROME,353
FAM20B__3298e12f,FAM20B,575,FAM20B,575
PAGANINI-MIOZZO SYNDROME; MRXSPM__22ba51ae,PAGANINI-MIOZZO SYNDROME; MRXSPM,503,PAGANINI-MIOZZO SYNDROME; MRXSPM,503
NEURODEVELOPMENTAL DISORDER WITH MICROCEPHALY AND STRUCTURAL BRAIN ANOMALIES; NEDMIBA__d6ac6893,NEURODEVELOPMENTAL DISORDER WITH MICROCEPHALY AND STRUCTURAL BRAIN ANOMALIES; NEDMIBA,463,NEURODEVELOPMENTAL DISORDER WITH MICROCEPHALY AND STRUCTURAL BRAIN ANOMALIES; NEDMIBA,463
OCULOSKELETODENTAL SYNDROME; OCSKD__6bbe87b5,OCULOSKELETODENTAL SYNDROME; OCSKD,431,OCULOSKELETODENTAL SYNDROME; OCSKD,431
"INTELLECTUAL DEVELOPMENTAL DISORDER, AUTOSOMAL RECESSIVE 39; MRT39__317e738d","INTELLECTUAL DEVELOPMENTAL DISORDER, AUTOSOMAL RECESSIVE 39; MRT39",534,"INTELLECTUAL DEVELOPMENTAL DISORDER, AUTOSOMAL RECESSIVE 39; MRT39",534
"GONADAL DYSGENESIS, DYSMORPHIC FACIES, RETINAL DYSTROPHY, AND MYOPATHY; GDRM__b78493e0","GONADAL DYSGENESIS, DYSMORPHIC FACIES, RETINAL DYSTROPHY, AND MYOPATHY; GDRM",360,"GONADAL DYSGENESIS, DYSMORPHIC FACIES, RETINAL DYSTROPHY, AND MYOPATHY; GDRM",360
"SEIZURES, SCOLIOSIS, AND MACROCEPHALY_MICROCEPHALY SYNDROME; SSMS__d33ffac8","SEIZURES, SCOLIOSIS, AND MACROCEPHALY/MICROCEPHALY SYNDROME; SSMS",509,"SEIZURES, SCOLIOSIS, AND MACROCEPHALY/MICROCEPHALY SYNDROME; SSMS",509
HEART AND BRAIN MALFORMATION SYNDROME; HBMS__7f6df58a,HEART AND BRAIN MALFORMATION SYNDROME; HBMS,260,HEART AND BRAIN MALFORMATION SYNDROME; HBMS,260
"MULTIPLE PTERYGIUM SYNDROME, ESCOBAR VARIANT; EVMPS__f7e24667","MULTIPLE PTERYGIUM SYNDROME, ESCOBAR VARIANT; EVMPS",542,"MULTIPLE PTERYGIUM SYNDROME, ESCOBAR VARIANT; EVMPS",542
COHEN-GIBSON SYNDROME; COGIS__28c37e1f,COHEN-GIBSON SYNDROME; COGIS,316,COHEN-GIBSON SYNDROME; COGIS,316
RAFIQ SYNDROME; RAFQS__70008cea,RAFIQ SYNDROME; RAFQS,460,RAFIQ SYNDROME; RAFQS,460
"INTELLECTUAL DEVELOPMENTAL DISORDER WITH SHORT STATURE, FACIAL ANOMALIES, AND SPEECH DEFECTS; IDDSFAS__9366bcad","INTELLECTUAL DEVELOPMENTAL DISORDER WITH SHORT STATURE, FACIAL ANOMALIES, AND SPEECH DEFECTS; IDDSFAS",347,"INTELLECTUAL DEVELOPMENTAL DISORDER WITH SHORT STATURE, FACIAL ANOMALIES, AND SPEECH DEFECTS; IDDSFAS",347
"MANDIBULOFACIAL DYSOSTOSIS, GUION-ALMEIDA TYPE; MFDGA__e6c924d6","MANDIBULOFACIAL DYSOSTOSIS, GUION-ALMEIDA TYPE; MFDGA",150,"MANDIBULOFACIAL DYSOSTOSIS, GUION-ALMEIDA TYPE; MFDGA",150
YWHAZ__b7724749,YWHAZ,349,YWHAZ,349
FAUNDES-BANKA SYNDROME; FABAS__e1ab88ff,FAUNDES-BANKA SYNDROME; FABAS,351,FAUNDES-BANKA SYNDROME; FABAS,351
FLOATING-HARBOR SYNDROME; FLHS__04847afa,FLOATING-HARBOR SYNDROME; FLHS,19,FLOATING-HARBOR SYNDROME; FLHS,19
"MYASTHENIC SYNDROME, CONGENITAL, 19; CMS19__5f2506e0","MYASTHENIC SYNDROME, CONGENITAL, 19; CMS19",429,"MYASTHENIC SYNDROME, CONGENITAL, 19; CMS19",429
KAUFMAN OCULOCEREBROFACIAL SYNDROME; KOS__f879521f,KAUFMAN OCULOCEREBROFACIAL SYNDROME; KOS,111,KAUFMAN OCULOCEREBROFACIAL SYNDROME; KOS,111
SULEIMAN-EL-HATTAB SYNDROME; SULEHS__c812c083,SULEIMAN-EL-HATTAB SYNDROME; SULEHS,395,SULEIMAN-EL-HATTAB SYNDROME; SULEHS,395
"INTELLECTUAL DEVELOPMENTAL DISORDER, X-LINKED 93; XLID93__fca47eb0","INTELLECTUAL DEVELOPMENTAL DISORDER, X-LINKED 93; XLID93",135,"INTELLECTUAL DEVELOPMENTAL DISORDER, X-LINKED 93; XLID93",135
HYPOPARATHYROIDISM-RETARDATION-DYSMORPHISM SYNDROME; HRDS__0c3b430c,HYPOPARATHYROIDISM-RETARDATION-DYSMORPHISM SYNDROME; HRDS,206,HYPOPARATHYROIDISM-RETARDATION-DYSMORPHISM SYNDROME; HRDS,206
Desbuquois dysplasia__6192a45e,Desbuquois dysplasia,428,Desbuquois dysplasia,428
Craniosynostosis__14868c16,Craniosynostosis,238,Craniosynostosis,238
"OHDO SYNDROME, SBBYS VARIANT; SBBYSS__0420737d","OHDO SYNDROME, SBBYS VARIANT; SBBYSS",38,"OHDO SYNDROME, SBBYS VARIANT; SBBYSS",38
DEVELOPMENTAL AND EPILEPTIC ENCEPHALOPATHY 95; DEE95__f74b3f48,DEVELOPMENTAL AND EPILEPTIC ENCEPHALOPATHY 95; DEE95,398,DEVELOPMENTAL AND EPILEPTIC ENCEPHALOPATHY 95; DEE95,398
LAMB-SHAFFER SYNDROME; LAMSHF__40c227d3,LAMB-SHAFFER SYNDROME; LAMSHF,300,LAMB-SHAFFER SYNDROME; LAMSHF,300
"INTELLECTUAL DEVELOPMENTAL DISORDER, X-LINKED 98; XLID98__fb2b6b21","INTELLECTUAL DEVELOPMENTAL DISORDER, X-LINKED 98; XLID98",549,"INTELLECTUAL DEVELOPMENTAL DISORDER, X-LINKED 98; XLID98",549
SIX2__e58517dc,SIX2,278,SIX2,278
"INTELLECTUAL DEVELOPMENTAL DISORDER, X-LINKED, SYNDROMIC, RAYMOND TYPE; MRXSR__d1f80503","INTELLECTUAL DEVELOPMENTAL DISORDER, X-LINKED, SYNDROMIC, RAYMOND TYPE; MRXSR",281,"INTELLECTUAL DEVELOPMENTAL DISORDER, X-LINKED, SYNDROMIC, RAYMOND TYPE; MRXSR",281
Otofaciocervical syndrome__42db2f9a,Otofaciocervical syndrome,506,Otofaciocervical syndrome,506
"ALACRIMA, ACHALASIA, AND MENTAL RETARDATION SYNDROME; AAMR__6384cf75","ALACRIMA, ACHALASIA, AND MENTAL RETARDATION SYNDROME; AAMR",510,"ALACRIMA, ACHALASIA, AND MENTAL RETARDATION SYNDROME; AAMR",510
MICROCEPHALY-CAPILLARY MALFORMATION SYNDROME; MICCAP__f822b08f,MICROCEPHALY-CAPILLARY MALFORMATION SYNDROME; MICCAP,419,MICROCEPHALY-CAPILLARY MALFORMATION SYNDROME; MICCAP,419
"SPASTIC PARAPLEGIA 47, AUTOSOMAL RECESSIVE; SPG47__4fc297cf","SPASTIC PARAPLEGIA 47, AUTOSOMAL RECESSIVE; SPG47",451,"SPASTIC PARAPLEGIA 47, AUTOSOMAL RECESSIVE; SPG47",451
RAUCH-STEINDL SYNDROME; RAUST__26c31f00,RAUCH-STEINDL SYNDROME; RAUST,146,RAUCH-STEINDL SYNDROME; RAUST,146
Galloway-Mowat syndrome__ca7a8a42,Galloway-Mowat syndrome,174,Galloway-Mowat syndrome,174
"FACIAL PALSY, CONGENITAL, WITH PTOSIS AND VELOPHARYNGEAL DYSFUNCTION; FPVEPD__b7893387","FACIAL PALSY, CONGENITAL, WITH PTOSIS AND VELOPHARYNGEAL DYSFUNCTION; FPVEPD",196,"FACIAL PALSY, CONGENITAL, WITH PTOSIS AND VELOPHARYNGEAL DYSFUNCTION; FPVEPD",196
NANCE-HORAN SYNDROME; NHS__fbc32100,NANCE-HORAN SYNDROME; NHS,407,NANCE-HORAN SYNDROME; NHS,407
"Facial paresis, hereditary congenital__9cf26d12","Facial paresis, hereditary congenital",341,"Facial paresis, hereditary congenital",341
"CORPUS CALLOSUM, AGENESIS OF, WITH FACIAL ANOMALIES AND ROBIN SEQUENCE__cc3a1bc4","CORPUS CALLOSUM, AGENESIS OF, WITH FACIAL ANOMALIES AND ROBIN SEQUENCE",467,"CORPUS CALLOSUM, AGENESIS OF, WITH FACIAL ANOMALIES AND ROBIN SEQUENCE",467
"OTOPALATODIGITAL SYNDROME, TYPE I; OPD1__bf48aeee","OTOPALATODIGITAL SYNDROME, TYPE I; OPD1",213,"OTOPALATODIGITAL SYNDROME, TYPE I; OPD1",213
MOEBIUS SYNDROME; MBS__78b15e27,MOEBIUS SYNDROME; MBS,156,MOEBIUS SYNDROME; MBS,156
BARBER-SAY SYNDROME; BBRSAY__de7d9aea,BARBER-SAY SYNDROME; BBRSAY,326,BARBER-SAY SYNDROME; BBRSAY,326
Lissencephaly__08b4a0fa,Lissencephaly,530,Lissencephaly,530
"Central hypoventilation syndrome, congenital__7067945c","Central hypoventilation syndrome, congenital",560,"Central hypoventilation syndrome, congenital",560
EMANUEL SYNDROME__5bc03619,EMANUEL SYNDROME,577,EMANUEL SYNDROME,577
WARSAW BREAKAGE SYNDROME; WABS__7918ac00,WARSAW BREAKAGE SYNDROME; WABS,513,WARSAW BREAKAGE SYNDROME; WABS,513
Trichohepatoenteric syndrome__355e14a3,Trichohepatoenteric syndrome,136,Trichohepatoenteric syndrome,136
LACRIMOAURICULODENTODIGITAL SYNDROME; LADD__864b134f,LACRIMOAURICULODENTODIGITAL SYNDROME; LADD,525,LACRIMOAURICULODENTODIGITAL SYNDROME; LADD,525
"PINEAL HYPERPLASIA, INSULIN-RESISTANT DIABETES MELLITUS, AND SOMATIC ABNORMALITIES__4f470373","PINEAL HYPERPLASIA, INSULIN-RESISTANT DIABETES MELLITUS, AND SOMATIC ABNORMALITIES",499,"PINEAL HYPERPLASIA, INSULIN-RESISTANT DIABETES MELLITUS, AND SOMATIC ABNORMALITIES",499
VAN DER WOUDE SYNDROME 1; VWS1__93efcd11,VAN DER WOUDE SYNDROME 1; VWS1,329,VAN DER WOUDE SYNDROME 1; VWS1,329
"MYOPATHY, CONGENITAL, BAILEY-BLOCH; MYPBB__d8939ac9","MYOPATHY, CONGENITAL, BAILEY-BLOCH; MYPBB",427,"MYOPATHY, CONGENITAL, BAILEY-BLOCH; MYPBB",427
"SHORT STATURE, BRACHYDACTYLY, IMPAIRED INTELLECTUAL DEVELOPMENT, AND SEIZURES; SBIDDS__9c15138e","SHORT STATURE, BRACHYDACTYLY, IMPAIRED INTELLECTUAL DEVELOPMENT, AND SEIZURES; SBIDDS",317,"SHORT STATURE, BRACHYDACTYLY, IMPAIRED INTELLECTUAL DEVELOPMENT, AND SEIZURES; SBIDDS",317
CEREBELLOFACIODENTAL SYNDROME; CFDS__2870c0ef,CEREBELLOFACIODENTAL SYNDROME; CFDS,236,CEREBELLOFACIODENTAL SYNDROME; CFDS,236
"CHARCOT-MARIE-TOOTH DISEASE, TYPE 4B3; CMT4B3__5647be72","CHARCOT-MARIE-TOOTH DISEASE, TYPE 4B3; CMT4B3",483,"CHARCOT-MARIE-TOOTH DISEASE, TYPE 4B3; CMT4B3",483
ACTL6A__eb14bc3f,ACTL6A,411,ACTL6A,411
"INTELLECTUAL DEVELOPMENTAL DISORDER, AUTOSOMAL DOMINANT 23; MRD23__f7b673c7","INTELLECTUAL DEVELOPMENTAL DISORDER, AUTOSOMAL DOMINANT 23; MRD23",154,"INTELLECTUAL DEVELOPMENTAL DISORDER, AUTOSOMAL DOMINANT 23; MRD23",154
DEVELOPMENTAL AND EPILEPTIC ENCEPHALOPATHY 54; DEE54__72f20d8d,DEVELOPMENTAL AND EPILEPTIC ENCEPHALOPATHY 54; DEE54,531,DEVELOPMENTAL AND EPILEPTIC ENCEPHALOPATHY 54; DEE54,531
"CONGENITAL ANOMALIES OF KIDNEY AND URINARY TRACT SYNDROME WITH OR WITHOUT HEARING LOSS, ABNORMAL EARS, OR DEVELOPMENTAL __2a467a80","CONGENITAL ANOMALIES OF KIDNEY AND URINARY TRACT SYNDROME WITH OR WITHOUT HEARING LOSS, ABNORMAL EARS, OR DEVELOPMENTAL DELAY; CAKUTHED",404,"CONGENITAL ANOMALIES OF KIDNEY AND URINARY TRACT SYNDROME WITH OR WITHOUT HEARING LOSS, ABNORMAL EARS, OR DEVELOPMENTAL DELAY; CAKUTHED",404
JANSEN-DE VRIES SYNDROME; JDVS__7a3a4326,JANSEN-DE VRIES SYNDROME; JDVS,242,JANSEN-DE VRIES SYNDROME; JDVS,242
Infantile liver failure syndrome__5df372d4,Infantile liver failure syndrome,556,Infantile liver failure syndrome,556
JOHANSON-BLIZZARD SYNDROME; JBS__25d28c27,JOHANSON-BLIZZARD SYNDROME; JBS,166,JOHANSON-BLIZZARD SYNDROME; JBS,166
"Epilepsy, progressive myoclonic__8ea1d5e1","Epilepsy, progressive myoclonic",477,"Epilepsy, progressive myoclonic",477
NEURODEVELOPMENTAL DISORDER WITH HYPOTONIA AND DYSMORPHIC FACIES; NEDHYDF__08d35e43,NEURODEVELOPMENTAL DISORDER WITH HYPOTONIA AND DYSMORPHIC FACIES; NEDHYDF,440,NEURODEVELOPMENTAL DISORDER WITH HYPOTONIA AND DYSMORPHIC FACIES; NEDHYDF,440
Mandibuloacral dysplasia with lipodystrophy__0a88630f,Mandibuloacral dysplasia with lipodystrophy,426,Mandibuloacral dysplasia with lipodystrophy,426
"NEURODEVELOPMENTAL DISORDER WITH HYPOTONIA, STEREOTYPIC HAND MOVEMENTS, AND IMPAIRED LANGUAGE; NEDHSIL__f8805041","NEURODEVELOPMENTAL DISORDER WITH HYPOTONIA, STEREOTYPIC HAND MOVEMENTS, AND IMPAIRED LANGUAGE; NEDHSIL",362,"NEURODEVELOPMENTAL DISORDER WITH HYPOTONIA, STEREOTYPIC HAND MOVEMENTS, AND IMPAIRED LANGUAGE; NEDHSIL",362
MARFANOID-PROGEROID-LIPODYSTROPHY SYNDROME; MFLS__e82eee1d,MARFANOID-PROGEROID-LIPODYSTROPHY SYNDROME; MFLS,438,MARFANOID-PROGEROID-LIPODYSTROPHY SYNDROME; MFLS,438
"MACROCEPHALY, DYSMORPHIC FACIES, AND PSYCHOMOTOR RETARDATION; MDFPMR__4e186a0f","MACROCEPHALY, DYSMORPHIC FACIES, AND PSYCHOMOTOR RETARDATION; MDFPMR",533,"MACROCEPHALY, DYSMORPHIC FACIES, AND PSYCHOMOTOR RETARDATION; MDFPMR",533
CURRARINO SYNDROME__418ce1ec,CURRARINO SYNDROME,453,CURRARINO SYNDROME,453
"MICROCEPHALIC OSTEODYSPLASTIC PRIMORDIAL DWARFISM, TYPE I; MOPD1__750138dc","MICROCEPHALIC OSTEODYSPLASTIC PRIMORDIAL DWARFISM, TYPE I; MOPD1",381,"MICROCEPHALIC OSTEODYSPLASTIC PRIMORDIAL DWARFISM, TYPE I; MOPD1",381
"DIABETES MELLITUS, NEONATAL, WITH CONGENITAL HYPOTHYROIDISM; NDH__f97a6ff0","DIABETES MELLITUS, NEONATAL, WITH CONGENITAL HYPOTHYROIDISM; NDH",332,"DIABETES MELLITUS, NEONATAL, WITH CONGENITAL HYPOTHYROIDISM; NDH",332
MELNICK-NEEDLES SYNDROME; MNS__a4b6f2bd,MELNICK-NEEDLES SYNDROME; MNS,292,MELNICK-NEEDLES SYNDROME; MNS,292
KAGAMI-OGATA SYNDROME__74aae56d,KAGAMI-OGATA SYNDROME,406,KAGAMI-OGATA SYNDROME,406
MARFAN SYNDROME; MFS__f14dc6ac,MARFAN SYNDROME; MFS,369,MARFAN SYNDROME; MFS,369
DIGEORGE SYNDROME; DGS__9be90297,DIGEORGE SYNDROME; DGS,91,DIGEORGE SYNDROME; DGS,91
GLYCINE ENCEPHALOPATHY WITH NORMAL SERUM GLYCINE__f94484f0,GLYCINE ENCEPHALOPATHY WITH NORMAL SERUM GLYCINE,566,GLYCINE ENCEPHALOPATHY WITH NORMAL SERUM GLYCINE,566
"INTELLECTUAL DEVELOPMENTAL DISORDER, AUTOSOMAL RECESSIVE 13; MRT13__9b31f52c","INTELLECTUAL DEVELOPMENTAL DISORDER, AUTOSOMAL RECESSIVE 13; MRT13",420,"INTELLECTUAL DEVELOPMENTAL DISORDER, AUTOSOMAL RECESSIVE 13; MRT13",420
"INTELLECTUAL DEVELOPMENTAL DISORDER, X-LINKED, SYNDROMIC, LUJAN-FRYNS TYPE; MRXSLF__7eaf3509","INTELLECTUAL DEVELOPMENTAL DISORDER, X-LINKED, SYNDROMIC, LUJAN-FRYNS TYPE; MRXSLF",554,"INTELLECTUAL DEVELOPMENTAL DISORDER, X-LINKED, SYNDROMIC, LUJAN-FRYNS TYPE; MRXSLF",554
PHELAN-MCDERMID SYNDROME; PHMDS__56c03ccc,PHELAN-MCDERMID SYNDROME; PHMDS,208,PHELAN-MCDERMID SYNDROME; PHMDS,208
PITT-HOPKINS-LIKE SYNDROME 1; PTHSL1__46de4f8b,PITT-HOPKINS-LIKE SYNDROME 1; PTHSL1,497,PITT-HOPKINS-LIKE SYNDROME 1; PTHSL1,497
NEURODEVELOPMENTAL DISORDER WITH SPASTIC DIPLEGIA AND VISUAL DEFECTS; NEDSDV__ef12cf11,NEURODEVELOPMENTAL DISORDER WITH SPASTIC DIPLEGIA AND VISUAL DEFECTS; NEDSDV,149,NEURODEVELOPMENTAL DISORDER WITH SPASTIC DIPLEGIA AND VISUAL DEFECTS; NEDSDV,149
DDX23__2f96bd74,DDX23,545,DDX23,545
CK SYNDROME; CKS__8063b5b6,CK SYNDROME; CKS,568,CK SYNDROME; CKS,568
"Mitochondrial complex V (ATP synthase) deficiency, nuclear type__d364ac08","Mitochondrial complex V (ATP synthase) deficiency, nuclear type",372,"Mitochondrial complex V (ATP synthase) deficiency, nuclear type",372
"INTELLECTUAL DEVELOPMENTAL DISORDER, AUTOSOMAL DOMINANT 26; MRD26__8df6e56f","INTELLECTUAL DEVELOPMENTAL DISORDER, AUTOSOMAL DOMINANT 26; MRD26",251,"INTELLECTUAL DEVELOPMENTAL DISORDER, AUTOSOMAL DOMINANT 26; MRD26",251
"SHORT STATURE, MICROCEPHALY, AND ENDOCRINE DYSFUNCTION; SSMED__754f8204","SHORT STATURE, MICROCEPHALY, AND ENDOCRINE DYSFUNCTION; SSMED",436,"SHORT STATURE, MICROCEPHALY, AND ENDOCRINE DYSFUNCTION; SSMED",436
"MICROCEPHALY, GROWTH DEFICIENCY, SEIZURES, AND BRAIN MALFORMATIONS; MIGSB__32d12b6f","MICROCEPHALY, GROWTH DEFICIENCY, SEIZURES, AND BRAIN MALFORMATIONS; MIGSB",538,"MICROCEPHALY, GROWTH DEFICIENCY, SEIZURES, AND BRAIN MALFORMATIONS; MIGSB",538
TONNE-KALSCHEUER SYNDROME; TOKAS__8bd5b15e,TONNE-KALSCHEUER SYNDROME; TOKAS,447,TONNE-KALSCHEUER SYNDROME; TOKAS,447
NABLUS MASK-LIKE FACIAL SYNDROME; NMLFS__f5885ad5,NABLUS MASK-LIKE FACIAL SYNDROME; NMLFS,293,NABLUS MASK-LIKE FACIAL SYNDROME; NMLFS,293
PLXND1__648a4358,PLXND1,468,PLXND1,468
REV3L__9cd868d0,REV3L,452,REV3L,452
"NEUROFIBROMATOSIS, TYPE I; NF1__f75bf71f","NEUROFIBROMATOSIS, TYPE I; NF1",180,"NEUROFIBROMATOSIS, TYPE I; NF1",180
"OTITIS MEDIA, SUSCEPTIBILITY TO; OMS__08bea86e","OTITIS MEDIA, SUSCEPTIBILITY TO; OMS",268,"OTITIS MEDIA, SUSCEPTIBILITY TO; OMS",268
"INTELLECTUAL DEVELOPMENTAL DISORDER, AUTOSOMAL RECESSIVE 7; MRT7__39924a69","INTELLECTUAL DEVELOPMENTAL DISORDER, AUTOSOMAL RECESSIVE 7; MRT7",547,"INTELLECTUAL DEVELOPMENTAL DISORDER, AUTOSOMAL RECESSIVE 7; MRT7",547
BAKER-GORDON SYNDROME; BAGOS__e9d5cfae,BAKER-GORDON SYNDROME; BAGOS,498,BAKER-GORDON SYNDROME; BAGOS,498
CRANIOFACIAL MICROSOMIA; CFM__8a1d2548,CRANIOFACIAL MICROSOMIA; CFM,358,CRANIOFACIAL MICROSOMIA; CFM,358
"INTELLECTUAL DEVELOPMENTAL DISORDER, X-LINKED, SYNDROMIC, SNYDER-ROBINSON TYPE; MRXSSR__aa0fc6e2","INTELLECTUAL DEVELOPMENTAL DISORDER, X-LINKED, SYNDROMIC, SNYDER-ROBINSON TYPE; MRXSSR",239,"INTELLECTUAL DEVELOPMENTAL DISORDER, X-LINKED, SYNDROMIC, SNYDER-ROBINSON TYPE; MRXSSR",239
JAWAD SYNDROME; JWDS__bcffec93,JAWAD SYNDROME; JWDS,558,JAWAD SYNDROME; JWDS,558
ALLAN-HERNDON-DUDLEY SYNDROME; AHDS__ed136682,ALLAN-HERNDON-DUDLEY SYNDROME; AHDS,455,ALLAN-HERNDON-DUDLEY SYNDROME; AHDS,455
"Osteopetrosis, autosomal recessive__f65ee20e","Osteopetrosis, autosomal recessive",382,"Osteopetrosis, autosomal recessive",382
ROBINOW-SORAUF SYNDROME__30b2ec54,ROBINOW-SORAUF SYNDROME,444,ROBINOW-SORAUF SYNDROME,444
SWEENEY-COX SYNDROME; SWCOS__a88874bf,SWEENEY-COX SYNDROME; SWCOS,514,SWEENEY-COX SYNDROME; SWCOS,514
DUANE-RADIAL RAY SYNDROME; DRRS__30bbfa3b,DUANE-RADIAL RAY SYNDROME; DRRS,339,DUANE-RADIAL RAY SYNDROME; DRRS,339
ANGELMAN SYNDROME; AS__471b9572,ANGELMAN SYNDROME; AS,6,ANGELMAN SYNDROME; AS,6
DEVELOPMENTAL AND EPILEPTIC ENCEPHALOPATHY 70; DEE70__d41abf8f,DEVELOPMENTAL AND EPILEPTIC ENCEPHALOPATHY 70; DEE70,521,DEVELOPMENTAL AND EPILEPTIC ENCEPHALOPATHY 70; DEE70,521
FOXA2__a84d40d9,FOXA2,567,FOXA2,567
"INTELLECTUAL DEVELOPMENTAL DISORDER, AUTOSOMAL DOMINANT 38; MRD38__b1564555","INTELLECTUAL DEVELOPMENTAL DISORDER, AUTOSOMAL DOMINANT 38; MRD38",552,"INTELLECTUAL DEVELOPMENTAL DISORDER, AUTOSOMAL DOMINANT 38; MRD38",552
INTELLECTUAL DEVELOPMENTAL DISORDER WITH BEHAVIORAL ABNORMALITIES AND CRANIOFACIAL DYSMORPHISM WITH OR WITHOUT SEIZURES;__c67a79d4,INTELLECTUAL DEVELOPMENTAL DISORDER WITH BEHAVIORAL ABNORMALITIES AND CRANIOFACIAL DYSMORPHISM WITH OR WITHOUT SEIZURES; IDDBCS,540,INTELLECTUAL DEVELOPMENTAL DISORDER WITH BEHAVIORAL ABNORMALITIES AND CRANIOFACIAL DYSMORPHISM WITH OR WITHOUT SEIZURES; IDDBCS,540
"INTELLECTUAL DEVELOPMENTAL DISORDER, X-LINKED, SYNDROMIC, CHRISTIANSON TYPE; MRXSCH__7bb9da0c","INTELLECTUAL DEVELOPMENTAL DISORDER, X-LINKED, SYNDROMIC, CHRISTIANSON TYPE; MRXSCH",543,"INTELLECTUAL DEVELOPMENTAL DISORDER, X-LINKED, SYNDROMIC, CHRISTIANSON TYPE; MRXSCH",543
"CONGENITAL CATARACTS, FACIAL DYSMORPHISM, AND NEUROPATHY; CCFDN__10acfffb","CONGENITAL CATARACTS, FACIAL DYSMORPHISM, AND NEUROPATHY; CCFDN",227,"CONGENITAL CATARACTS, FACIAL DYSMORPHISM, AND NEUROPATHY; CCFDN",227
PROTEUS SYNDROME__63e99fb4,PROTEUS SYNDROME,366,PROTEUS SYNDROME,366
"CRANIOFACIAL DYSMORPHISM, SKELETAL ANOMALIES, AND MENTAL RETARDATION SYNDROME; CFSMR__d608a659","CRANIOFACIAL DYSMORPHISM, SKELETAL ANOMALIES, AND MENTAL RETARDATION SYNDROME; CFSMR",357,"CRANIOFACIAL DYSMORPHISM, SKELETAL ANOMALIES, AND MENTAL RETARDATION SYNDROME; CFSMR",357
PFEIFFER SYNDROME__0d67235b,PFEIFFER SYNDROME,161,PFEIFFER SYNDROME,161
"DEAFNESS, ONYCHODYSTROPHY, OSTEODYSTROPHY, MENTAL RETARDATION, AND SEIZURES SYNDROME; DOORS__55d72104","DEAFNESS, ONYCHODYSTROPHY, OSTEODYSTROPHY, MENTAL RETARDATION, AND SEIZURES SYNDROME; DOORS",391,"DEAFNESS, ONYCHODYSTROPHY, OSTEODYSTROPHY, MENTAL RETARDATION, AND SEIZURES SYNDROME; DOORS",391
SALT AND PEPPER DEVELOPMENTAL REGRESSION SYNDROME; SPDRS__d61199f9,SALT AND PEPPER DEVELOPMENTAL REGRESSION SYNDROME; SPDRS,501,SALT AND PEPPER DEVELOPMENTAL REGRESSION SYNDROME; SPDRS,501
FRIAS SYNDROME__685cd448,FRIAS SYNDROME,569,FRIAS SYNDROME,569
PETTIGREW SYNDROME; PGS__544c4a5f,PETTIGREW SYNDROME; PGS,478,PETTIGREW SYNDROME; PGS,478
VAN DEN ENDE-GUPTA SYNDROME; VDEGS__f9b5ccdc,VAN DEN ENDE-GUPTA SYNDROME; VDEGS,474,VAN DEN ENDE-GUPTA SYNDROME; VDEGS,474
Neu-Laxova syndrome__0041c801,Neu-Laxova syndrome,504,Neu-Laxova syndrome,504
PETERS-PLUS SYNDROME; PTRPLS__55215399,PETERS-PLUS SYNDROME; PTRPLS,321,PETERS-PLUS SYNDROME; PTRPLS,321
FILIPPI SYNDROME; FLPIS__c9be4a0f,FILIPPI SYNDROME; FLPIS,462,FILIPPI SYNDROME; FLPIS,462
IMMUNODEFICIENCY 23; IMD23__d98d765b,IMMUNODEFICIENCY 23; IMD23,337,IMMUNODEFICIENCY 23; IMD23,337
CHROMOSOME 2q37 DELETION SYNDROME__da58b76a,CHROMOSOME 2q37 DELETION SYNDROME,311,CHROMOSOME 2q37 DELETION SYNDROME,311
DEVELOPMENTAL AND EPILEPTIC ENCEPHALOPATHY 2; DEE2__6171adca,DEVELOPMENTAL AND EPILEPTIC ENCEPHALOPATHY 2; DEE2,235,DEVELOPMENTAL AND EPILEPTIC ENCEPHALOPATHY 2; DEE2,235
"DEVELOPMENTAL DELAY, HYPOTONIA, MUSCULOSKELETAL DEFECTS, AND BEHAVIORAL ABNORMALITIES; DEHMBA__5e881bdf","DEVELOPMENTAL DELAY, HYPOTONIA, MUSCULOSKELETAL DEFECTS, AND BEHAVIORAL ABNORMALITIES; DEHMBA",189,"DEVELOPMENTAL DELAY, HYPOTONIA, MUSCULOSKELETAL DEFECTS, AND BEHAVIORAL ABNORMALITIES; DEHMBA",189
GENITOPATELLAR SYNDROME; GTPTS__ff92aaf1,GENITOPATELLAR SYNDROME; GTPTS,130,GENITOPATELLAR SYNDROME; GTPTS,130
PRADER-WILLI SYNDROME; PWS__38702d4d,PRADER-WILLI SYNDROME; PWS,131,PRADER-WILLI SYNDROME; PWS,131
"NEURODEVELOPMENTAL DISORDER WITH OR WITHOUT HYPOTONIA, SEIZURES, AND CEREBELLAR ATROPHY; NEDHSCA__f1d85e9a","NEURODEVELOPMENTAL DISORDER WITH OR WITHOUT HYPOTONIA, SEIZURES, AND CEREBELLAR ATROPHY; NEDHSCA",380,"NEURODEVELOPMENTAL DISORDER WITH OR WITHOUT HYPOTONIA, SEIZURES, AND CEREBELLAR ATROPHY; NEDHSCA",380
Spondylometaphyseal dysplasia__0474ec8e,Spondylometaphyseal dysplasia,502,Spondylometaphyseal dysplasia,502
ATP9A__9b1d8b86,ATP9A,482,ATP9A,482
MENTAL RETARDATION WITH LANGUAGE IMPAIRMENT AND WITH OR WITHOUT AUTISTIC FEATURES__6ecd2ec1,MENTAL RETARDATION WITH LANGUAGE IMPAIRMENT AND WITH OR WITHOUT AUTISTIC FEATURES,383,MENTAL RETARDATION WITH LANGUAGE IMPAIRMENT AND WITH OR WITHOUT AUTISTIC FEATURES,383
Acromesomelic dysplasia__e6b8b46f,Acromesomelic dysplasia,479,Acromesomelic dysplasia,479
LAMB4__1f309599,LAMB4,526,LAMB4,526
DEVELOPMENTAL AND EPILEPTIC ENCEPHALOPATHY 84; DEE84__92ab7337,DEVELOPMENTAL AND EPILEPTIC ENCEPHALOPATHY 84; DEE84,476,DEVELOPMENTAL AND EPILEPTIC ENCEPHALOPATHY 84; DEE84,476
JARID2__2453534d,JARID2,557,JARID2,557
Spastic paraplegia__33f82337,Spastic paraplegia,505,Spastic paraplegia,505
NEURODEVELOPMENTAL DISORDER WITH OR WITHOUT EARLY-ONSET GENERALIZED EPILEPSY; NEDEGE__d73bd326,NEURODEVELOPMENTAL DISORDER WITH OR WITHOUT EARLY-ONSET GENERALIZED EPILEPSY; NEDEGE,414,NEURODEVELOPMENTAL DISORDER WITH OR WITHOUT EARLY-ONSET GENERALIZED EPILEPSY; NEDEGE,414
DEVELOPMENTAL AND EPILEPTIC ENCEPHALOPATHY 7; DEE7__e4bbb232,DEVELOPMENTAL AND EPILEPTIC ENCEPHALOPATHY 7; DEE7,532,DEVELOPMENTAL AND EPILEPTIC ENCEPHALOPATHY 7; DEE7,532
POIRIER-BIENVENU NEURODEVELOPMENTAL SYNDROME; POBINDS__26bb18cc,POIRIER-BIENVENU NEURODEVELOPMENTAL SYNDROME; POBINDS,289,POIRIER-BIENVENU NEURODEVELOPMENTAL SYNDROME; POBINDS,289
Glut1 deficiency syndrome__006d0109,Glut1 deficiency syndrome,562,Glut1 deficiency syndrome,562
Oculocutaneous albinism__94a78bdc,Oculocutaneous albinism,89,Oculocutaneous albinism,89
"INTELLECTUAL DEVELOPMENTAL DISORDER, AUTOSOMAL DOMINANT 5; MRD5__2b4fdd88","INTELLECTUAL DEVELOPMENTAL DISORDER, AUTOSOMAL DOMINANT 5; MRD5",27,"INTELLECTUAL DEVELOPMENTAL DISORDER, AUTOSOMAL DOMINANT 5; MRD5",27
Usher syndrome__d8bd0e2a,Usher syndrome,495,Usher syndrome,495
Hermansky-Pudlak syndrome__e5ac2d1d,Hermansky-Pudlak syndrome,170,Hermansky-Pudlak syndrome,170
GLOBAL DEVELOPMENTAL DELAY WITH SPEECH AND BEHAVIORAL ABNORMALITIES; GDSBA__65900b47,GLOBAL DEVELOPMENTAL DELAY WITH SPEECH AND BEHAVIORAL ABNORMALITIES; GDSBA,355,GLOBAL DEVELOPMENTAL DELAY WITH SPEECH AND BEHAVIORAL ABNORMALITIES; GDSBA,355
CEREBELLAR DYSFUNCTION WITH VARIABLE COGNITIVE AND BEHAVIORAL ABNORMALITIES; CECBA__d98af59c,CEREBELLAR DYSFUNCTION WITH VARIABLE COGNITIVE AND BEHAVIORAL ABNORMALITIES; CECBA,517,CEREBELLAR DYSFUNCTION WITH VARIABLE COGNITIVE AND BEHAVIORAL ABNORMALITIES; CECBA,517
"INTELLECTUAL DEVELOPMENTAL DISORDER, AUTOSOMAL DOMINANT 6, WITH OR WITHOUT SEIZURES; MRD6__9c001fbd","INTELLECTUAL DEVELOPMENTAL DISORDER, AUTOSOMAL DOMINANT 6, WITH OR WITHOUT SEIZURES; MRD6",95,"INTELLECTUAL DEVELOPMENTAL DISORDER, AUTOSOMAL DOMINANT 6, WITH OR WITHOUT SEIZURES; MRD6",95
Methylmalonic aciduria and homocystinuria__9330e6fb,Methylmalonic aciduria and homocystinuria,574,Methylmalonic aciduria and homocystinuria,574
Immunodeficiency-centromeric instability-facial anomalies__6d8ff5a8,Immunodeficiency-centromeric instability-facial anomalies,217,Immunodeficiency-centromeric instability-facial anomalies,217
ATAXIA-TELANGIECTASIA; AT__d9228db4,ATAXIA-TELANGIECTASIA; AT,412,ATAXIA-TELANGIECTASIA; AT,412
TAF4__e136707b,TAF4,283,TAF4,283
ALAZAMI-YUAN SYNDROME; ALYUS__d89cc1a3,ALAZAMI-YUAN SYNDROME; ALYUS,448,ALAZAMI-YUAN SYNDROME; ALYUS,448
FBXW7__cbba0000,FBXW7,112,FBXW7,112
DEVELOPMENTAL DELAY WITH OR WITHOUT INTELLECTUAL IMPAIRMENT OR BEHAVIORAL ABNORMALITIES; DDIB__26eb0a7c,DEVELOPMENTAL DELAY WITH OR WITHOUT INTELLECTUAL IMPAIRMENT OR BEHAVIORAL ABNORMALITIES; DDIB,223,DEVELOPMENTAL DELAY WITH OR WITHOUT INTELLECTUAL IMPAIRMENT OR BEHAVIORAL ABNORMALITIES; DDIB,223
BLEPHAROPHIMOSIS-IMPAIRED INTELLECTUAL DEVELOPMENT SYNDROME; BIS__3ca55639,BLEPHAROPHIMOSIS-IMPAIRED INTELLECTUAL DEVELOPMENT SYNDROME; BIS,163,BLEPHAROPHIMOSIS-IMPAIRED INTELLECTUAL DEVELOPMENT SYNDROME; BIS,163
ASPARAGINE SYNTHETASE DEFICIENCY; ASNSD__cac34c15,ASPARAGINE SYNTHETASE DEFICIENCY; ASNSD,399,ASPARAGINE SYNTHETASE DEFICIENCY; ASNSD,399
DEVELOPMENTAL AND EPILEPTIC ENCEPHALOPATHY 28; DEE28__cda55692,DEVELOPMENTAL AND EPILEPTIC ENCEPHALOPATHY 28; DEE28,165,DEVELOPMENTAL AND EPILEPTIC ENCEPHALOPATHY 28; DEE28,165
CDH8__93c2de42,CDH8,143,CDH8,143
BASAL CELL NEVUS SYNDROME; BCNS__586ba947,BASAL CELL NEVUS SYNDROME; BCNS,490,BASAL CELL NEVUS SYNDROME; BCNS,490
"CHROMOSOME 1p36 DELETION SYNDROME, DISTAL__33a670a2","CHROMOSOME 1p36 DELETION SYNDROME, DISTAL",410,"CHROMOSOME 1p36 DELETION SYNDROME, DISTAL",410
DEVELOPMENTAL AND EPILEPTIC ENCEPHALOPATHY 94; DEE94__b1a1679a,DEVELOPMENTAL AND EPILEPTIC ENCEPHALOPATHY 94; DEE94,285,DEVELOPMENTAL AND EPILEPTIC ENCEPHALOPATHY 94; DEE94,285
DEVELOPMENTAL AND EPILEPTIC ENCEPHALOPATHY 4; DEE4__1d6385dd,DEVELOPMENTAL AND EPILEPTIC ENCEPHALOPATHY 4; DEE4,265,DEVELOPMENTAL AND EPILEPTIC ENCEPHALOPATHY 4; DEE4,265
"NEURODEVELOPMENTAL DISORDER WITH OR WITHOUT HYPERKINETIC MOVEMENTS AND SEIZURES, AUTOSOMAL DOMINANT; NDHMSD__e0c2f543","NEURODEVELOPMENTAL DISORDER WITH OR WITHOUT HYPERKINETIC MOVEMENTS AND SEIZURES, AUTOSOMAL DOMINANT; NDHMSD",153,"NEURODEVELOPMENTAL DISORDER WITH OR WITHOUT HYPERKINETIC MOVEMENTS AND SEIZURES, AUTOSOMAL DOMINANT; NDHMSD",153
"EPILEPSY, FOCAL, WITH SPEECH DISORDER AND WITH OR WITHOUT IMPAIRED INTELLECTUAL DEVELOPMENT; FESD__b455fad8","EPILEPSY, FOCAL, WITH SPEECH DISORDER AND WITH OR WITHOUT IMPAIRED INTELLECTUAL DEVELOPMENT; FESD",287,"EPILEPSY, FOCAL, WITH SPEECH DISORDER AND WITH OR WITHOUT IMPAIRED INTELLECTUAL DEVELOPMENT; FESD",287
SHUKLA-VERNON SYNDROME; SHUVER__6bffd3e6,SHUKLA-VERNON SYNDROME; SHUVER,486,SHUKLA-VERNON SYNDROME; SHUVER,486
DOWN SYNDROME__9402613d,DOWN SYNDROME,101,DOWN SYNDROME,101
"CHROMOSOME 22q11.2 DELETION SYNDROME, DISTAL__191d996d","CHROMOSOME 22q11.2 DELETION SYNDROME, DISTAL",61,"CHROMOSOME 22q11.2 DELETION SYNDROME, DISTAL",61
CONGENITAL HEART DEFECTS AND ECTODERMAL DYSPLASIA; CHDED__8d6102fc,CONGENITAL HEART DEFECTS AND ECTODERMAL DYSPLASIA; CHDED,536,CONGENITAL HEART DEFECTS AND ECTODERMAL DYSPLASIA; CHDED,536
GOMEZ-LOPEZ-HERNANDEZ SYNDROME; GLHS__b3882490,GOMEZ-LOPEZ-HERNANDEZ SYNDROME; GLHS,356,GOMEZ-LOPEZ-HERNANDEZ SYNDROME; GLHS,356
DEVELOPMENTAL AND EPILEPTIC ENCEPHALOPATHY 65; DEE65__d1067454,DEVELOPMENTAL AND EPILEPTIC ENCEPHALOPATHY 65; DEE65,528,DEVELOPMENTAL AND EPILEPTIC ENCEPHALOPATHY 65; DEE65,528
NEURODEVELOPMENTAL DISORDER WITH SEVERE MOTOR IMPAIRMENT AND ABSENT LANGUAGE; NEDMIAL__163528b1,NEURODEVELOPMENTAL DISORDER WITH SEVERE MOTOR IMPAIRMENT AND ABSENT LANGUAGE; NEDMIAL,133,NEURODEVELOPMENTAL DISORDER WITH SEVERE MOTOR IMPAIRMENT AND ABSENT LANGUAGE; NEDMIAL,133
"Muscular dystrophy-dystroglycanopathy, type A__ee5ba88d","Muscular dystrophy-dystroglycanopathy, type A",580,"Muscular dystrophy-dystroglycanopathy, type A",580
CIMDAG SYNDROME; CIMDAG__c83dd446,CIMDAG SYNDROME; CIMDAG,424,CIMDAG SYNDROME; CIMDAG,424
Spondyloepimetaphyseal dysplasia with joint laxity__a8ecd4be,Spondyloepimetaphyseal dysplasia with joint laxity,489,Spondyloepimetaphyseal dysplasia with joint laxity,489
TCEAL1__9a47ca54,TCEAL1,255,TCEAL1,255
RADIO-TARTAGLIA SYNDROME; RATARS__43a2d10f,RADIO-TARTAGLIA SYNDROME; RATARS,457,RADIO-TARTAGLIA SYNDROME; RATARS,457
DEGCAGS SYNDROME; DEGCAGS__8d383ebb,DEGCAGS SYNDROME; DEGCAGS,445,DEGCAGS SYNDROME; DEGCAGS,445
"MANNOSIDOSIS, ALPHA B, LYSOSOMAL; MANSA__fd9c20a9","MANNOSIDOSIS, ALPHA B, LYSOSOMAL; MANSA",108,"MANNOSIDOSIS, ALPHA B, LYSOSOMAL; MANSA",108
GERODERMA OSTEODYSPLASTICUM; GO__d2f7b6e5,GERODERMA OSTEODYSPLASTICUM; GO,173,GERODERMA OSTEODYSPLASTICUM; GO,173
WRINKLY SKIN SYNDROME; WSS__572dbc73,WRINKLY SKIN SYNDROME; WSS,403,WRINKLY SKIN SYNDROME; WSS,403
KDM2B__f01c6c4c,KDM2B,204,KDM2B,204
"SPONDYLOEPIMETAPHYSEAL DYSPLASIA, ISIDOR-TOUTAIN TYPE; SEMDIST__37283aa2","SPONDYLOEPIMETAPHYSEAL DYSPLASIA, ISIDOR-TOUTAIN TYPE; SEMDIST",392,"SPONDYLOEPIMETAPHYSEAL DYSPLASIA, ISIDOR-TOUTAIN TYPE; SEMDIST",392
Griscelli syndrome__eebe07fb,Griscelli syndrome,539,Griscelli syndrome,539
PSMC5__499deb40,PSMC5,169,PSMC5,169
"INTELLECTUAL DEVELOPMENTAL DISORDER WITH NASAL SPEECH, DYSMORPHIC FACIES, AND VARIABLE SKELETAL ANOMALIES; IDNADFS__ba7a9877","INTELLECTUAL DEVELOPMENTAL DISORDER WITH NASAL SPEECH, DYSMORPHIC FACIES, AND VARIABLE SKELETAL ANOMALIES; IDNADFS",553,"INTELLECTUAL DEVELOPMENTAL DISORDER WITH NASAL SPEECH, DYSMORPHIC FACIES, AND VARIABLE SKELETAL ANOMALIES; IDNADFS",553
PPFIA3__7543902b,PPFIA3,442,PPFIA3,442
Diamond-Blackfan anemia__454976d9,Diamond-Blackfan anemia,371,Diamond-Blackfan anemia,371
"Congenital disorders of glycosylation, type II__36f28646","Congenital disorders of glycosylation, type II",388,"Congenital disorders of glycosylation, type II",388
"COGNITIVE FUNCTION 1, SOCIAL; CGF1__59cdb587","COGNITIVE FUNCTION 1, SOCIAL; CGF1",140,"COGNITIVE FUNCTION 1, SOCIAL; CGF1",140
RAHMAN SYNDROME; RMNS__8f57e066,RAHMAN SYNDROME; RMNS,45,RAHMAN SYNDROME; RMNS,45
"NEURODEVELOPMENTAL DISORDER WITH DYSMORPHIC FACIES, IMPAIRED SPEECH, AND HYPOTONIA; NEDDISH__7a96c3df","NEURODEVELOPMENTAL DISORDER WITH DYSMORPHIC FACIES, IMPAIRED SPEECH, AND HYPOTONIA; NEDDISH",241,"NEURODEVELOPMENTAL DISORDER WITH DYSMORPHIC FACIES, IMPAIRED SPEECH, AND HYPOTONIA; NEDDISH",241
H3-3A__c6b632c2,H3-3A,184,H3-3A,184
H3-3B__7c81fade,H3-3B,171,H3-3B,171
SPONDYLOEPIPHYSEAL DYSPLASIA CONGENITA; SEDC__5ef56226,SPONDYLOEPIPHYSEAL DYSPLASIA CONGENITA; SEDC,276,SPONDYLOEPIPHYSEAL DYSPLASIA CONGENITA; SEDC,276
H4C3__b85d8d66,H4C3,304,H4C3,304
H4C5__3d3281db,H4C5,192,H4C5,192
H4C9__2d342103,H4C9,458,H4C9,458
LESSEL-KREIENKAMP SYNDROME; LESKRES__2790b7ef,LESSEL-KREIENKAMP SYNDROME; LESKRES,177,LESSEL-KREIENKAMP SYNDROME; LESKRES,177
CHROMOSOME 18q DELETION SYNDROME__b16f4535,CHROMOSOME 18q DELETION SYNDROME,564,CHROMOSOME 18q DELETION SYNDROME,564
RECQL__f0416151,RECQL,437,RECQL,437
TRPM3__e917fe2e,TRPM3,456,TRPM3,456
NAE1__c162e7d5,NAE1,377,NAE1,377
PGM2L1__92be65c6,PGM2L1,466,PGM2L1,466
ARPC4__780f575d,ARPC4,334,ARPC4,334
FRA10AC1__6118a2d4,FRA10AC1,343,FRA10AC1,343
ZSCAN10__7d9fb978,ZSCAN10,471,ZSCAN10,471
RIDDLE SYNDROME; RIDL__592ca236,RIDDLE SYNDROME; RIDL,491,RIDDLE SYNDROME; RIDL,491
TMEM147__051c779b,TMEM147,138,TMEM147,138
"FACIAL DYSMORPHISM, IMMUNODEFICIENCY, LIVEDO, AND SHORT STATURE; FILS__d72fd173","FACIAL DYSMORPHISM, IMMUNODEFICIENCY, LIVEDO, AND SHORT STATURE; FILS",578,"FACIAL DYSMORPHISM, IMMUNODEFICIENCY, LIVEDO, AND SHORT STATURE; FILS",578
Hyper-IgE recurrent infection syndrome__482f9cfe,Hyper-IgE recurrent infection syndrome,55,Hyper-IgE recurrent infection syndrome,55
DPH5__0b49fde6,DPH5,338,DPH5,338
THUMPD1__a714a9bc,THUMPD1,333,THUMPD1,333
Myotonic dystrophy__a4837143,Myotonic dystrophy,576,Myotonic dystrophy,576
Growth hormone insensitivity syndrome with immune dysregulation__68695b44,Growth hormone insensitivity syndrome with immune dysregulation,365,Growth hormone insensitivity syndrome with immune dysregulation,365
Facioscapulohumeral muscular dystrophy__15b1ad31,Facioscapulohumeral muscular dystrophy,345,Facioscapulohumeral muscular dystrophy,345
INSULIN-LIKE GROWTH FACTOR I DEFICIENCY__673052bc,INSULIN-LIKE GROWTH FACTOR I DEFICIENCY,522,INSULIN-LIKE GROWTH FACTOR I DEFICIENCY,522
LARON SYNDROME__702a7f94,LARON SYNDROME,527,LARON SYNDROME,527
WEISS-KRUSZKA SYNDROME; WSKA__295192ca,WEISS-KRUSZKA SYNDROME; WSKA,92,WEISS-KRUSZKA SYNDROME; WSKA,92
INTELLECTUAL DEVELOPMENTAL DISORDER WITH PERSISTENCE OF FETAL HEMOGLOBIN__553e60cb,INTELLECTUAL DEVELOPMENTAL DISORDER WITH PERSISTENCE OF FETAL HEMOGLOBIN,62,INTELLECTUAL DEVELOPMENTAL DISORDER WITH PERSISTENCE OF FETAL HEMOGLOBIN,62
